method	strategy	coverage	metric	n_independent_units	median	q25	q75
balanced_ot	all_top1	1.0	training_positive_precision	8	0.6888548173893374	0.6104839473230061	0.7765551550051633
balanced_ot	all_top1	1.0	top1	8	0.5172829621594073	0.1410561387413785	0.9967741935483871
balanced_ot	all_top1	1.0	top5	8	0.6905741713391195	0.37215925723877485	1.0
balanced_ot	all_top1	1.0	top10	8	0.7624558852751897	0.4772932360324761	1.0
balanced_ot	all_top1	1.0	mean_reciprocal_rank	8	0.5998416961879763	0.25831050811080514	0.9983870967741935
balanced_ot	all_top1	1.0	median_true_rank	8	5.4	1.0	26.2875
balanced_ot	all_top1	1.0	region_label_accuracy	8	0.8344739938177907	0.7043408235291763	1.0
balanced_ot	all_top1	1.0	true_pair_cosine	8	0.8983944599564375	0.8947761575820321	0.9114558217283827
balanced_ot	identity_no_training	0.0	top1	8	1.0	1.0	1.0
balanced_ot	identity_no_training	0.0	top5	8	1.0	1.0	1.0
balanced_ot	identity_no_training	0.0	top10	8	1.0	1.0	1.0
balanced_ot	identity_no_training	0.0	mean_reciprocal_rank	8	1.0	1.0	1.0
balanced_ot	identity_no_training	0.0	median_true_rank	8	1.0	1.0	1.0
balanced_ot	identity_no_training	0.0	region_label_accuracy	8	1.0	1.0	1.0
balanced_ot	identity_no_training	0.0	true_pair_cosine	8	1.0	0.99900512214342	1.0
balanced_ot	max_probability_gate	0.8	training_positive_precision	8	0.6595739616489437	0.6266343266198066	0.7675565164828637
balanced_ot	max_probability_gate	0.8	top1	8	0.3680849914823334	0.07012782313716652	0.9469756968665456
balanced_ot	max_probability_gate	0.8	top5	8	0.5658654491893389	0.24068916272654794	0.9881563515459683
balanced_ot	max_probability_gate	0.8	top10	8	0.6269870618910416	0.3792833883146751	0.9944015074349217
balanced_ot	max_probability_gate	0.8	mean_reciprocal_rank	8	0.4648098308820262	0.16779153975851435	0.9656453832281321
balanced_ot	max_probability_gate	0.8	median_true_rank	8	9.775	1.0	35.7125
balanced_ot	max_probability_gate	0.8	region_label_accuracy	8	0.8345852285230189	0.6124769706157126	0.9862141395128569
balanced_ot	max_probability_gate	0.8	true_pair_cosine	8	0.8867905023056908	0.8836286251280312	0.8955492653981653
balanced_ot	oracle_truth	0.8	training_positive_precision	8	1.0	1.0	1.0
balanced_ot	oracle_truth	0.8	top1	8	0.7887669508422495	0.25744575278077275	1.0
balanced_ot	oracle_truth	0.8	top5	8	0.8692403756568838	0.518303978913577	1.0
balanced_ot	oracle_truth	0.8	top10	8	0.9022561753352268	0.6540662732121217	1.0
balanced_ot	oracle_truth	0.8	mean_reciprocal_rank	8	0.8297368239747618	0.38175817695915176	1.0
balanced_ot	oracle_truth	0.8	median_true_rank	8	2.025	1.0	10.7
balanced_ot	oracle_truth	0.8	region_label_accuracy	8	0.9216190043201847	0.781615884081557	1.0
balanced_ot	oracle_truth	0.8	true_pair_cosine	8	0.9176755416889832	0.9046356480044301	0.9464228825090817
balanced_ot	random_gate	0.8	training_positive_precision	8	0.6901202742651318	0.6122023729278593	0.7737829604580495
balanced_ot	random_gate	0.8	top1	8	0.3357800163732626	0.07381368373783745	0.9690580573064131
balanced_ot	random_gate	0.8	top5	8	0.5282905460837464	0.2273540440894301	0.994660913689134
balanced_ot	random_gate	0.8	top10	8	0.6186470754182823	0.3111053712644699	0.9981605631660617
balanced_ot	random_gate	0.8	mean_reciprocal_rank	8	0.4309921118994583	0.16456612612127533	0.9803854716819806
balanced_ot	random_gate	0.8	median_true_rank	8	10.350000000000001	1.0	44.057500000000005
balanced_ot	random_gate	0.8	region_label_accuracy	8	0.8374402114258327	0.6048137016304758	0.9918049850157424
balanced_ot	random_gate	0.8	true_pair_cosine	8	0.8873338275006852	0.8852273920574136	0.8940957498848265
balanced_ot	top2_margin_gate	0.8	training_positive_precision	8	0.7994812317405889	0.7277186211175235	0.9102299426028859
balanced_ot	top2_margin_gate	0.8	top1	8	0.5411997962112499	0.12018442067535637	1.0
balanced_ot	top2_margin_gate	0.8	top5	8	0.7163116537412775	0.35984538707671604	1.0
balanced_ot	top2_margin_gate	0.8	top10	8	0.7687300243518045	0.5037455932453317	1.0
balanced_ot	top2_margin_gate	0.8	mean_reciprocal_rank	8	0.6248293797945862	0.2402060261177291	1.0
balanced_ot	top2_margin_gate	0.8	median_true_rank	8	5.700000000000001	1.0	23.975
balanced_ot	top2_margin_gate	0.8	region_label_accuracy	8	0.8396158180669566	0.7057877251002564	1.0
balanced_ot	top2_margin_gate	0.8	true_pair_cosine	8	0.9002239870004153	0.8942673352853134	0.9283463639343403
row_softmax	all_top1	1.0	training_positive_precision	8	0.8566837437978767	0.7980668953177726	0.9215817508148868
row_softmax	all_top1	1.0	top1	8	0.7989241003973757	0.2588624121487719	1.0
row_softmax	all_top1	1.0	top5	8	0.9129182127091617	0.5342862323227164	1.0
row_softmax	all_top1	1.0	top10	8	0.9532737367003883	0.6905119839822368	1.0
row_softmax	all_top1	1.0	mean_reciprocal_rank	8	0.856027430143681	0.38997925133962363	1.0
row_softmax	all_top1	1.0	median_true_rank	8	1.2000000000000002	1.0	8.2125
row_softmax	all_top1	1.0	region_label_accuracy	8	0.860056600116472	0.814224917309718	1.0
row_softmax	all_top1	1.0	true_pair_cosine	8	0.9130101368884864	0.9064694549137045	0.9491929030541958
row_softmax	identity_no_training	0.0	top1	8	1.0	1.0	1.0
row_softmax	identity_no_training	0.0	top5	8	1.0	1.0	1.0
row_softmax	identity_no_training	0.0	top10	8	1.0	1.0	1.0
row_softmax	identity_no_training	0.0	mean_reciprocal_rank	8	1.0	1.0	1.0
row_softmax	identity_no_training	0.0	median_true_rank	8	1.0	1.0	1.0
row_softmax	identity_no_training	0.0	region_label_accuracy	8	1.0	1.0	1.0
row_softmax	identity_no_training	0.0	true_pair_cosine	8	1.0	0.99900512214342	1.0
row_softmax	max_probability_gate	0.8	training_positive_precision	8	0.8601276961392154	0.8001512612127607	0.9394297712681677
row_softmax	max_probability_gate	0.8	top1	8	0.5790846677522792	0.13594731730272264	1.0
row_softmax	max_probability_gate	0.8	top5	8	0.7702755550198441	0.3649822554763409	1.0
row_softmax	max_probability_gate	0.8	top10	8	0.8212191407952861	0.5283726183345236	1.0
row_softmax	max_probability_gate	0.8	mean_reciprocal_rank	8	0.6739317039958415	0.25306779250649075	1.0
row_softmax	max_probability_gate	0.8	median_true_rank	8	3.5999999999999996	1.0	14.0875
row_softmax	max_probability_gate	0.8	region_label_accuracy	8	0.8397129424438362	0.6649435183765192	1.0
row_softmax	max_probability_gate	0.8	true_pair_cosine	8	0.9045768851183016	0.8945880864003697	0.9375829725582514
row_softmax	oracle_truth	0.8	training_positive_precision	8	1.0	1.0	1.0
row_softmax	oracle_truth	0.8	top1	8	0.788013175993709	0.2454972227281795	1.0
row_softmax	oracle_truth	0.8	top5	8	0.8774332379195136	0.5273590172105361	1.0
row_softmax	oracle_truth	0.8	top10	8	0.9054079159745972	0.6445429528573149	1.0
row_softmax	oracle_truth	0.8	mean_reciprocal_rank	8	0.8333214027127636	0.37503229855289194	1.0
row_softmax	oracle_truth	0.8	median_true_rank	8	2.15	1.0	10.275
row_softmax	oracle_truth	0.8	region_label_accuracy	8	0.9228101118009049	0.7770496279999619	1.0
row_softmax	oracle_truth	0.8	true_pair_cosine	8	0.9175487723206743	0.9045711817528292	0.9462042681085486
row_softmax	random_gate	0.8	training_positive_precision	8	0.8576025253757743	0.7988479399429419	0.9206340134606206
row_softmax	random_gate	0.8	top1	8	0.5211187352452996	0.11101106374532893	1.0
row_softmax	random_gate	0.8	top5	8	0.7213225806308239	0.33194634590978755	1.0
row_softmax	random_gate	0.8	top10	8	0.7743973720023001	0.48240799215479757	1.0
row_softmax	random_gate	0.8	mean_reciprocal_rank	8	0.6196055285854551	0.22406662072833938	1.0
row_softmax	random_gate	0.8	median_true_rank	8	5.865	1.0	16.73
row_softmax	random_gate	0.8	region_label_accuracy	8	0.8419608104453193	0.6332657625509913	1.0
row_softmax	random_gate	0.8	true_pair_cosine	8	0.9021196486604098	0.893730947643131	0.930452950950821
row_softmax	top2_margin_gate	0.8	training_positive_precision	8	0.9559113805781997	0.895455205722985	0.9863148418335307
row_softmax	top2_margin_gate	0.8	top1	8	0.8102782040691464	0.208030823957576	1.0
row_softmax	top2_margin_gate	0.8	top5	8	0.9254380264695677	0.4971386858185639	1.0
row_softmax	top2_margin_gate	0.8	top10	8	0.9566254358055577	0.634497147037043	1.0
row_softmax	top2_margin_gate	0.8	mean_reciprocal_rank	8	0.8649261643145939	0.34276573324696574	1.0
row_softmax	top2_margin_gate	0.8	median_true_rank	8	1.15	1.0	10.1375
row_softmax	top2_margin_gate	0.8	region_label_accuracy	8	0.869510781099599	0.8175661903261557	1.0
row_softmax	top2_margin_gate	0.8	true_pair_cosine	8	0.910688126659066	0.9049581544788173	0.9480610781158731
uot	all_top1	1.0	training_positive_precision	8	0.759724343377477	0.7344209116852776	0.8965611316711608
uot	all_top1	1.0	top1	8	0.7141483256029881	0.21313142711121358	1.0
uot	all_top1	1.0	top5	8	0.8461023041450098	0.5083549843731533	1.0
uot	all_top1	1.0	top10	8	0.8745911410075027	0.624233773133513	1.0
uot	all_top1	1.0	mean_reciprocal_rank	8	0.774352977194424	0.3479603330182289	1.0
uot	all_top1	1.0	median_true_rank	8	3.225	1.0	12.6875
uot	all_top1	1.0	region_label_accuracy	8	0.8642008746681087	0.7708443885333633	1.0
uot	all_top1	1.0	true_pair_cosine	8	0.9078637763019569	0.9020490423355634	0.9434236294109473
uot	identity_no_training	0.0	top1	8	1.0	1.0	1.0
uot	identity_no_training	0.0	top5	8	1.0	1.0	1.0
uot	identity_no_training	0.0	top10	8	1.0	1.0	1.0
uot	identity_no_training	0.0	mean_reciprocal_rank	8	1.0	1.0	1.0
uot	identity_no_training	0.0	median_true_rank	8	1.0	1.0	1.0
uot	identity_no_training	0.0	region_label_accuracy	8	1.0	1.0	1.0
uot	identity_no_training	0.0	true_pair_cosine	8	1.0	0.99900512214342	1.0
uot	max_probability_gate	0.8	training_positive_precision	8	0.7413156921345512	0.713874467131418	0.9056390167058561
uot	max_probability_gate	0.8	top1	8	0.5130516059747599	0.11117133733888077	0.9993801652892562
uot	max_probability_gate	0.8	top5	8	0.6953905036792603	0.3253752100957834	1.0
uot	max_probability_gate	0.8	top10	8	0.7567723362847241	0.46833933071368045	1.0
uot	max_probability_gate	0.8	mean_reciprocal_rank	8	0.6061190942492447	0.22355587563443155	0.9996900826446281
uot	max_probability_gate	0.8	median_true_rank	8	6.65	1.0	20.912499999999998
uot	max_probability_gate	0.8	region_label_accuracy	8	0.8389101986544406	0.6637422377357999	1.0
uot	max_probability_gate	0.8	true_pair_cosine	8	0.8966303334511533	0.8926943678203285	0.9272839789333049
uot	oracle_truth	0.8	training_positive_precision	8	1.0	1.0	1.0
uot	oracle_truth	0.8	top1	8	0.7939500145089728	0.24270557107427487	1.0
uot	oracle_truth	0.8	top5	8	0.8751044933963109	0.5477010592500537	1.0
uot	oracle_truth	0.8	top10	8	0.9073091361464756	0.6647607646340571	1.0
uot	oracle_truth	0.8	mean_reciprocal_rank	8	0.8375716014187387	0.38074789108506174	1.0
uot	oracle_truth	0.8	median_true_rank	8	1.75	1.0	10.5
uot	oracle_truth	0.8	region_label_accuracy	8	0.9256968142928705	0.7798241501955628	1.0
uot	oracle_truth	0.8	true_pair_cosine	8	0.9180540253395904	0.9046348103597199	0.946435882485727
uot	random_gate	0.8	training_positive_precision	8	0.7608689403747454	0.7388704247481467	0.8969758663141124
uot	random_gate	0.8	top1	8	0.46530675607393945	0.0952917703843052	0.9996280991735538
uot	random_gate	0.8	top5	8	0.6550013260414265	0.30600095853808335	1.0
uot	random_gate	0.8	top10	8	0.7041595084296066	0.45395605198999417	1.0
uot	random_gate	0.8	mean_reciprocal_rank	8	0.5597468686947922	0.20674916808881116	0.9998140495867769
uot	random_gate	0.8	median_true_rank	8	6.725	1.0	27.865000000000002
uot	random_gate	0.8	region_label_accuracy	8	0.8395628167898174	0.6464668275121	1.0
uot	random_gate	0.8	true_pair_cosine	8	0.8962929610741155	0.8929138976797549	0.9255157257235617
uot	top2_margin_gate	0.8	training_positive_precision	8	0.8660924308071707	0.8410589399160658	0.984440504316427
uot	top2_margin_gate	0.8	top1	8	0.7532003813065113	0.17635827794828918	1.0
uot	top2_margin_gate	0.8	top5	8	0.8606351390476221	0.4517042413073389	1.0
uot	top2_margin_gate	0.8	top10	8	0.8865415943685804	0.5969176337517227	1.0
uot	top2_margin_gate	0.8	mean_reciprocal_rank	8	0.8039546825086149	0.3071466583578379	1.0
uot	top2_margin_gate	0.8	median_true_rank	8	3.1	1.0	13.712499999999999
uot	top2_margin_gate	0.8	region_label_accuracy	8	0.8811820548928765	0.7758068102449192	1.0
uot	top2_margin_gate	0.8	true_pair_cosine	8	0.9087198812121745	0.901223660760918	0.9459218919821204
