dataset	pair_id	biological_pair_id	independent_unit_id	direction	method	strategy	coverage	training_positive_precision	top1	top5	top10	mean_reciprocal_rank	median_true_rank	region_label_accuracy	true_pair_cosine
HER2ST_manual_controlled	HER2ST_A1_CONTROLLED	HER2ST_A1_CONTROLLED	HER2ST::A	forward	balanced_ot	all_top1	1.0	0.7396764597096084	0.23125226379495828	0.5328989550052169	0.6964295561069754	0.3700188088250607	5.5	0.8783048703352309	0.9066269861263653
HER2ST_manual_controlled	HER2ST_A1_CONTROLLED	HER2ST_A1_CONTROLLED	HER2ST::A	forward	balanced_ot	identity_no_training	0.0		1.0	1.0	1.0	1.0	1.0	1.0	0.9962962962962963
HER2ST_manual_controlled	HER2ST_A1_CONTROLLED	HER2ST_A1_CONTROLLED	HER2ST::A	forward	balanced_ot	max_probability_gate	0.8	0.7096573607042309	0.0917197813782254	0.3200062710499143	0.5077442060364261	0.21648689767361012	11.1	0.871853257432005	0.8949812837668627
HER2ST_manual_controlled	HER2ST_A1_CONTROLLED	HER2ST_A1_CONTROLLED	HER2ST::A	forward	balanced_ot	oracle_truth	0.8	1.0	0.2986636176389497	0.6197921903804257	0.7659436037993913	0.44125576450364007	3.8	0.8847564832384567	0.9149010018411774
HER2ST_manual_controlled	HER2ST_A1_CONTROLLED	HER2ST_A1_CONTROLLED	HER2ST::A	forward	balanced_ot	random_gate	0.8	0.7430017774221442	0.09788692648275191	0.30502403001454237	0.474833736086108	0.21115363594705788	11.940000000000001	0.8750790638836179	0.8961288079363514
HER2ST_manual_controlled	HER2ST_A1_CONTROLLED	HER2ST_A1_CONTROLLED	HER2ST::A	forward	balanced_ot	top2_margin_gate	0.8	0.830797944017221	0.1882166431502295	0.4699616709104375	0.6376654935478465	0.322134207806064	6.9	0.8750790638836179	0.905390665515535
HER2ST_manual_controlled	HER2ST_A1_CONTROLLED	HER2ST_A1_CONTROLLED	HER2ST::A	forward	row_softmax	all_top1	1.0	0.7729613856010165	0.20758094249555353	0.5644885580369451	0.707623650507901	0.36693436618158043	4.9	0.8750790638836179	0.9101251953816991
HER2ST_manual_controlled	HER2ST_A1_CONTROLLED	HER2ST_A1_CONTROLLED	HER2ST::A	forward	row_softmax	identity_no_training	0.0		1.0	1.0	1.0	1.0	1.0	1.0	0.9962962962962963
HER2ST_manual_controlled	HER2ST_A1_CONTROLLED	HER2ST_A1_CONTROLLED	HER2ST::A	forward	row_softmax	max_probability_gate	0.8	0.799234292044819	0.13309681744216847	0.3979997513204344	0.5718875860242084	0.26319420623019574	8.7	0.871853257432005	0.9031558153395872
HER2ST_manual_controlled	HER2ST_A1_CONTROLLED	HER2ST_A1_CONTROLLED	HER2ST::A	forward	row_softmax	oracle_truth	0.8	1.0	0.3086516161468723	0.6117728149986215	0.7437048930407564	0.4487046760116876	3.6	0.8847564832384567	0.9148549015334861
HER2ST_manual_controlled	HER2ST_A1_CONTROLLED	HER2ST_A1_CONTROLLED	HER2ST::A	forward	row_softmax	random_gate	0.8	0.7751381352705277	0.09166966703968601	0.34122582807592294	0.5069050206241857	0.21577721421679805	10.86	0.8731435800126501	0.8992299175348973
HER2ST_manual_controlled	HER2ST_A1_CONTROLLED	HER2ST_A1_CONTROLLED	HER2ST::A	forward	row_softmax	top2_margin_gate	0.8	0.8814171861933826	0.192187947690794	0.5543332414300156	0.6720292252550317	0.34950863908916885	5.7	0.8750790638836179	0.9094556521757511
HER2ST_manual_controlled	HER2ST_A1_CONTROLLED	HER2ST_A1_CONTROLLED	HER2ST::A	forward	uot	all_top1	1.0	0.838726943877583	0.3538250701438558	0.6969828681403634	0.8114525049060154	0.5054011980771974	2.9	0.8847564832384567	0.916069863143097
HER2ST_manual_controlled	HER2ST_A1_CONTROLLED	HER2ST_A1_CONTROLLED	HER2ST::A	forward	uot	identity_no_training	0.0		1.0	1.0	1.0	1.0	1.0	1.0	0.9962962962962963
HER2ST_manual_controlled	HER2ST_A1_CONTROLLED	HER2ST_A1_CONTROLLED	HER2ST::A	forward	uot	max_probability_gate	0.8	0.8171654403148769	0.17182568643669213	0.45496223854857626	0.6155608535115176	0.305398259399024	7.3	0.8750790638836179	0.9049914196711579
HER2ST_manual_controlled	HER2ST_A1_CONTROLLED	HER2ST_A1_CONTROLLED	HER2ST::A	forward	uot	oracle_truth	0.8	1.0	0.29075344502289474	0.6414189331646638	0.7803808040999691	0.44316365523133755	3.5	0.8847564832384567	0.9152384076855657
HER2ST_manual_controlled	HER2ST_A1_CONTROLLED	HER2ST_A1_CONTROLLED	HER2ST::A	forward	uot	random_gate	0.8	0.8368182886141003	0.1384110456975732	0.4091340545040735	0.5925194483638506	0.27194209519271195	8.32	0.8750790638836179	0.904142289008375
HER2ST_manual_controlled	HER2ST_A1_CONTROLLED	HER2ST_A1_CONTROLLED	HER2ST::A	forward	uot	top2_margin_gate	0.8	0.9119983033364001	0.27252063770090335	0.5966820199268017	0.7496050860377237	0.41819779296094745	4.5	0.8783048703352309	0.9119791846246466
HER2ST_manual_controlled	HER2ST_A1_CONTROLLED__reverse	HER2ST_A1_CONTROLLED	HER2ST::A	reverse	balanced_ot	all_top1	1.0	0.6189166640782601	0.11404982276222189	0.3326678787096983	0.48428527085533696	0.23208766745378223	13.3	0.8692307692307691	0.8906055244724712
HER2ST_manual_controlled	HER2ST_A1_CONTROLLED__reverse	HER2ST_A1_CONTROLLED	HER2ST::A	reverse	balanced_ot	identity_no_training	0.0		1.0	1.0	1.0	1.0	1.0	1.0	0.9957446808510639
HER2ST_manual_controlled	HER2ST_A1_CONTROLLED__reverse	HER2ST_A1_CONTROLLED	HER2ST::A	reverse	balanced_ot	max_probability_gate	0.8	0.5895452958446395	0.07290497958876536	0.22659243910894683	0.34955471527738585	0.16168983843057938	22.6	0.8692307692307691	0.8784997765473687
HER2ST_manual_controlled	HER2ST_A1_CONTROLLED__reverse	HER2ST_A1_CONTROLLED	HER2ST::A	reverse	balanced_ot	oracle_truth	0.8	1.0	0.3292126423344325	0.6070827924826457	0.7533159723621939	0.46360570578172666	3.8	0.8792307692307693	0.9150220730177067
HER2ST_manual_controlled	HER2ST_A1_CONTROLLED__reverse	HER2ST_A1_CONTROLLED	HER2ST::A	reverse	balanced_ot	random_gate	0.8	0.6225738916571399	0.07670070330745313	0.21727102733412346	0.3483469076777954	0.16466863825630107	23.220000000000002	0.8692307692307691	0.8811802589845428
HER2ST_manual_controlled	HER2ST_A1_CONTROLLED__reverse	HER2ST_A1_CONTROLLED	HER2ST::A	reverse	balanced_ot	top2_margin_gate	0.8	0.742783505994898	0.10277479917978818	0.3617980698685027	0.5257737591339939	0.23231411411894923	13.3	0.8725641025641024	0.89381470511657
HER2ST_manual_controlled	HER2ST_A1_CONTROLLED__reverse	HER2ST_A1_CONTROLLED	HER2ST::A	reverse	row_softmax	all_top1	1.0	0.8424237646225518	0.40317989298546897	0.6554168379920398	0.825954436856858	0.5239053245687644	2.8	0.8825641025641027	0.9163239844111593
HER2ST_manual_controlled	HER2ST_A1_CONTROLLED__reverse	HER2ST_A1_CONTROLLED	HER2ST::A	reverse	row_softmax	identity_no_training	0.0		1.0	1.0	1.0	1.0	1.0	1.0	0.9957446808510639
HER2ST_manual_controlled	HER2ST_A1_CONTROLLED__reverse	HER2ST_A1_CONTROLLED	HER2ST::A	reverse	row_softmax	max_probability_gate	0.8	0.8354081403997556	0.1804877734151395	0.4291720617362583	0.6196484000225746	0.30476561936358443	7.9	0.8758974358974358	0.9057238141551551
HER2ST_manual_controlled	HER2ST_A1_CONTROLLED__reverse	HER2ST_A1_CONTROLLED	HER2ST::A	reverse	row_softmax	oracle_truth	0.8	1.0	0.28720069121389735	0.6282373508125525	0.751617338396502	0.43577759786550463	3.9	0.8825641025641027	0.9142732210529891
HER2ST_manual_controlled	HER2ST_A1_CONTROLLED__reverse	HER2ST_A1_CONTROLLED	HER2ST::A	reverse	row_softmax	random_gate	0.8	0.8438393817537616	0.15971270280221123	0.4066971827390022	0.5793101889550899	0.2844446425038432	8.52	0.8752307692307693	0.9043346758709833
HER2ST_manual_controlled	HER2ST_A1_CONTROLLED__reverse	HER2ST_A1_CONTROLLED	HER2ST::A	reverse	row_softmax	top2_margin_gate	0.8	0.9279653132998804	0.2957000421930723	0.5914881120347004	0.7536974299850309	0.4349127542934331	4.2	0.8758974358974358	0.912892686613886
HER2ST_manual_controlled	HER2ST_A1_CONTROLLED__reverse	HER2ST_A1_CONTROLLED	HER2ST::A	reverse	uot	all_top1	1.0	0.706524687959034	0.15983073053139082	0.4810626876180802	0.6235626808994381	0.3081109915902687	8.1	0.8725641025641024	0.9005166639965891
HER2ST_manual_controlled	HER2ST_A1_CONTROLLED__reverse	HER2ST_A1_CONTROLLED	HER2ST::A	reverse	uot	identity_no_training	0.0		1.0	1.0	1.0	1.0	1.0	1.0	0.9957446808510639
HER2ST_manual_controlled	HER2ST_A1_CONTROLLED__reverse	HER2ST_A1_CONTROLLED	HER2ST::A	reverse	uot	max_probability_gate	0.8	0.6601782527535311	0.08883320030422012	0.28189051838354845	0.4385964756691096	0.20187120801200348	16.0	0.8692307692307691	0.8881046016762033
HER2ST_manual_controlled	HER2ST_A1_CONTROLLED__reverse	HER2ST_A1_CONTROLLED	HER2ST::A	reverse	uot	oracle_truth	0.8	1.0	0.3027505314445887	0.6443381465685207	0.7630552218629989	0.4592431359139348	3.6	0.885897435897436	0.9148872807451427
HER2ST_manual_controlled	HER2ST_A1_CONTROLLED__reverse	HER2ST_A1_CONTROLLED	HER2ST::A	reverse	uot	random_gate	0.8	0.7134896416272838	0.08397225469565894	0.2973586249895861	0.4505333741826771	0.20050024073393552	15.16	0.8705641025641025	0.8910748091221823
HER2ST_manual_controlled	HER2ST_A1_CONTROLLED__reverse	HER2ST_A1_CONTROLLED	HER2ST::A	reverse	uot	top2_margin_gate	0.8	0.7984714343634918	0.14947769276455997	0.438065662632794	0.6068960142327714	0.289811884752618	9.2	0.8725641025641024	0.900154929385739
HER2ST_manual_controlled	HER2ST_B1_CONTROLLED	HER2ST_B1_CONTROLLED	HER2ST::B	forward	balanced_ot	all_top1	1.0	0.5542566738063799	0.33071646315090153	0.4962885374562762	0.5321064058817646	0.41219837053229663	20.5	0.46720726082428216	0.7942738912322979
HER2ST_manual_controlled	HER2ST_B1_CONTROLLED	HER2ST_B1_CONTROLLED	HER2ST::B	forward	balanced_ot	identity_no_training	0.0		1.0	1.0	1.0	1.0	1.0	1.0	1.0
HER2ST_manual_controlled	HER2ST_B1_CONTROLLED	HER2ST_B1_CONTROLLED	HER2ST::B	forward	balanced_ot	max_probability_gate	0.8	0.5818646972399595	0.2502911487325144	0.4016304329020806	0.4251889294937291	0.3280816773187022	30.5	0.40571378975634287	0.7778861507876238
HER2ST_manual_controlled	HER2ST_B1_CONTROLLED	HER2ST_B1_CONTROLLED	HER2ST::B	forward	balanced_ot	oracle_truth	0.8	1.0	0.6430186175361831	0.756532474617581	0.8095560467900894	0.7031987575859207	2.9	0.694054172777577	0.8555353096369369
HER2ST_manual_controlled	HER2ST_B1_CONTROLLED	HER2ST_B1_CONTROLLED	HER2ST::B	forward	balanced_ot	random_gate	0.8	0.5538367503035099	0.16945067632351157	0.28033224733373174	0.3136664259375788	0.2355638887788758	40.96	0.3555270970164587	0.7648510710947308
HER2ST_manual_controlled	HER2ST_B1_CONTROLLED	HER2ST_B1_CONTROLLED	HER2ST::B	forward	balanced_ot	top2_margin_gate	0.8	0.6818988777817988	0.3673481310047366	0.5546863082489011	0.5764694896065505	0.45003201978298524	18.1	0.4993230174081238	0.7997266891251128
HER2ST_manual_controlled	HER2ST_B1_CONTROLLED	HER2ST_B1_CONTROLLED	HER2ST::B	forward	row_softmax	all_top1	1.0	0.7905434087883801	0.8005709200909596	0.8764299530256977	0.9344294003868472	0.8450145669214997	1.2	0.8278781502185758	0.8635526146079412
HER2ST_manual_controlled	HER2ST_B1_CONTROLLED	HER2ST_B1_CONTROLLED	HER2ST::B	forward	row_softmax	identity_no_training	0.0		1.0	1.0	1.0	1.0	1.0	1.0	1.0
HER2ST_manual_controlled	HER2ST_B1_CONTROLLED	HER2ST_B1_CONTROLLED	HER2ST::B	forward	row_softmax	max_probability_gate	0.8	0.8229713341624721	0.6533628090530614	0.7449607130458193	0.7996563719967975	0.7040794851222844	3.1	0.6949557534663917	0.8467801106421421
HER2ST_manual_controlled	HER2ST_B1_CONTROLLED	HER2ST_B1_CONTROLLED	HER2ST::B	forward	row_softmax	oracle_truth	0.8	1.0	0.6122148097655272	0.7286449736969282	0.7953344527812612	0.6791463452340467	3.4	0.6772900858007241	0.8524556043130834
HER2ST_manual_controlled	HER2ST_B1_CONTROLLED	HER2ST_B1_CONTROLLED	HER2ST::B	forward	row_softmax	random_gate	0.8	0.7942617350654702	0.5028257755768889	0.6178917684657417	0.6575660657996136	0.565167580867691	10.040000000000001	0.5736294630653859	0.8309771678338663
HER2ST_manual_controlled	HER2ST_B1_CONTROLLED	HER2ST_B1_CONTROLLED	HER2ST::B	forward	row_softmax	top2_margin_gate	0.8	0.9230067194367921	0.8365436723922622	0.9043520309477756	0.9517408123791103	0.8712910077294109	1.0	0.8633738601823708	0.8649561111415787
HER2ST_manual_controlled	HER2ST_B1_CONTROLLED	HER2ST_B1_CONTROLLED	HER2ST::B	forward	uot	all_top1	1.0	0.7209773952166464	0.7219874468266354	0.83068279238492	0.875195726259556	0.7733116966653386	1.3	0.7446730574390148	0.8526094902406536
HER2ST_manual_controlled	HER2ST_B1_CONTROLLED	HER2ST_B1_CONTROLLED	HER2ST::B	forward	uot	identity_no_training	0.0		1.0	1.0	1.0	1.0	1.0	1.0	1.0
HER2ST_manual_controlled	HER2ST_B1_CONTROLLED	HER2ST_B1_CONTROLLED	HER2ST::B	forward	uot	max_probability_gate	0.8	0.7363454648904584	0.539810972468073	0.6617356418939793	0.7432199006667092	0.6094744263233765	6.2	0.6144100580270793	0.8304193232274419
HER2ST_manual_controlled	HER2ST_B1_CONTROLLED	HER2ST_B1_CONTROLLED	HER2ST::B	forward	uot	oracle_truth	0.8	1.0	0.6494167551070074	0.7775605970806366	0.8324677466686372	0.7176232353810095	2.0	0.7006737942908157	0.8555805137565038
HER2ST_manual_controlled	HER2ST_B1_CONTROLLED	HER2ST_B1_CONTROLLED	HER2ST::B	forward	uot	random_gate	0.8	0.7159317238449237	0.43666953696147165	0.5570866029896212	0.6014835107165637	0.5065657677461367	14.280000000000001	0.5344481479266239	0.8205637607657781
HER2ST_manual_controlled	HER2ST_B1_CONTROLLED	HER2ST_B1_CONTROLLED	HER2ST::B	forward	uot	top2_margin_gate	0.8	0.8492663696817585	0.7608951332355588	0.8558459271225228	0.8876690685201323	0.8088451530741645	1.0	0.7746742619083045	0.853543647108584
HER2ST_manual_controlled	HER2ST_B1_CONTROLLED__reverse	HER2ST_B1_CONTROLLED	HER2ST::B	reverse	balanced_ot	all_top1	1.0	0.5257613510520487	0.3220416397061622	0.45670206422309334	0.5347035613240463	0.3988936948765519	20.0	0.45606262449409407	0.7736348816307262
HER2ST_manual_controlled	HER2ST_B1_CONTROLLED__reverse	HER2ST_B1_CONTROLLED	HER2ST::B	reverse	balanced_ot	identity_no_training	0.0		1.0	1.0	1.0	1.0	1.0	1.0	1.0
HER2ST_manual_controlled	HER2ST_B1_CONTROLLED__reverse	HER2ST_B1_CONTROLLED	HER2ST::B	reverse	balanced_ot	max_probability_gate	0.8	0.5336019460718814	0.22045953386873726	0.34920006597394027	0.41559522450170644	0.29915120894426483	30.8	0.37953539121277863	0.7529001960970341
HER2ST_manual_controlled	HER2ST_B1_CONTROLLED__reverse	HER2ST_B1_CONTROLLED	HER2ST::B	reverse	balanced_ot	oracle_truth	0.8	1.0	0.6286098529542369	0.7303442063461856	0.8066811301843464	0.6841115068270869	3.2	0.6841903601923394	0.852533015255398
HER2ST_manual_controlled	HER2ST_B1_CONTROLLED__reverse	HER2ST_B1_CONTROLLED	HER2ST::B	reverse	balanced_ot	random_gate	0.8	0.5265437352245863	0.20381430873266598	0.31380606199012934	0.36193811136908616	0.2685861630296572	38.88	0.37395095091285097	0.7478676401035462
HER2ST_manual_controlled	HER2ST_B1_CONTROLLED__reverse	HER2ST_B1_CONTROLLED	HER2ST::B	reverse	balanced_ot	top2_margin_gate	0.8	0.6350292938637064	0.3405371801215443	0.47964323323056623	0.5631687791014857	0.4229702544509588	16.8	0.4384551948134333	0.7825349131059476
HER2ST_manual_controlled	HER2ST_B1_CONTROLLED__reverse	HER2ST_B1_CONTROLLED	HER2ST::B	reverse	row_softmax	all_top1	1.0	0.8423286016309272	0.8500539210088938	0.9007498192060289	0.9429350791052918	0.8811995930107761	1.0	0.8547050837995915	0.8719371778818257
HER2ST_manual_controlled	HER2ST_B1_CONTROLLED__reverse	HER2ST_B1_CONTROLLED	HER2ST::B	reverse	row_softmax	identity_no_training	0.0		1.0	1.0	1.0	1.0	1.0	1.0	1.0
HER2ST_manual_controlled	HER2ST_B1_CONTROLLED__reverse	HER2ST_B1_CONTROLLED	HER2ST::B	reverse	row_softmax	max_probability_gate	0.8	0.8107308048103608	0.5803423032517541	0.6688336568593867	0.718656669077253	0.634088650246141	6.0	0.6367144977733795	0.8409435724998428
HER2ST_manual_controlled	HER2ST_B1_CONTROLLED__reverse	HER2ST_B1_CONTROLLED	HER2ST::B	reverse	row_softmax	oracle_truth	0.8	1.0	0.6488790773798195	0.794706860021061	0.8335096867506564	0.7181699937640065	3.2	0.6866466207386545	0.8557954353237888
HER2ST_manual_controlled	HER2ST_B1_CONTROLLED__reverse	HER2ST_B1_CONTROLLED	HER2ST::B	reverse	row_softmax	random_gate	0.8	0.842942131770994	0.5305603978736092	0.6447744833098618	0.7029310191705045	0.5941697565813773	7.959999999999999	0.5933833212804019	0.8388104999469126
HER2ST_manual_controlled	HER2ST_B1_CONTROLLED__reverse	HER2ST_B1_CONTROLLED	HER2ST::B	reverse	row_softmax	top2_margin_gate	0.8	0.9481207386850311	0.8403557517857368	0.913992818990345	0.9425392354635302	0.8793525837573661	1.0	0.8636927644349713	0.8677327463341001
HER2ST_manual_controlled	HER2ST_B1_CONTROLLED__reverse	HER2ST_B1_CONTROLLED	HER2ST::B	reverse	uot	all_top1	1.0	0.6418428470754052	0.5096486887679367	0.6539641457009097	0.6875575686065543	0.5803320799960865	9.6	0.5880891663177661	0.8116922226220238
HER2ST_manual_controlled	HER2ST_B1_CONTROLLED__reverse	HER2ST_B1_CONTROLLED	HER2ST::B	reverse	uot	identity_no_training	0.0		1.0	1.0	1.0	1.0	1.0	1.0	1.0
HER2ST_manual_controlled	HER2ST_B1_CONTROLLED__reverse	HER2ST_B1_CONTROLLED	HER2ST::B	reverse	uot	max_probability_gate	0.8	0.6291300921643197	0.2872505360382649	0.42064223093416564	0.48878316142046974	0.36593248960978925	21.2	0.4285134295030386	0.7850547610916669
HER2ST_manual_controlled	HER2ST_B1_CONTROLLED__reverse	HER2ST_B1_CONTROLLED	HER2ST::B	reverse	uot	oracle_truth	0.8	1.0	0.6242733351095548	0.7327725548408379	0.8039812735507936	0.6891475863853035	3.0	0.6854590898133699	0.8520803868982337
HER2ST_manual_controlled	HER2ST_B1_CONTROLLED__reverse	HER2ST_B1_CONTROLLED	HER2ST::B	reverse	uot	random_gate	0.8	0.637892486380923	0.2681972620814778	0.38988873241223565	0.4348540326571005	0.3385079849954554	28.439999999999998	0.3954960098453419	0.7785176191158947
HER2ST_manual_controlled	HER2ST_B1_CONTROLLED__reverse	HER2ST_B1_CONTROLLED	HER2ST::B	reverse	uot	top2_margin_gate	0.8	0.747795936547093	0.518869815653586	0.6496276278562275	0.6926857737347594	0.5861925560604831	9.4	0.5977873355409229	0.8139772148436231
HER2ST_manual_controlled	HER2ST_C1_CONTROLLED	HER2ST_C1_CONTROLLED	HER2ST::C	forward	balanced_ot	all_top1	1.0	0.5439948862634456	0.027719298245614032	0.13235867446393762	0.24678362573099416	0.1074657747747377	51.1	0.802116402116402	0.8939912833581388
HER2ST_manual_controlled	HER2ST_C1_CONTROLLED	HER2ST_C1_CONTROLLED	HER2ST::C	forward	balanced_ot	identity_no_training	0.0		1.0	1.0	1.0	1.0	1.0	0.9933333333333334	0.9861904761904764
HER2ST_manual_controlled	HER2ST_C1_CONTROLLED	HER2ST_C1_CONTROLLED	HER2ST::C	forward	balanced_ot	max_probability_gate	0.8	0.5535234923089559	0.021052631578947368	0.11161793372319688	0.23345029239766082	0.09594809754383397	53.5	0.802116402116402	0.8898182384971559
HER2ST_manual_controlled	HER2ST_C1_CONTROLLED	HER2ST_C1_CONTROLLED	HER2ST::C	forward	balanced_ot	oracle_truth	0.8	1.0	0.021052631578947368	0.15235867446393764	0.21060428849902535	0.10563931177834132	48.4	0.8161904761904761	0.8995313450351237
HER2ST_manual_controlled	HER2ST_C1_CONTROLLED	HER2ST_C1_CONTROLLED	HER2ST::C	forward	balanced_ot	random_gate	0.8	0.5474584236121143	0.010526315789473684	0.11353606237816764	0.17489278752436646	0.08648631974671253	54.54	0.8035978835978836	0.8901594092107888
HER2ST_manual_controlled	HER2ST_C1_CONTROLLED	HER2ST_C1_CONTROLLED	HER2ST::C	forward	balanced_ot	top2_margin_gate	0.8	0.6460521478561091	0.01719298245614035	0.14214424951267055	0.26397660818713453	0.10337861137683754	51.3	0.8087830687830687	0.8927108435619061
HER2ST_manual_controlled	HER2ST_C1_CONTROLLED	HER2ST_C1_CONTROLLED	HER2ST::C	forward	row_softmax	all_top1	1.0	0.5228078046553815	0.010526315789473684	0.09723196881091618	0.1428849902534113	0.07915810513339774	55.1	0.8161904761904761	0.8899007908298774
HER2ST_manual_controlled	HER2ST_C1_CONTROLLED	HER2ST_C1_CONTROLLED	HER2ST::C	forward	row_softmax	identity_no_training	0.0		1.0	1.0	1.0	1.0	1.0	0.9933333333333334	0.9861904761904764
HER2ST_manual_controlled	HER2ST_C1_CONTROLLED	HER2ST_C1_CONTROLLED	HER2ST::C	forward	row_softmax	max_probability_gate	0.8	0.5635843862317425	0.010526315789473684	0.10463937621832357	0.13235867446393762	0.077960424031159	56.0	0.8161904761904761	0.8878115686408939
HER2ST_manual_controlled	HER2ST_C1_CONTROLLED	HER2ST_C1_CONTROLLED	HER2ST::C	forward	row_softmax	oracle_truth	0.8	1.0	0.021052631578947368	0.13516569200779727	0.22187134502923972	0.10679580484021381	48.7	0.8087830687830687	0.8993971404344657
HER2ST_manual_controlled	HER2ST_C1_CONTROLLED	HER2ST_C1_CONTROLLED	HER2ST::C	forward	row_softmax	random_gate	0.8	0.5307419825361894	0.010526315789473684	0.09589863547758284	0.1197270955165692	0.07299978445862315	57.17999999999999	0.8148571428571427	0.8864766560348988
HER2ST_manual_controlled	HER2ST_C1_CONTROLLED	HER2ST_C1_CONTROLLED	HER2ST::C	forward	row_softmax	top2_margin_gate	0.8	0.5849295754702285	0.010526315789473684	0.10463937621832357	0.13902534113060427	0.07415435081312885	55.4	0.8161904761904761	0.8885049167164933
HER2ST_manual_controlled	HER2ST_C1_CONTROLLED	HER2ST_C1_CONTROLLED	HER2ST::C	forward	uot	all_top1	1.0	0.767744079040875	0.027719298245614032	0.20499025341130603	0.2973099415204678	0.1261011425747288	45.8	0.8161904761904761	0.8998926468332457
HER2ST_manual_controlled	HER2ST_C1_CONTROLLED	HER2ST_C1_CONTROLLED	HER2ST::C	forward	uot	identity_no_training	0.0		1.0	1.0	1.0	1.0	1.0	0.9933333333333334	0.9861904761904764
HER2ST_manual_controlled	HER2ST_C1_CONTROLLED	HER2ST_C1_CONTROLLED	HER2ST::C	forward	uot	max_probability_gate	0.8	0.7505251888419675	0.027719298245614032	0.1354775828460039	0.2839766081871345	0.11212177131050112	50.0	0.8161904761904761	0.8956451049495204
HER2ST_manual_controlled	HER2ST_C1_CONTROLLED	HER2ST_C1_CONTROLLED	HER2ST::C	forward	uot	oracle_truth	0.8	1.0	0.027719298245614032	0.15621832358674465	0.24573099415204677	0.11329879856174603	46.7	0.8087830687830687	0.8994862617887666
HER2ST_manual_controlled	HER2ST_C1_CONTROLLED	HER2ST_C1_CONTROLLED	HER2ST::C	forward	uot	random_gate	0.8	0.7679639904495671	0.01607017543859649	0.14083430799220273	0.237411306042885	0.1009049744205682	51.8	0.8147089947089947	0.8950661051034409
HER2ST_manual_controlled	HER2ST_C1_CONTROLLED	HER2ST_C1_CONTROLLED	HER2ST::C	forward	uot	top2_margin_gate	0.8	0.8431645863603278	0.027719298245614032	0.16674463937621833	0.2867836257309942	0.12049605826212248	47.5	0.8161904761904761	0.8981766085107086
HER2ST_manual_controlled	HER2ST_C1_CONTROLLED__reverse	HER2ST_C1_CONTROLLED	HER2ST::C	reverse	balanced_ot	all_top1	1.0	0.4768676183629454	0.008333333333333333	0.08045977011494253	0.15804597701149425	0.07407738005273075	57.9	0.7882439335887612	0.8875353110174622
HER2ST_manual_controlled	HER2ST_C1_CONTROLLED__reverse	HER2ST_C1_CONTROLLED	HER2ST::C	reverse	balanced_ot	identity_no_training	0.0		1.0	1.0	1.0	1.0	1.0	0.9933333333333334	0.9859259259259261
HER2ST_manual_controlled	HER2ST_C1_CONTROLLED__reverse	HER2ST_C1_CONTROLLED	HER2ST::C	reverse	balanced_ot	max_probability_gate	0.8	0.49226064633041383	0.008333333333333333	0.09425287356321839	0.12614942528735634	0.07195854998314408	59.5	0.7951404853128992	0.883862710411376
HER2ST_manual_controlled	HER2ST_C1_CONTROLLED__reverse	HER2ST_C1_CONTROLLED	HER2ST::C	reverse	balanced_ot	oracle_truth	0.8	1.0	0.016666666666666666	0.1342528735632184	0.21448275862068966	0.10012347355915419	53.0	0.8087037037037037	0.8976751813002725
HER2ST_manual_controlled	HER2ST_C1_CONTROLLED__reverse	HER2ST_C1_CONTROLLED	HER2ST::C	reverse	balanced_ot	random_gate	0.8	0.4715166616329407	0.008333333333333333	0.08155172413793102	0.1267241379310345	0.0689657058464973	61.94	0.80185312899106	0.88360558500609
HER2ST_manual_controlled	HER2ST_C1_CONTROLLED__reverse	HER2ST_C1_CONTROLLED	HER2ST::C	reverse	balanced_ot	top2_margin_gate	0.8	0.5436625390113762	0.008333333333333333	0.10258620689655173	0.13304597701149426	0.07476530197399527	58.1	0.8020370370370371	0.8856174945356091
HER2ST_manual_controlled	HER2ST_C1_CONTROLLED__reverse	HER2ST_C1_CONTROLLED	HER2ST::C	reverse	row_softmax	all_top1	1.0	0.8132847370697839	0.023333333333333334	0.16758620689655174	0.2513793103448276	0.10759816080873144	49.0	0.8018071519795658	0.8988247370021115
HER2ST_manual_controlled	HER2ST_C1_CONTROLLED__reverse	HER2ST_C1_CONTROLLED	HER2ST::C	reverse	row_softmax	identity_no_training	0.0		1.0	1.0	1.0	1.0	1.0	0.9933333333333334	0.9859259259259261
HER2ST_manual_controlled	HER2ST_C1_CONTROLLED__reverse	HER2ST_C1_CONTROLLED	HER2ST::C	reverse	row_softmax	max_probability_gate	0.8	0.8300538608678144	0.016666666666666666	0.14258620689655171	0.19948275862068968	0.09201581279781365	53.8	0.7949106002554278	0.8948577031756157
HER2ST_manual_controlled	HER2ST_C1_CONTROLLED__reverse	HER2ST_C1_CONTROLLED	HER2ST::C	reverse	row_softmax	oracle_truth	0.8	1.0	0.016666666666666666	0.1342528735632184	0.1811494252873563	0.09247569730911219	53.1	0.8087037037037037	0.8976765063062556
HER2ST_manual_controlled	HER2ST_C1_CONTROLLED__reverse	HER2ST_C1_CONTROLLED	HER2ST::C	reverse	row_softmax	random_gate	0.8	0.8090612101077218	0.013333333333333332	0.12654022988505748	0.16739080459770114	0.08636036527937876	56.160000000000004	0.8046117496807152	0.8931641127631
HER2ST_manual_controlled	HER2ST_C1_CONTROLLED__reverse	HER2ST_C1_CONTROLLED	HER2ST::C	reverse	row_softmax	top2_margin_gate	0.8	0.9068307661330917	0.016666666666666666	0.15091954022988505	0.21304597701149425	0.10105712109203495	51.4	0.8018071519795658	0.8964802860025287
HER2ST_manual_controlled	HER2ST_C1_CONTROLLED__reverse	HER2ST_C1_CONTROLLED	HER2ST::C	reverse	uot	all_top1	1.0	0.6706423483058996	0.016666666666666666	0.14258620689655171	0.20471264367816092	0.09465790735573124	53.2	0.7951404853128992	0.8950555145409277
HER2ST_manual_controlled	HER2ST_C1_CONTROLLED__reverse	HER2ST_C1_CONTROLLED	HER2ST::C	reverse	uot	identity_no_training	0.0		1.0	1.0	1.0	1.0	1.0	0.9933333333333334	0.9859259259259261
HER2ST_manual_controlled	HER2ST_C1_CONTROLLED__reverse	HER2ST_C1_CONTROLLED	HER2ST::C	reverse	uot	max_probability_gate	0.8	0.6270436927413672	0.016666666666666666	0.10402298850574712	0.16614942528735632	0.08404754661944482	57.6	0.7951404853128992	0.8900337431347527
HER2ST_manual_controlled	HER2ST_C1_CONTROLLED__reverse	HER2ST_C1_CONTROLLED	HER2ST::C	reverse	uot	oracle_truth	0.8	1.0	0.008333333333333333	0.1342528735632184	0.20471264367816092	0.0954915628610724	50.6	0.8087037037037037	0.8976893507815124
HER2ST_manual_controlled	HER2ST_C1_CONTROLLED__reverse	HER2ST_C1_CONTROLLED	HER2ST::C	reverse	uot	random_gate	0.8	0.6675702204771972	0.015	0.11059770114942528	0.1580574712643678	0.0809234473156917	58.7	0.7978991060025543	0.8905584470811624
HER2ST_manual_controlled	HER2ST_C1_CONTROLLED__reverse	HER2ST_C1_CONTROLLED	HER2ST::C	reverse	uot	top2_margin_gate	0.8	0.7455904560555723	0.016666666666666666	0.12068965517241378	0.172816091954023	0.09244273861859653	55.8	0.7951404853128992	0.8938147896097837
HER2ST_manual_controlled	HER2ST_D1_CONTROLLED	HER2ST_D1_CONTROLLED	HER2ST::D	forward	balanced_ot	all_top1	1.0	0.6466628230606276	0.04904945290054404	0.2150513478818999	0.35904395134176903	0.1440195569125234	31.7	0.5010498807995598	0.8978605031558751
HER2ST_manual_controlled	HER2ST_D1_CONTROLLED	HER2ST_D1_CONTROLLED	HER2ST::D	forward	balanced_ot	identity_no_training	0.0		1.0	1.0	1.0	1.0	1.0	1.0	1.0
HER2ST_manual_controlled	HER2ST_D1_CONTROLLED	HER2ST_D1_CONTROLLED	HER2ST::D	forward	balanced_ot	max_probability_gate	0.8	0.6908281804126911	0.029537257778592823	0.16420456629378324	0.2875296472889541	0.11450187821228061	35.8	0.5010498807995598	0.8922762363758452
HER2ST_manual_controlled	HER2ST_D1_CONTROLLED	HER2ST_D1_CONTROLLED	HER2ST::D	forward	balanced_ot	oracle_truth	0.8	1.0	0.08885277217433829	0.2454778715080384	0.352017238217495	0.17387806003219036	26.3	0.5010498807995598	0.907006467017364
HER2ST_manual_controlled	HER2ST_D1_CONTROLLED	HER2ST_D1_CONTROLLED	HER2ST::D	forward	balanced_ot	random_gate	0.8	0.6462712560891711	0.03148847729078795	0.14472269087352527	0.2503058255394584	0.10241900932941164	42.18	0.49909866128736474	0.8892110092317729
HER2ST_manual_controlled	HER2ST_D1_CONTROLLED	HER2ST_D1_CONTROLLED	HER2ST::D	forward	balanced_ot	top2_margin_gate	0.8	0.7566437456807367	0.045007641053854144	0.2043929946818265	0.33721391894370073	0.13793009958598784	33.1	0.49617183201907206	0.8967994810963944
HER2ST_manual_controlled	HER2ST_D1_CONTROLLED	HER2ST_D1_CONTROLLED	HER2ST::D	forward	row_softmax	all_top1	1.0	0.8575201229647235	0.11074164068708356	0.2968847423436641	0.45560838070786724	0.21453386490819887	20.8	0.5063130386942967	0.9111273186154243
HER2ST_manual_controlled	HER2ST_D1_CONTROLLED	HER2ST_D1_CONTROLLED	HER2ST::D	forward	row_softmax	identity_no_training	0.0		1.0	1.0	1.0	1.0	1.0	1.0	1.0
HER2ST_manual_controlled	HER2ST_D1_CONTROLLED	HER2ST_D1_CONTROLLED	HER2ST::D	forward	row_softmax	max_probability_gate	0.8	0.8714474760179437	0.07016810318479125	0.20086588422275203	0.3160793752674369	0.15577830379595953	31.0	0.5063130386942967	0.9025542575951799
HER2ST_manual_controlled	HER2ST_D1_CONTROLLED	HER2ST_D1_CONTROLLED	HER2ST::D	forward	row_softmax	oracle_truth	0.8	1.0	0.099764197078061	0.2621888562870591	0.35895286997982756	0.18695727707031065	23.7	0.5063130386942967	0.906853171714007
HER2ST_manual_controlled	HER2ST_D1_CONTROLLED	HER2ST_D1_CONTROLLED	HER2ST::D	forward	row_softmax	random_gate	0.8	0.8561101028000904	0.06455724677547528	0.1971064857265114	0.3048194877437497	0.1452373562684149	33.7	0.5001512928663121	0.9009321018725733
HER2ST_manual_controlled	HER2ST_D1_CONTROLLED	HER2ST_D1_CONTROLLED	HER2ST::D	forward	row_softmax	top2_margin_gate	0.8	0.9570436897397027	0.09988034109664405	0.27900544043034414	0.4012561892536219	0.19542461846921494	24.0	0.5063130386942967	0.9081862599695828
HER2ST_manual_controlled	HER2ST_D1_CONTROLLED	HER2ST_D1_CONTROLLED	HER2ST::D	forward	uot	all_top1	1.0	0.7937722685749242	0.10470826456384863	0.29100128369704753	0.4050377468060395	0.203578572428801	22.0	0.5010498807995598	0.9068326055630116
HER2ST_manual_controlled	HER2ST_D1_CONTROLLED	HER2ST_D1_CONTROLLED	HER2ST::D	forward	uot	identity_no_training	0.0		1.0	1.0	1.0	1.0	1.0	1.0	1.0
HER2ST_manual_controlled	HER2ST_D1_CONTROLLED	HER2ST_D1_CONTROLLED	HER2ST::D	forward	uot	max_probability_gate	0.8	0.796435498819239	0.0697829940705422	0.2278395684332783	0.3217435356684394	0.15449136304441896	29.9	0.5010498807995598	0.8993990050712959
HER2ST_manual_controlled	HER2ST_D1_CONTROLLED	HER2ST_D1_CONTROLLED	HER2ST::D	forward	uot	oracle_truth	0.8	1.0	0.08447597652668255	0.2731750106974754	0.362308362369338	0.17414811270180697	25.4	0.5010498807995598	0.9066283222644923
HER2ST_manual_controlled	HER2ST_D1_CONTROLLED	HER2ST_D1_CONTROLLED	HER2ST::D	forward	uot	random_gate	0.8	0.8003349377104119	0.05422027630050737	0.2000602420685861	0.2940018644171404	0.1345018077786778	33.84	0.4981230515312672	0.8975875253538701
HER2ST_manual_controlled	HER2ST_D1_CONTROLLED	HER2ST_D1_CONTROLLED	HER2ST::D	forward	uot	top2_margin_gate	0.8	0.8988878078412501	0.10137783483097988	0.28945366464942845	0.40215844489271957	0.19716273313805766	23.4	0.5010498807995598	0.9055719664189882
HER2ST_manual_controlled	HER2ST_D1_CONTROLLED__reverse	HER2ST_D1_CONTROLLED	HER2ST::D	reverse	balanced_ot	all_top1	1.0	0.621288361514579	0.04349339735894357	0.16552220888355343	0.25887203530060676	0.11614507913738863	57.1	0.4599207594585746	0.8943670522710102
HER2ST_manual_controlled	HER2ST_D1_CONTROLLED__reverse	HER2ST_D1_CONTROLLED	HER2ST::D	reverse	balanced_ot	identity_no_training	0.0		1.0	1.0	1.0	1.0	1.0	1.0	1.0
HER2ST_manual_controlled	HER2ST_D1_CONTROLLED__reverse	HER2ST_D1_CONTROLLED	HER2ST::D	reverse	balanced_ot	max_probability_gate	0.8	0.6132682928294528	0.0376110444177671	0.12151260504201682	0.22438499724214012	0.0933002315432658	66.0	0.4599207594585746	0.886397176134462
HER2ST_manual_controlled	HER2ST_D1_CONTROLLED__reverse	HER2ST_D1_CONTROLLED	HER2ST::D	reverse	balanced_ot	oracle_truth	0.8	1.0	0.08708447015169704	0.22032901121136414	0.3227342189947232	0.1656029447849235	36.5	0.46580311239975103	0.9062864188826509
HER2ST_manual_controlled	HER2ST_D1_CONTROLLED__reverse	HER2ST_D1_CONTROLLED	HER2ST::D	reverse	balanced_ot	random_gate	0.8	0.6261415765424215	0.035258103241296516	0.10722448979591837	0.21172353265630575	0.08664317703071416	70.76	0.4599207594585746	0.8863593065540891
HER2ST_manual_controlled	HER2ST_D1_CONTROLLED__reverse	HER2ST_D1_CONTROLLED	HER2ST::D	reverse	balanced_ot	top2_margin_gate	0.8	0.7449631867508242	0.04349339735894357	0.17909087959508127	0.27383602089484443	0.12037314358080511	54.0	0.46580311239975103	0.8951373002986032
HER2ST_manual_controlled	HER2ST_D1_CONTROLLED__reverse	HER2ST_D1_CONTROLLED	HER2ST::D	reverse	row_softmax	all_top1	1.0	0.936342841807476	0.127875150060024	0.317688928151113	0.4677532290557501	0.23278107355775565	21.8	0.4811725033993941	0.9144640491456627
HER2ST_manual_controlled	HER2ST_D1_CONTROLLED__reverse	HER2ST_D1_CONTROLLED	HER2ST::D	reverse	row_softmax	identity_no_training	0.0		1.0	1.0	1.0	1.0	1.0	1.0	1.0
HER2ST_manual_controlled	HER2ST_D1_CONTROLLED__reverse	HER2ST_D1_CONTROLLED	HER2ST::D	reverse	row_softmax	max_probability_gate	0.8	0.9344208760943429	0.07665666266506603	0.23747672041789686	0.33629361326840324	0.1648845594746263	31.9	0.46580311239975103	0.9068736533832842
HER2ST_manual_controlled	HER2ST_D1_CONTROLLED__reverse	HER2ST_D1_CONTROLLED	HER2ST::D	reverse	row_softmax	oracle_truth	0.8	1.0	0.07665666266506603	0.23665278396370834	0.31142405856691574	0.1598542897212482	36.0	0.46580311239975103	0.906312097379964
HER2ST_manual_controlled	HER2ST_D1_CONTROLLED__reverse	HER2ST_D1_CONTROLLED	HER2ST::D	reverse	row_softmax	random_gate	0.8	0.9370961318665427	0.06938415366146458	0.21469524910701382	0.29579882075680397	0.14663003939637637	42.0	0.46580311239975103	0.9039818993631854
HER2ST_manual_controlled	HER2ST_D1_CONTROLLED__reverse	HER2ST_D1_CONTROLLED	HER2ST::D	reverse	row_softmax	top2_margin_gate	0.8	0.995474374451273	0.10070228091236495	0.2606399857240193	0.397541021322534	0.19343706735870525	27.4	0.4698847450528123	0.9100404177342561
HER2ST_manual_controlled	HER2ST_D1_CONTROLLED__reverse	HER2ST_D1_CONTROLLED	HER2ST::D	reverse	uot	all_top1	1.0	0.6852213534702244	0.05937575030012006	0.2417019240128484	0.28378688084570436	0.1395675227146314	46.5	0.46580311239975103	0.900315453540433
HER2ST_manual_controlled	HER2ST_D1_CONTROLLED__reverse	HER2ST_D1_CONTROLLED	HER2ST::D	reverse	uot	identity_no_training	0.0		1.0	1.0	1.0	1.0	1.0	1.0	1.0
HER2ST_manual_controlled	HER2ST_D1_CONTROLLED__reverse	HER2ST_D1_CONTROLLED	HER2ST::D	reverse	uot	max_probability_gate	0.8	0.6914835766505578	0.0376110444177671	0.16460384153661467	0.2624991224991225	0.1121472397979512	55.2	0.4599207594585746	0.894026307385956
HER2ST_manual_controlled	HER2ST_D1_CONTROLLED__reverse	HER2ST_D1_CONTROLLED	HER2ST::D	reverse	uot	oracle_truth	0.8	1.0	0.07665666266506603	0.25116222410340056	0.3254696768142146	0.1646146425428698	37.3	0.46580311239975103	0.9066726345046681
HER2ST_manual_controlled	HER2ST_D1_CONTROLLED__reverse	HER2ST_D1_CONTROLLED	HER2ST::D	reverse	uot	random_gate	0.8	0.6928328935471856	0.040963985594237695	0.12846938775510205	0.22863392138182054	0.10216452915186909	60.92	0.46109723004680986	0.8923672208120349
HER2ST_manual_controlled	HER2ST_D1_CONTROLLED__reverse	HER2ST_D1_CONTROLLED	HER2ST::D	reverse	uot	top2_margin_gate	0.8	0.8154935509295853	0.04349339735894357	0.21993721813049544	0.30367932430957645	0.13598150058394945	45.2	0.46580311239975103	0.9003606629032959
HER2ST_manual_controlled	HER2ST_E1_CONTROLLED	HER2ST_E1_CONTROLLED	HER2ST::E	forward	balanced_ot	all_top1	1.0	0.80653408751868	1.0	1.0	1.0	1.0	1.0	1.0	0.9152914597675395
HER2ST_manual_controlled	HER2ST_E1_CONTROLLED	HER2ST_E1_CONTROLLED	HER2ST::E	forward	balanced_ot	identity_no_training	0.0		1.0	1.0	1.0	1.0	1.0	1.0	1.0
HER2ST_manual_controlled	HER2ST_E1_CONTROLLED	HER2ST_E1_CONTROLLED	HER2ST::E	forward	balanced_ot	max_probability_gate	0.8	0.8217664828371521	1.0	1.0	1.0	1.0	1.0	1.0	0.8986864096590812
HER2ST_manual_controlled	HER2ST_E1_CONTROLLED	HER2ST_E1_CONTROLLED	HER2ST::E	forward	balanced_ot	oracle_truth	0.8	1.0	1.0	1.0	1.0	1.0	1.0	1.0	0.9455979529902677
HER2ST_manual_controlled	HER2ST_E1_CONTROLLED	HER2ST_E1_CONTROLLED	HER2ST::E	forward	balanced_ot	random_gate	0.8	0.8045454148878713	0.9990516273849608	1.0	1.0	0.9995258136924804	1.0	0.9995061728395062	0.8957482870511742
HER2ST_manual_controlled	HER2ST_E1_CONTROLLED	HER2ST_E1_CONTROLLED	HER2ST::E	forward	balanced_ot	top2_margin_gate	0.8	0.9398711276403005	1.0	1.0	1.0	1.0	1.0	1.0	0.9306991160417493
HER2ST_manual_controlled	HER2ST_E1_CONTROLLED	HER2ST_E1_CONTROLLED	HER2ST::E	forward	row_softmax	all_top1	1.0	0.9483833979021682	1.0	1.0	1.0	1.0	1.0	1.0	0.9532114096966613
HER2ST_manual_controlled	HER2ST_E1_CONTROLLED	HER2ST_E1_CONTROLLED	HER2ST::E	forward	row_softmax	identity_no_training	0.0		1.0	1.0	1.0	1.0	1.0	1.0	1.0
HER2ST_manual_controlled	HER2ST_E1_CONTROLLED	HER2ST_E1_CONTROLLED	HER2ST::E	forward	row_softmax	max_probability_gate	0.8	0.9385184143238214	1.0	1.0	1.0	1.0	1.0	1.0	0.9346956427514892
HER2ST_manual_controlled	HER2ST_E1_CONTROLLED	HER2ST_E1_CONTROLLED	HER2ST::E	forward	row_softmax	oracle_truth	0.8	1.0	1.0	1.0	1.0	1.0	1.0	1.0	0.9449207292842983
HER2ST_manual_controlled	HER2ST_E1_CONTROLLED	HER2ST_E1_CONTROLLED	HER2ST::E	forward	row_softmax	random_gate	0.8	0.9481912087918364	1.0	1.0	1.0	1.0	1.0	1.0	0.9360070443575028
HER2ST_manual_controlled	HER2ST_E1_CONTROLLED	HER2ST_E1_CONTROLLED	HER2ST::E	forward	row_softmax	top2_margin_gate	0.8	0.9809398815577912	1.0	1.0	1.0	1.0	1.0	1.0	0.9455374614827623
HER2ST_manual_controlled	HER2ST_E1_CONTROLLED	HER2ST_E1_CONTROLLED	HER2ST::E	forward	uot	all_top1	1.0	0.9696919003719122	1.0	1.0	1.0	1.0	1.0	1.0	0.9565354649206729
HER2ST_manual_controlled	HER2ST_E1_CONTROLLED	HER2ST_E1_CONTROLLED	HER2ST::E	forward	uot	identity_no_training	0.0		1.0	1.0	1.0	1.0	1.0	1.0	1.0
HER2ST_manual_controlled	HER2ST_E1_CONTROLLED	HER2ST_E1_CONTROLLED	HER2ST::E	forward	uot	max_probability_gate	0.8	0.9795965826607136	1.0	1.0	1.0	1.0	1.0	1.0	0.9418091185218657
HER2ST_manual_controlled	HER2ST_E1_CONTROLLED	HER2ST_E1_CONTROLLED	HER2ST::E	forward	uot	oracle_truth	0.8	1.0	1.0	1.0	1.0	1.0	1.0	1.0	0.9459074876026662
HER2ST_manual_controlled	HER2ST_E1_CONTROLLED	HER2ST_E1_CONTROLLED	HER2ST::E	forward	uot	random_gate	0.8	0.9720948779938586	1.0	1.0	1.0	1.0	1.0	1.0	0.9401368663648382
HER2ST_manual_controlled	HER2ST_E1_CONTROLLED	HER2ST_E1_CONTROLLED	HER2ST::E	forward	uot	top2_margin_gate	0.8	1.0	1.0	1.0	1.0	1.0	1.0	1.0	0.9470457783673749
HER2ST_manual_controlled	HER2ST_E1_CONTROLLED__reverse	HER2ST_E1_CONTROLLED	HER2ST::E	reverse	balanced_ot	all_top1	1.0	0.7294014595831442	0.9913978494623656	1.0	1.0	0.9956989247311828	1.0	1.0	0.8949800767312276
HER2ST_manual_controlled	HER2ST_E1_CONTROLLED__reverse	HER2ST_E1_CONTROLLED	HER2ST::E	reverse	balanced_ot	identity_no_training	0.0		1.0	1.0	1.0	1.0	1.0	1.0	1.0
HER2ST_manual_controlled	HER2ST_E1_CONTROLLED__reverse	HER2ST_E1_CONTROLLED	HER2ST::E	reverse	balanced_ot	max_probability_gate	0.8	0.7096665314990457	0.9267760347621152	0.9818570481661512	0.9904591987037856	0.9518272103729798	1.0	0.9663908528501988	0.8700817636337866
HER2ST_manual_controlled	HER2ST_E1_CONTROLLED__reverse	HER2ST_E1_CONTROLLED	HER2ST::E	reverse	balanced_ot	oracle_truth	0.8	1.0	1.0	1.0	1.0	1.0	1.0	1.0	0.9452577528791704
HER2ST_manual_controlled	HER2ST_E1_CONTROLLED__reverse	HER2ST_E1_CONTROLLED	HER2ST::E	reverse	balanced_ot	random_gate	0.8	0.7259267503892683	0.9569849756959787	0.9952688172043012	0.9965591397849461	0.9725193058967401	1.0	0.9808824569155987	0.8753520080160776
HER2ST_manual_controlled	HER2ST_E1_CONTROLLED__reverse	HER2ST_E1_CONTROLLED	HER2ST::E	reverse	balanced_ot	top2_margin_gate	0.8	0.8766905288615975	1.0	1.0	1.0	1.0	1.0	1.0	0.9168506617653532
HER2ST_manual_controlled	HER2ST_E1_CONTROLLED__reverse	HER2ST_E1_CONTROLLED	HER2ST::E	reverse	row_softmax	all_top1	1.0	0.9742217793383251	1.0	1.0	1.0	1.0	1.0	1.0	0.9578621986944249
HER2ST_manual_controlled	HER2ST_E1_CONTROLLED__reverse	HER2ST_E1_CONTROLLED	HER2ST::E	reverse	row_softmax	identity_no_training	0.0		1.0	1.0	1.0	1.0	1.0	1.0	1.0
HER2ST_manual_controlled	HER2ST_E1_CONTROLLED__reverse	HER2ST_E1_CONTROLLED	HER2ST::E	reverse	row_softmax	max_probability_gate	0.8	0.9685989235734815	1.0	1.0	1.0	1.0	1.0	1.0	0.9404270906547652
HER2ST_manual_controlled	HER2ST_E1_CONTROLLED__reverse	HER2ST_E1_CONTROLLED	HER2ST::E	reverse	row_softmax	oracle_truth	0.8	1.0	1.0	1.0	1.0	1.0	1.0	1.0	0.945645928937647
HER2ST_manual_controlled	HER2ST_E1_CONTROLLED__reverse	HER2ST_E1_CONTROLLED	HER2ST::E	reverse	row_softmax	random_gate	0.8	0.9754216175518383	1.0	1.0	1.0	1.0	1.0	1.0	0.9413734649507987
HER2ST_manual_controlled	HER2ST_E1_CONTROLLED__reverse	HER2ST_E1_CONTROLLED	HER2ST::E	reverse	row_softmax	top2_margin_gate	0.8	1.0	1.0	1.0	1.0	1.0	1.0	1.0	0.9490032375316032
HER2ST_manual_controlled	HER2ST_E1_CONTROLLED__reverse	HER2ST_E1_CONTROLLED	HER2ST::E	reverse	uot	all_top1	1.0	0.8458453098202563	1.0	1.0	1.0	1.0	1.0	1.0	0.9293358347434776
HER2ST_manual_controlled	HER2ST_E1_CONTROLLED__reverse	HER2ST_E1_CONTROLLED	HER2ST::E	reverse	uot	identity_no_training	0.0		1.0	1.0	1.0	1.0	1.0	1.0	1.0
HER2ST_manual_controlled	HER2ST_E1_CONTROLLED__reverse	HER2ST_E1_CONTROLLED	HER2ST::E	reverse	uot	max_probability_gate	0.8	0.8426541221651351	1.0	1.0	1.0	1.0	1.0	1.0	0.9100902432258259
HER2ST_manual_controlled	HER2ST_E1_CONTROLLED__reverse	HER2ST_E1_CONTROLLED	HER2ST::E	reverse	uot	oracle_truth	0.8	1.0	1.0	1.0	1.0	1.0	1.0	1.0	0.9449442333464801
HER2ST_manual_controlled	HER2ST_E1_CONTROLLED__reverse	HER2ST_E1_CONTROLLED	HER2ST::E	reverse	uot	random_gate	0.8	0.8438173380417382	1.0	1.0	1.0	1.0	1.0	1.0	0.9106358174313554
HER2ST_manual_controlled	HER2ST_E1_CONTROLLED__reverse	HER2ST_E1_CONTROLLED	HER2ST::E	reverse	uot	top2_margin_gate	0.8	0.9687855639387678	1.0	1.0	1.0	1.0	1.0	1.0	0.9413203786793962
HER2ST_manual_controlled	HER2ST_F1_CONTROLLED	HER2ST_F1_CONTROLLED	HER2ST::F	forward	balanced_ot	all_top1	1.0	0.8338155289010274	1.0	1.0	1.0	1.0	1.0	1.0	0.9497002583128795
HER2ST_manual_controlled	HER2ST_F1_CONTROLLED	HER2ST_F1_CONTROLLED	HER2ST::F	forward	balanced_ot	identity_no_training	0.0		1.0	1.0	1.0	1.0	1.0	1.0	1.0
HER2ST_manual_controlled	HER2ST_F1_CONTROLLED	HER2ST_F1_CONTROLLED	HER2ST::F	forward	balanced_ot	max_probability_gate	0.8	0.8181486642265107	0.975064120832146	0.9966942148760332	0.9983471074380166	0.9841617544859584	1.0	0.9983471074380166	0.9360194076380701
HER2ST_manual_controlled	HER2ST_F1_CONTROLLED	HER2ST_F1_CONTROLLED	HER2ST::F	forward	balanced_ot	oracle_truth	0.8	1.0	1.0	1.0	1.0	1.0	1.0	1.0	0.9549309399178945
HER2ST_manual_controlled	HER2ST_F1_CONTROLLED	HER2ST_F1_CONTROLLED	HER2ST::F	forward	balanced_ot	random_gate	0.8	0.8352820614311753	0.9790738102023369	0.9957024793388429	0.9986776859504133	0.9865784404316751	1.0	1.0	0.9374485046735241
HER2ST_manual_controlled	HER2ST_F1_CONTROLLED	HER2ST_F1_CONTROLLED	HER2ST::F	forward	balanced_ot	top2_margin_gate	0.8	0.9525063970625312	1.0	1.0	1.0	1.0	1.0	1.0	0.9531560146234366
HER2ST_manual_controlled	HER2ST_F1_CONTROLLED	HER2ST_F1_CONTROLLED	HER2ST::F	forward	row_softmax	all_top1	1.0	0.9829114145492308	1.0	1.0	1.0	1.0	1.0	1.0	0.964810094690215
HER2ST_manual_controlled	HER2ST_F1_CONTROLLED	HER2ST_F1_CONTROLLED	HER2ST::F	forward	row_softmax	identity_no_training	0.0		1.0	1.0	1.0	1.0	1.0	1.0	1.0
HER2ST_manual_controlled	HER2ST_F1_CONTROLLED	HER2ST_F1_CONTROLLED	HER2ST::F	forward	row_softmax	max_probability_gate	0.8	0.9839936903842883	1.0	1.0	1.0	1.0	1.0	1.0	0.9540282834087211
HER2ST_manual_controlled	HER2ST_F1_CONTROLLED	HER2ST_F1_CONTROLLED	HER2ST::F	forward	row_softmax	oracle_truth	0.8	1.0	1.0	1.0	1.0	1.0	1.0	1.0	0.9547877759816379
HER2ST_manual_controlled	HER2ST_F1_CONTROLLED	HER2ST_F1_CONTROLLED	HER2ST::F	forward	row_softmax	random_gate	0.8	0.9831856396701909	1.0	1.0	1.0	1.0	1.0	1.0	0.9532504461614636
HER2ST_manual_controlled	HER2ST_F1_CONTROLLED	HER2ST_F1_CONTROLLED	HER2ST::F	forward	row_softmax	top2_margin_gate	0.8	1.0	1.0	1.0	1.0	1.0	1.0	1.0	0.9571223602242946
HER2ST_manual_controlled	HER2ST_F1_CONTROLLED	HER2ST_F1_CONTROLLED	HER2ST::F	forward	uot	all_top1	1.0	0.9254922946460222	1.0	1.0	1.0	1.0	1.0	1.0	0.9600514697916032
HER2ST_manual_controlled	HER2ST_F1_CONTROLLED	HER2ST_F1_CONTROLLED	HER2ST::F	forward	uot	identity_no_training	0.0		1.0	1.0	1.0	1.0	1.0	1.0	1.0
HER2ST_manual_controlled	HER2ST_F1_CONTROLLED	HER2ST_F1_CONTROLLED	HER2ST::F	forward	uot	max_probability_gate	0.8	0.9195214716787407	0.9983471074380166	1.0	1.0	0.9991735537190083	1.0	1.0	0.9482965466991204
HER2ST_manual_controlled	HER2ST_F1_CONTROLLED	HER2ST_F1_CONTROLLED	HER2ST::F	forward	uot	oracle_truth	0.8	1.0	1.0	1.0	1.0	1.0	1.0	1.0	0.9547396495134018
HER2ST_manual_controlled	HER2ST_F1_CONTROLLED	HER2ST_F1_CONTROLLED	HER2ST::F	forward	uot	random_gate	0.8	0.92354440398571	0.99900826446281	1.0	1.0	0.999504132231405	1.0	1.0	0.9477635046617088
HER2ST_manual_controlled	HER2ST_F1_CONTROLLED	HER2ST_F1_CONTROLLED	HER2ST::F	forward	uot	top2_margin_gate	0.8	0.9920788805454812	1.0	1.0	1.0	1.0	1.0	1.0	0.9576451316795194
HER2ST_manual_controlled	HER2ST_F1_CONTROLLED__reverse	HER2ST_F1_CONTROLLED	HER2ST::F	reverse	balanced_ot	all_top1	1.0	0.7708190698348059	1.0	1.0	1.0	1.0	1.0	1.0	0.9366781373494331
HER2ST_manual_controlled	HER2ST_F1_CONTROLLED__reverse	HER2ST_F1_CONTROLLED	HER2ST::F	reverse	balanced_ot	identity_no_training	0.0		1.0	1.0	1.0	1.0	1.0	1.0	1.0
HER2ST_manual_controlled	HER2ST_F1_CONTROLLED__reverse	HER2ST_F1_CONTROLLED	HER2ST::F	reverse	balanced_ot	max_probability_gate	0.8	0.7280044246278053	0.9079457258912704	0.9777703731911652	0.9899038461538462	0.9402835306647338	1.0	0.9921934501142422	0.9186210183137898
HER2ST_manual_controlled	HER2ST_F1_CONTROLLED__reverse	HER2ST_F1_CONTROLLED	HER2ST::F	reverse	balanced_ot	oracle_truth	0.8	1.0	1.0	1.0	1.0	1.0	1.0	1.0	0.9548258216449629
HER2ST_manual_controlled	HER2ST_F1_CONTROLLED__reverse	HER2ST_F1_CONTROLLED	HER2ST::F	reverse	balanced_ot	random_gate	0.8	0.7635651264018024	0.9530688082544518	0.9916370180974141	0.9975641025641024	0.970434444190533	1.0	0.9932739908606244	0.9236249890473959
HER2ST_manual_controlled	HER2ST_F1_CONTROLLED__reverse	HER2ST_F1_CONTROLLED	HER2ST::F	reverse	balanced_ot	top2_margin_gate	0.8	0.8796481742548632	1.0	1.0	1.0	1.0	1.0	1.0	0.9410421710515354
HER2ST_manual_controlled	HER2ST_F1_CONTROLLED__reverse	HER2ST_F1_CONTROLLED	HER2ST::F	reverse	row_softmax	all_top1	1.0	0.9790517766055018	1.0	1.0	1.0	1.0	1.0	1.0	0.964039546661262
HER2ST_manual_controlled	HER2ST_F1_CONTROLLED__reverse	HER2ST_F1_CONTROLLED	HER2ST::F	reverse	row_softmax	identity_no_training	0.0		1.0	1.0	1.0	1.0	1.0	1.0	1.0
HER2ST_manual_controlled	HER2ST_F1_CONTROLLED__reverse	HER2ST_F1_CONTROLLED	HER2ST::F	reverse	row_softmax	max_probability_gate	0.8	0.9809604204176356	1.0	1.0	1.0	1.0	1.0	1.0	0.9528814399066047
HER2ST_manual_controlled	HER2ST_F1_CONTROLLED__reverse	HER2ST_F1_CONTROLLED	HER2ST::F	reverse	row_softmax	oracle_truth	0.8	1.0	1.0	1.0	1.0	1.0	1.0	1.0	0.9544820040961977
HER2ST_manual_controlled	HER2ST_F1_CONTROLLED__reverse	HER2ST_F1_CONTROLLED	HER2ST::F	reverse	row_softmax	random_gate	0.8	0.9791764108341111	1.0	1.0	1.0	1.0	1.0	1.0	0.9520451862774667
HER2ST_manual_controlled	HER2ST_F1_CONTROLLED__reverse	HER2ST_F1_CONTROLLED	HER2ST::F	reverse	row_softmax	top2_margin_gate	0.8	1.0	1.0	1.0	1.0	1.0	1.0	1.0	0.9564056294363766
HER2ST_manual_controlled	HER2ST_F1_CONTROLLED__reverse	HER2ST_F1_CONTROLLED	HER2ST::F	reverse	uot	all_top1	1.0	0.9260823293691975	1.0	1.0	1.0	1.0	1.0	1.0	0.9585275586571955
HER2ST_manual_controlled	HER2ST_F1_CONTROLLED__reverse	HER2ST_F1_CONTROLLED	HER2ST::F	reverse	uot	identity_no_training	0.0		1.0	1.0	1.0	1.0	1.0	1.0	1.0
HER2ST_manual_controlled	HER2ST_F1_CONTROLLED__reverse	HER2ST_F1_CONTROLLED	HER2ST::F	reverse	uot	max_probability_gate	0.8	0.9141689624901392	1.0	1.0	1.0	1.0	1.0	1.0	0.946071105103307
HER2ST_manual_controlled	HER2ST_F1_CONTROLLED__reverse	HER2ST_F1_CONTROLLED	HER2ST::F	reverse	uot	oracle_truth	0.8	1.0	1.0	1.0	1.0	1.0	1.0	1.0	0.9547224425082905
HER2ST_manual_controlled	HER2ST_F1_CONTROLLED__reverse	HER2ST_F1_CONTROLLED	HER2ST::F	reverse	uot	random_gate	0.8	0.9274887612453704	1.0	1.0	1.0	1.0	1.0	1.0	0.9465028997677003
HER2ST_manual_controlled	HER2ST_F1_CONTROLLED__reverse	HER2ST_F1_CONTROLLED	HER2ST::F	reverse	uot	top2_margin_gate	0.8	0.9840337675601448	1.0	1.0	1.0	1.0	1.0	1.0	0.9551537241901077
HER2ST_manual_controlled	HER2ST_G2_CONTROLLED	HER2ST_G2_CONTROLLED	HER2ST::G	forward	balanced_ot	all_top1	1.0	0.6919799390947247	0.6881345312924261	0.9075075075075075	0.9294294294294294	0.7806698260257198	1.6	0.7643561375140322	0.8985900668330166
HER2ST_manual_controlled	HER2ST_G2_CONTROLLED	HER2ST_G2_CONTROLLED	HER2ST::G	forward	balanced_ot	identity_no_training	0.0		1.0	1.0	1.0	1.0	1.0	1.0	1.0
HER2ST_manual_controlled	HER2ST_G2_CONTROLLED	HER2ST_G2_CONTROLLED	HER2ST::G	forward	balanced_ot	max_probability_gate	0.8	0.6823133373492323	0.5331093036356194	0.7884907984907985	0.861961961961962	0.6498723327461065	3.0	0.6740143179616864	0.8843881610094059
HER2ST_manual_controlled	HER2ST_G2_CONTROLLED	HER2ST_G2_CONTROLLED	HER2ST::G	forward	balanced_ot	oracle_truth	0.8	1.0	0.9351310217099691	0.9935935935935936	0.9962962962962962	0.961364976987784	1.0	0.9552010917800391	0.9207967763963115
HER2ST_manual_controlled	HER2ST_G2_CONTROLLED	HER2ST_G2_CONTROLLED	HER2ST::G	forward	balanced_ot	random_gate	0.8	0.6893619526722337	0.4721712035922563	0.7433841169104327	0.8141023290496975	0.5965176486854897	3.84	0.6311006796269953	0.8845589933831903
HER2ST_manual_controlled	HER2ST_G2_CONTROLLED	HER2ST_G2_CONTROLLED	HER2ST::G	forward	balanced_ot	top2_margin_gate	0.8	0.8075537560125827	0.720062998220893	0.9156156156156156	0.951051051051051	0.8069696731452176	1.4	0.7777945759524707	0.9006175263771576
HER2ST_manual_controlled	HER2ST_G2_CONTROLLED	HER2ST_G2_CONTROLLED	HER2ST::G	forward	row_softmax	all_top1	1.0	0.7363819222258586	0.6564688169951328	0.8873768505347452	0.9392392392392391	0.7656262351191735	1.6	0.7270150109623794	0.9059142431795341
HER2ST_manual_controlled	HER2ST_G2_CONTROLLED	HER2ST_G2_CONTROLLED	HER2ST::G	forward	row_softmax	identity_no_training	0.0		1.0	1.0	1.0	1.0	1.0	1.0	1.0
HER2ST_manual_controlled	HER2ST_G2_CONTROLLED	HER2ST_G2_CONTROLLED	HER2ST::G	forward	row_softmax	max_probability_gate	0.8	0.7153800982187635	0.4030924649345701	0.7388251814567605	0.8158948422106317	0.5641592152420092	4.1	0.5713330131751184	0.8903720108573288
HER2ST_manual_controlled	HER2ST_G2_CONTROLLED	HER2ST_G2_CONTROLLED	HER2ST::G	forward	row_softmax	oracle_truth	0.8	1.0	0.9385344251133725	0.9898898898898899	0.9962962962962962	0.9639435853580591	1.0	0.9531990897780371	0.9201988751180048
HER2ST_manual_controlled	HER2ST_G2_CONTROLLED	HER2ST_G2_CONTROLLED	HER2ST::G	forward	row_softmax	random_gate	0.8	0.7340542744137708	0.41663722426880323	0.7283141724720672	0.807146883725831	0.5643200872615797	4.14	0.5850704348072769	0.8903234364162629
HER2ST_manual_controlled	HER2ST_G2_CONTROLLED	HER2ST_G2_CONTROLLED	HER2ST::G	forward	row_softmax	top2_margin_gate	0.8	0.8297390640948901	0.6732531924637188	0.8962910278699752	0.9357304673094147	0.774758257294384	1.6	0.7335676161991952	0.9053361917382621
HER2ST_manual_controlled	HER2ST_G2_CONTROLLED	HER2ST_G2_CONTROLLED	HER2ST::G	forward	uot	all_top1	1.0	0.7482278852180196	0.8304786770576245	0.9581581581581581	0.9726726726726727	0.8859949104416047	1.0	0.8668127033916507	0.9093461441779251
HER2ST_manual_controlled	HER2ST_G2_CONTROLLED	HER2ST_G2_CONTROLLED	HER2ST::G	forward	uot	identity_no_training	0.0		1.0	1.0	1.0	1.0	1.0	1.0	1.0
HER2ST_manual_controlled	HER2ST_G2_CONTROLLED	HER2ST_G2_CONTROLLED	HER2ST::G	forward	uot	max_probability_gate	0.8	0.737132800521349	0.6370792047107836	0.8845845845845846	0.9281281281281281	0.7492058730142908	1.8	0.7244137254663571	0.895411336313997
HER2ST_manual_controlled	HER2ST_G2_CONTROLLED	HER2ST_G2_CONTROLLED	HER2ST::G	forward	uot	oracle_truth	0.8	1.0	0.9404613520402995	0.9935935935935936	0.9962962962962962	0.9654163378724782	1.0	0.957903794482742	0.9210344923525714
HER2ST_manual_controlled	HER2ST_G2_CONTROLLED	HER2ST_G2_CONTROLLED	HER2ST::G	forward	uot	random_gate	0.8	0.7477962021047698	0.5914672891514996	0.8523427719217193	0.9002294075451969	0.7131257365087433	1.78	0.7104037965090597	0.8950616001567051
HER2ST_manual_controlled	HER2ST_G2_CONTROLLED	HER2ST_G2_CONTROLLED	HER2ST::G	forward	uot	top2_margin_gate	0.8	0.8709540419050825	0.8678137043926517	0.9608608608608609	0.9790790790790791	0.9079805508566355	1.0	0.8898107013896487	0.9116774477434895
HER2ST_manual_controlled	HER2ST_G2_CONTROLLED__reverse	HER2ST_G2_CONTROLLED	HER2ST::G	reverse	balanced_ot	all_top1	1.0	0.7048462066747566	0.7282392144881393	0.9017985761696009	0.9396792847090168	0.807604893317337	1.2	0.7935625118110596	0.8977552623938972
HER2ST_manual_controlled	HER2ST_G2_CONTROLLED__reverse	HER2ST_G2_CONTROLLED	HER2ST::G	reverse	balanced_ot	identity_no_training	0.0		1.0	1.0	1.0	1.0	1.0	1.0	1.0
HER2ST_manual_controlled	HER2ST_G2_CONTROLLED__reverse	HER2ST_G2_CONTROLLED	HER2ST::G	reverse	balanced_ot	max_probability_gate	0.8	0.6518860360043983	0.46847997969246247	0.724140499390536	0.7886873642883925	0.5821341045190314	2.4	0.6389340569275024	0.8783363201362409
HER2ST_manual_controlled	HER2ST_G2_CONTROLLED__reverse	HER2ST_G2_CONTROLLED	HER2ST::G	reverse	balanced_ot	oracle_truth	0.8	1.0	0.9483083111686085	0.9964912280701753	0.9964912280701753	0.9702720544982558	1.0	0.9672876730314739	0.9199823155007374
HER2ST_manual_controlled	HER2ST_G2_CONTROLLED__reverse	HER2ST_G2_CONTROLLED	HER2ST::G	reverse	balanced_ot	random_gate	0.8	0.7055434753090091	0.4976838768446167	0.7756397581006917	0.8373053288595285	0.6233007471038106	2.4	0.6620627178056271	0.8839592578743642
HER2ST_manual_controlled	HER2ST_G2_CONTROLLED__reverse	HER2ST_G2_CONTROLLED	HER2ST::G	reverse	balanced_ot	top2_margin_gate	0.8	0.8167897209376541	0.7368508754978257	0.9153014578700273	0.9604297936743267	0.8193455717991831	1.2	0.7836477095086053	0.9010730509923984
HER2ST_manual_controlled	HER2ST_G2_CONTROLLED__reverse	HER2ST_G2_CONTROLLED	HER2ST::G	reverse	row_softmax	all_top1	1.0	0.8019977896456183	0.8886027434945168	0.9871162280701753	0.9964912280701753	0.932269325523275	1.0	0.9049188924735215	0.9150957939796813
HER2ST_manual_controlled	HER2ST_G2_CONTROLLED__reverse	HER2ST_G2_CONTROLLED	HER2ST::G	reverse	row_softmax	identity_no_training	0.0		1.0	1.0	1.0	1.0	1.0	1.0	1.0
HER2ST_manual_controlled	HER2ST_G2_CONTROLLED__reverse	HER2ST_G2_CONTROLLED	HER2ST::G	reverse	row_softmax	max_probability_gate	0.8	0.7847235745648239	0.6795410937697309	0.9284826687174099	0.9506686798964624	0.793399465372931	1.2	0.7532043801177222	0.900973128938154
HER2ST_manual_controlled	HER2ST_G2_CONTROLLED__reverse	HER2ST_G2_CONTROLLED	HER2ST::G	reverse	row_softmax	oracle_truth	0.8	1.0	0.9524243917161168	0.9964912280701753	0.9964912280701753	0.9720256864949419	1.0	0.9707207716230233	0.9208680915782171
HER2ST_manual_controlled	HER2ST_G2_CONTROLLED__reverse	HER2ST_G2_CONTROLLED	HER2ST::G	reverse	row_softmax	random_gate	0.8	0.7997966940568968	0.6344515432618972	0.8943098982756249	0.9299455193132511	0.7547646896311723	1.3199999999999998	0.7146340038801038	0.8997455010327535
HER2ST_manual_controlled	HER2ST_G2_CONTROLLED__reverse	HER2ST_G2_CONTROLLED	HER2ST::G	reverse	row_softmax	top2_margin_gate	0.8	0.9057550832092011	0.8909601996348677	0.9871162280701753	0.9964912280701753	0.9343028084772145	1.0	0.9072763486138726	0.9150679761083648
HER2ST_manual_controlled	HER2ST_G2_CONTROLLED__reverse	HER2ST_G2_CONTROLLED	HER2ST::G	reverse	uot	all_top1	1.0	0.7454178564552715	0.7944784897597562	0.9416041203360515	0.962938596491228	0.8577732216746663	1.0	0.8326702094782246	0.9055224338902162
HER2ST_manual_controlled	HER2ST_G2_CONTROLLED__reverse	HER2ST_G2_CONTROLLED	HER2ST::G	reverse	uot	identity_no_training	0.0		1.0	1.0	1.0	1.0	1.0	1.0	1.0
HER2ST_manual_controlled	HER2ST_G2_CONTROLLED__reverse	HER2ST_G2_CONTROLLED	HER2ST::G	reverse	uot	max_probability_gate	0.8	0.7073428179679875	0.5880657106819179	0.8145995573043117	0.8669581549235893	0.6998635880495223	1.5	0.6979244126524033	0.8891070619958121
HER2ST_manual_controlled	HER2ST_G2_CONTROLLED__reverse	HER2ST_G2_CONTROLLED	HER2ST::G	reverse	uot	oracle_truth	0.8	1.0	0.9616486157790298	0.9964912280701753	0.9964912280701753	0.9780992460361636	1.0	0.9742295435528477	0.9210559205750813
HER2ST_manual_controlled	HER2ST_G2_CONTROLLED__reverse	HER2ST_G2_CONTROLLED	HER2ST::G	reverse	uot	random_gate	0.8	0.7440135269147	0.5648929361013085	0.8206871968421299	0.873355803626702	0.6807879855288335	1.64	0.6937676496638482	0.8908339429277736
HER2ST_manual_controlled	HER2ST_G2_CONTROLLED__reverse	HER2ST_G2_CONTROLLED	HER2ST::G	reverse	uot	top2_margin_gate	0.8	0.8790343225527651	0.8652228719442489	0.9762061403508773	0.9867324561403509	0.9128004700431763	1.0	0.8840485452825242	0.9110679630948232
HER2ST_manual_controlled	HER2ST_H1_CONTROLLED	HER2ST_H1_CONTROLLED	HER2ST::H	forward	balanced_ot	all_top1	1.0	0.8518919457690506	1.0	1.0	1.0	1.0	1.0	1.0	0.9346664639144574
HER2ST_manual_controlled	HER2ST_H1_CONTROLLED	HER2ST_H1_CONTROLLED	HER2ST::H	forward	balanced_ot	identity_no_training	0.0		1.0	1.0	1.0	1.0	1.0	1.0	1.0
HER2ST_manual_controlled	HER2ST_H1_CONTROLLED	HER2ST_H1_CONTROLLED	HER2ST::H	forward	balanced_ot	max_probability_gate	0.8	0.849641852794907	1.0	1.0	1.0	1.0	1.0	1.0	0.916784025454287
HER2ST_manual_controlled	HER2ST_H1_CONTROLLED	HER2ST_H1_CONTROLLED	HER2ST::H	forward	balanced_ot	oracle_truth	0.8	1.0	1.0	1.0	1.0	1.0	1.0	1.0	0.9495070240512412
HER2ST_manual_controlled	HER2ST_H1_CONTROLLED	HER2ST_H1_CONTROLLED	HER2ST::H	forward	balanced_ot	random_gate	0.8	0.851656635974939	1.0	1.0	1.0	1.0	1.0	1.0	0.9146457009736638
HER2ST_manual_controlled	HER2ST_H1_CONTROLLED	HER2ST_H1_CONTROLLED	HER2ST::H	forward	balanced_ot	top2_margin_gate	0.8	0.953181106035332	1.0	1.0	1.0	1.0	1.0	1.0	0.942528743204574
HER2ST_manual_controlled	HER2ST_H1_CONTROLLED	HER2ST_H1_CONTROLLED	HER2ST::H	forward	row_softmax	all_top1	1.0	0.9271508865842352	1.0	1.0	1.0	1.0	1.0	1.0	0.9513043019909379
HER2ST_manual_controlled	HER2ST_H1_CONTROLLED	HER2ST_H1_CONTROLLED	HER2ST::H	forward	row_softmax	identity_no_training	0.0		1.0	1.0	1.0	1.0	1.0	1.0	1.0
HER2ST_manual_controlled	HER2ST_H1_CONTROLLED	HER2ST_H1_CONTROLLED	HER2ST::H	forward	row_softmax	max_probability_gate	0.8	0.9355378487916388	1.0	1.0	1.0	1.0	1.0	1.0	0.9375110592619211
HER2ST_manual_controlled	HER2ST_H1_CONTROLLED	HER2ST_H1_CONTROLLED	HER2ST::H	forward	row_softmax	oracle_truth	0.8	1.0	1.0	1.0	1.0	1.0	1.0	1.0	0.9484021313338606
HER2ST_manual_controlled	HER2ST_H1_CONTROLLED	HER2ST_H1_CONTROLLED	HER2ST::H	forward	row_softmax	random_gate	0.8	0.9274087209217416	1.0	1.0	1.0	1.0	1.0	1.0	0.932556781643186
HER2ST_manual_controlled	HER2ST_H1_CONTROLLED	HER2ST_H1_CONTROLLED	HER2ST::H	forward	row_softmax	top2_margin_gate	0.8	0.9985344839155583	1.0	1.0	1.0	1.0	1.0	1.0	0.9533977988215051
HER2ST_manual_controlled	HER2ST_H1_CONTROLLED	HER2ST_H1_CONTROLLED	HER2ST::H	forward	uot	all_top1	1.0	0.8919815777815211	1.0	1.0	1.0	1.0	1.0	1.0	0.9435538696138049
HER2ST_manual_controlled	HER2ST_H1_CONTROLLED	HER2ST_H1_CONTROLLED	HER2ST::H	forward	uot	identity_no_training	0.0		1.0	1.0	1.0	1.0	1.0	1.0	1.0
HER2ST_manual_controlled	HER2ST_H1_CONTROLLED	HER2ST_H1_CONTROLLED	HER2ST::H	forward	uot	max_probability_gate	0.8	0.8857325249494563	1.0	1.0	1.0	1.0	1.0	1.0	0.9262193596775609
HER2ST_manual_controlled	HER2ST_H1_CONTROLLED	HER2ST_H1_CONTROLLED	HER2ST::H	forward	uot	oracle_truth	0.8	1.0	1.0	1.0	1.0	1.0	1.0	1.0	0.9494496419828709
HER2ST_manual_controlled	HER2ST_H1_CONTROLLED	HER2ST_H1_CONTROLLED	HER2ST::H	forward	uot	random_gate	0.8	0.8908524811700484	1.0	1.0	1.0	1.0	1.0	1.0	0.9240736159222305
HER2ST_manual_controlled	HER2ST_H1_CONTROLLED	HER2ST_H1_CONTROLLED	HER2ST::H	forward	uot	top2_margin_gate	0.8	0.9802357643725952	1.0	1.0	1.0	1.0	1.0	1.0	0.9496172453993503
HER2ST_manual_controlled	HER2ST_H1_CONTROLLED__reverse	HER2ST_H1_CONTROLLED	HER2ST::H	reverse	balanced_ot	all_top1	1.0	0.8181923069092114	1.0	1.0	1.0	1.0	1.0	1.0	0.9261655004163035
HER2ST_manual_controlled	HER2ST_H1_CONTROLLED__reverse	HER2ST_H1_CONTROLLED	HER2ST::H	reverse	balanced_ot	identity_no_training	0.0		1.0	1.0	1.0	1.0	1.0	1.0	1.0
HER2ST_manual_controlled	HER2ST_H1_CONTROLLED__reverse	HER2ST_H1_CONTROLLED	HER2ST::H	reverse	balanced_ot	max_probability_gate	0.8	0.8312661103512848	1.0	1.0	1.0	1.0	1.0	1.0	0.9115898602001133
HER2ST_manual_controlled	HER2ST_H1_CONTROLLED__reverse	HER2ST_H1_CONTROLLED	HER2ST::H	reverse	balanced_ot	oracle_truth	0.8	1.0	1.0	1.0	1.0	1.0	1.0	1.0	0.9493089184130972
HER2ST_manual_controlled	HER2ST_H1_CONTROLLED__reverse	HER2ST_H1_CONTROLLED	HER2ST::H	reverse	balanced_ot	random_gate	0.8	0.8184501563596897	1.0	1.0	1.0	1.0	1.0	1.0	0.9061930973422655
HER2ST_manual_controlled	HER2ST_H1_CONTROLLED__reverse	HER2ST_H1_CONTROLLED	HER2ST::H	reverse	balanced_ot	top2_margin_gate	0.8	0.9452615060838065	1.0	1.0	1.0	1.0	1.0	1.0	0.941592834848841
HER2ST_manual_controlled	HER2ST_H1_CONTROLLED__reverse	HER2ST_H1_CONTROLLED	HER2ST::H	reverse	row_softmax	all_top1	1.0	0.8895320565086319	1.0	1.0	1.0	1.0	1.0	1.0	0.9428522366898889
HER2ST_manual_controlled	HER2ST_H1_CONTROLLED__reverse	HER2ST_H1_CONTROLLED	HER2ST::H	reverse	row_softmax	identity_no_training	0.0		1.0	1.0	1.0	1.0	1.0	1.0	1.0
HER2ST_manual_controlled	HER2ST_H1_CONTROLLED__reverse	HER2ST_H1_CONTROLLED	HER2ST::H	reverse	row_softmax	max_probability_gate	0.8	0.9339024286243742	1.0	1.0	1.0	1.0	1.0	1.0	0.9377845209853273
HER2ST_manual_controlled	HER2ST_H1_CONTROLLED__reverse	HER2ST_H1_CONTROLLED	HER2ST::H	reverse	row_softmax	oracle_truth	0.8	1.0	1.0	1.0	1.0	1.0	1.0	1.0	0.949532038868693
HER2ST_manual_controlled	HER2ST_H1_CONTROLLED__reverse	HER2ST_H1_CONTROLLED	HER2ST::H	reverse	row_softmax	random_gate	0.8	0.8864110395253549	1.0	1.0	1.0	1.0	1.0	1.0	0.9228575844562366
HER2ST_manual_controlled	HER2ST_H1_CONTROLLED__reverse	HER2ST_H1_CONTROLLED	HER2ST::H	reverse	row_softmax	top2_margin_gate	0.8	0.9713251337879265	1.0	1.0	1.0	1.0	1.0	1.0	0.9474687290623838
HER2ST_manual_controlled	HER2ST_H1_CONTROLLED__reverse	HER2ST_H1_CONTROLLED	HER2ST::H	reverse	uot	all_top1	1.0	0.8936690366108515	1.0	1.0	1.0	1.0	1.0	1.0	0.9462212666813213
HER2ST_manual_controlled	HER2ST_H1_CONTROLLED__reverse	HER2ST_H1_CONTROLLED	HER2ST::H	reverse	uot	identity_no_training	0.0		1.0	1.0	1.0	1.0	1.0	1.0	1.0
HER2ST_manual_controlled	HER2ST_H1_CONTROLLED__reverse	HER2ST_H1_CONTROLLED	HER2ST::H	reverse	uot	max_probability_gate	0.8	0.9218879513242104	1.0	1.0	1.0	1.0	1.0	1.0	0.9363543865458037
HER2ST_manual_controlled	HER2ST_H1_CONTROLLED__reverse	HER2ST_H1_CONTROLLED	HER2ST::H	reverse	uot	oracle_truth	0.8	1.0	1.0	1.0	1.0	1.0	1.0	1.0	0.949482255055506
HER2ST_manual_controlled	HER2ST_H1_CONTROLLED__reverse	HER2ST_H1_CONTROLLED	HER2ST::H	reverse	uot	random_gate	0.8	0.8957790903223856	1.0	1.0	1.0	1.0	1.0	1.0	0.927734138477682
HER2ST_manual_controlled	HER2ST_H1_CONTROLLED__reverse	HER2ST_H1_CONTROLLED	HER2ST::H	reverse	uot	top2_margin_gate	0.8	0.9889315783425181	1.0	1.0	1.0	1.0	1.0	1.0	0.9526594193172997
