independent_unit_id	method	metric	max_probability	top2_margin	raw_margin_minus_max	beneficial_margin_effect
HER2ST::A	balanced_ot	training_positive_precision	0.6496013282744353	0.7867907250060595	0.13718939673162422	0.13718939673162422
HER2ST::B	balanced_ot	training_positive_precision	0.5577333216559204	0.6584640858227526	0.10073076416683224	0.10073076416683224
HER2ST::C	balanced_ot	training_positive_precision	0.5228920693196849	0.5948573434337426	0.07196527411405773	0.07196527411405773
HER2ST::D	balanced_ot	training_positive_precision	0.652048236621072	0.7508034662157804	0.0987552295947084	0.0987552295947084
HER2ST::E	balanced_ot	training_positive_precision	0.7657165071680989	0.9082808282509489	0.14256432108285	0.14256432108285
HER2ST::F	balanced_ot	training_positive_precision	0.773076544427158	0.9160772856586972	0.14300074123153916	0.14300074123153916
HER2ST::G	balanced_ot	training_positive_precision	0.6670996866768153	0.8121717384751184	0.14507205179830307	0.14507205179830307
HER2ST::H	balanced_ot	training_positive_precision	0.8404539815730959	0.9492213060595693	0.10876732448647342	0.10876732448647342
HER2ST::A	row_softmax	training_positive_precision	0.8173212162222874	0.9046912497466315	0.08737003352434414	0.08737003352434414
HER2ST::B	row_softmax	training_positive_precision	0.8168510694864164	0.9355637290609116	0.11871265957449517	0.11871265957449517
HER2ST::C	row_softmax	training_positive_precision	0.6968191235497785	0.74588017080166	0.04906104725188154	0.04906104725188154
HER2ST::D	row_softmax	training_positive_precision	0.9029341760561433	0.9762590320954878	0.07332485603934447	0.07332485603934447
HER2ST::E	row_softmax	training_positive_precision	0.9535586689486515	0.9904699407788956	0.03691127183024412	0.03691127183024412
HER2ST::F	row_softmax	training_positive_precision	0.982477055400962	1.0	0.017522944599038026	0.017522944599038026
HER2ST::G	row_softmax	training_positive_precision	0.7500518363917936	0.8677470736520456	0.117695237260252	0.117695237260252
HER2ST::H	row_softmax	training_positive_precision	0.9347201387080065	0.9849298088517424	0.050209670143735896	0.050209670143735896
HER2ST::A	uot	training_positive_precision	0.738671846534204	0.8552348688499459	0.1165630223157419	0.1165630223157419
HER2ST::B	uot	training_positive_precision	0.682737778527389	0.7985311531144257	0.11579337458703665	0.11579337458703665
HER2ST::C	uot	training_positive_precision	0.6887844407916673	0.79437752120795	0.10559308041628268	0.10559308041628268
HER2ST::D	uot	training_positive_precision	0.7439595377348984	0.8571906793854177	0.11323114165051928	0.11323114165051928
HER2ST::E	uot	training_positive_precision	0.9111253524129244	0.9843927819693838	0.07326742955645948	0.07326742955645948
HER2ST::F	uot	training_positive_precision	0.9168452170844399	0.9880563240528131	0.07121110696837318	0.07121110696837318
HER2ST::G	uot	training_positive_precision	0.7222378092446682	0.8749941822289238	0.1527563729842556	0.1527563729842556
HER2ST::H	uot	training_positive_precision	0.9038102381368334	0.9845836713575566	0.08077343322072328	0.08077343322072328
HER2ST::A	balanced_ot	top1	0.08231238048349537	0.14549572116500886	0.06318334068151349	0.06318334068151349
HER2ST::B	balanced_ot	top1	0.23537534130062582	0.3539426555631405	0.11856731426251466	0.11856731426251466
HER2ST::C	balanced_ot	top1	0.014692982456140351	0.01276315789473684	-0.0019298245614035106	-0.0019298245614035106
HER2ST::D	balanced_ot	top1	0.03357415109817996	0.04425051920639886	0.010676368108218898	0.010676368108218898
HER2ST::E	balanced_ot	top1	0.9633880173810576	1.0	0.036611982618942385	0.036611982618942385
HER2ST::F	balanced_ot	top1	0.9415049233617082	1.0	0.05849507663829179	0.05849507663829179
HER2ST::G	balanced_ot	top1	0.500794641664041	0.7284569368593594	0.22766229519531844	0.22766229519531844
HER2ST::H	balanced_ot	top1	1.0	1.0	0.0	0.0
HER2ST::A	row_softmax	top1	0.15679229542865397	0.24394399494193314	0.08715169951327917	0.08715169951327917
HER2ST::B	row_softmax	top1	0.6168525561524077	0.8384497120889995	0.2215971559365918	0.2215971559365918
HER2ST::C	row_softmax	top1	0.013596491228070176	0.013596491228070176	0.0	0.0
HER2ST::D	row_softmax	top1	0.07341238292492863	0.1002913110045045	0.02687892807957587	0.02687892807957587
HER2ST::E	row_softmax	top1	1.0	1.0	0.0	0.0
HER2ST::F	row_softmax	top1	1.0	1.0	0.0	0.0
HER2ST::G	row_softmax	top1	0.5413167793521505	0.7821066960492933	0.24078991669714278	0.24078991669714278
HER2ST::H	row_softmax	top1	1.0	1.0	0.0	0.0
HER2ST::A	uot	top1	0.13032944337045613	0.21099916523273166	0.08066972186227553	0.08066972186227553
HER2ST::B	uot	top1	0.41353075425316893	0.6398824744445724	0.22635172019140343	0.22635172019140343
HER2ST::C	uot	top1	0.022192982456140348	0.022192982456140348	0.0	0.0
HER2ST::D	uot	top1	0.05369701924415465	0.07243561609496173	0.018738596850807074	0.018738596850807074
HER2ST::E	uot	top1	1.0	1.0	0.0	0.0
HER2ST::F	uot	top1	0.9991735537190083	1.0	0.0008264462809917106	0.0008264462809917106
HER2ST::G	uot	top1	0.6125724576963507	0.8665182881684503	0.2539458304720996	0.2539458304720996
HER2ST::H	uot	top1	1.0	1.0	0.0	0.0
HER2ST::A	balanced_ot	top5	0.2732993550794306	0.4158798703894701	0.1425805153100395	0.1425805153100395
HER2ST::B	balanced_ot	top5	0.3754152494380104	0.5171647707397337	0.14174952130172325	0.14174952130172325
HER2ST::C	balanced_ot	top5	0.10293540364320763	0.12236522820461114	0.019429824561403505	0.019429824561403505
HER2ST::D	balanced_ot	top5	0.14285858566790002	0.1917419371384539	0.048883351470553865	0.048883351470553865
HER2ST::E	balanced_ot	top5	0.9909285240830756	1.0	0.009071475916924365	0.009071475916924365
HER2ST::F	balanced_ot	top5	0.9872322940335991	1.0	0.012767705966400866	0.012767705966400866
HER2ST::G	balanced_ot	top5	0.7563156489406673	0.9154585367428214	0.15914288780215413	0.15914288780215413
HER2ST::H	balanced_ot	top5	1.0	1.0	0.0	0.0
HER2ST::A	row_softmax	top5	0.41358590652834637	0.572910676732358	0.1593247702040116	0.1593247702040116
HER2ST::B	row_softmax	top5	0.706897184952603	0.9091724249690603	0.20227524001645725	0.20227524001645725
HER2ST::C	row_softmax	top5	0.12361279155743765	0.1277794582241043	0.004166666666666652	0.004166666666666652
HER2ST::D	row_softmax	top5	0.21917130232032445	0.26982271307718175	0.05065141075685731	0.05065141075685731
HER2ST::E	row_softmax	top5	1.0	1.0	0.0	0.0
HER2ST::F	row_softmax	top5	1.0	1.0	0.0	0.0
HER2ST::G	row_softmax	top5	0.8336539250870851	0.9417036279700752	0.1080497028829901	0.1080497028829901
HER2ST::H	row_softmax	top5	1.0	1.0	0.0	0.0
HER2ST::A	uot	top5	0.36842637846606235	0.5173738412797979	0.14894746281373555	0.14894746281373555
HER2ST::B	uot	top5	0.5411889364140725	0.7527367774893752	0.21154784107530267	0.21154784107530267
HER2ST::C	uot	top5	0.1197502856758755	0.14371714727431606	0.023966861598440553	0.023966861598440553
HER2ST::D	uot	top5	0.19622170498494648	0.2546954413899619	0.058473736405015436	0.058473736405015436
HER2ST::E	uot	top5	1.0	1.0	0.0	0.0
HER2ST::F	uot	top5	1.0	1.0	0.0	0.0
HER2ST::G	uot	top5	0.8495920709444481	0.9685335006058691	0.11894142966142096	0.11894142966142096
HER2ST::H	uot	top5	1.0	1.0	0.0	0.0
HER2ST::A	balanced_ot	top10	0.428649460656906	0.5817196263409202	0.15307016568401421	0.15307016568401421
HER2ST::B	balanced_ot	top10	0.42039207699771775	0.5698191343540181	0.14942705735630035	0.14942705735630035
HER2ST::C	balanced_ot	top10	0.1797998588425086	0.19851129259931438	0.018711433756805784	0.018711433756805784
HER2ST::D	balanced_ot	top10	0.2559573222655471	0.3055249699192726	0.049567647653725455	0.049567647653725455
HER2ST::E	balanced_ot	top10	0.9952295993518928	1.0	0.004770400648107187	0.004770400648107187
HER2ST::F	balanced_ot	top10	0.9941254767959313	1.0	0.005874523204068671	0.005874523204068671
HER2ST::G	balanced_ot	top10	0.8253246631251772	0.9557404223626889	0.1304157592375117	0.1304157592375117
HER2ST::H	balanced_ot	top10	1.0	1.0	0.0	0.0
HER2ST::A	row_softmax	top10	0.5957679930233915	0.7128633276200314	0.1170953345966399	0.1170953345966399
HER2ST::B	row_softmax	top10	0.7591565205370252	0.9471400239213204	0.18798350338429515	0.18798350338429515
HER2ST::C	row_softmax	top10	0.16592071654231366	0.17603565907104926	0.010114942528735599	0.010114942528735599
HER2ST::D	row_softmax	top10	0.32618649426792007	0.3993986052880779	0.07321211102015784	0.07321211102015784
HER2ST::E	row_softmax	top10	1.0	1.0	0.0	0.0
HER2ST::F	row_softmax	top10	1.0	1.0	0.0	0.0
HER2ST::G	row_softmax	top10	0.883281761053547	0.966110847689795	0.082829086636248	0.082829086636248
HER2ST::H	row_softmax	top10	1.0	1.0	0.0	0.0
HER2ST::A	uot	top10	0.5270786645903136	0.6782505501352476	0.151171885544934	0.151171885544934
HER2ST::B	uot	top10	0.6160015310435895	0.7901774211274458	0.17417589008385637	0.17417589008385637
HER2ST::C	uot	top10	0.2250630167372454	0.2297998588425086	0.004736842105263178	0.004736842105263178
HER2ST::D	uot	top10	0.29212132908378097	0.352918884601148	0.06079755551736704	0.06079755551736704
HER2ST::E	uot	top10	1.0	1.0	0.0	0.0
HER2ST::F	uot	top10	1.0	1.0	0.0	0.0
HER2ST::G	uot	top10	0.8975431415258587	0.982905767609715	0.08536262608385636	0.08536262608385636
HER2ST::H	uot	top10	1.0	1.0	0.0	0.0
HER2ST::A	balanced_ot	mean_reciprocal_rank	0.18908836805209475	0.2772241609625066	0.08813579291041188	0.08813579291041188
HER2ST::B	balanced_ot	mean_reciprocal_rank	0.3136164431314835	0.436501137116972	0.12288469398548851	0.12288469398548851
HER2ST::C	balanced_ot	mean_reciprocal_rank	0.08395332376348902	0.0890719566754164	0.005118632911927379	0.005118632911927379
HER2ST::D	balanced_ot	mean_reciprocal_rank	0.10390105487777321	0.1291516215833965	0.025250566705623284	0.025250566705623284
HER2ST::E	balanced_ot	mean_reciprocal_rank	0.9759136051864898	1.0	0.02408639481351016	0.02408639481351016
HER2ST::F	balanced_ot	mean_reciprocal_rank	0.9622226425753462	1.0	0.037777357424653824	0.037777357424653824
HER2ST::G	balanced_ot	mean_reciprocal_rank	0.6160032186325689	0.8131576224722004	0.19715440383963145	0.19715440383963145
HER2ST::H	balanced_ot	mean_reciprocal_rank	1.0	1.0	0.0	0.0
HER2ST::A	row_softmax	mean_reciprocal_rank	0.28397991279689005	0.392210696691301	0.10823078389441093	0.10823078389441093
HER2ST::B	row_softmax	mean_reciprocal_rank	0.6690840676842127	0.8753217957433885	0.20623772805917584	0.20623772805917584
HER2ST::C	row_softmax	mean_reciprocal_rank	0.08498811841448634	0.08760573595258189	0.002617617538095557	0.002617617538095557
HER2ST::D	row_softmax	mean_reciprocal_rank	0.1603314316352929	0.1944308429139601	0.0340994112786672	0.0340994112786672
HER2ST::E	row_softmax	mean_reciprocal_rank	1.0	1.0	0.0	0.0
HER2ST::F	row_softmax	mean_reciprocal_rank	1.0	1.0	0.0	0.0
HER2ST::G	row_softmax	mean_reciprocal_rank	0.6787793403074701	0.8545305328857993	0.17575119257832916	0.17575119257832916
HER2ST::H	row_softmax	mean_reciprocal_rank	1.0	1.0	0.0	0.0
HER2ST::A	uot	mean_reciprocal_rank	0.2536347337055137	0.3540048388567827	0.10037010515126898	0.10037010515126898
HER2ST::B	uot	mean_reciprocal_rank	0.4877034579665829	0.6975188545673239	0.209815396600741	0.209815396600741
HER2ST::C	uot	mean_reciprocal_rank	0.09808465896497297	0.1064693984403595	0.008384739475386538	0.008384739475386538
HER2ST::D	uot	mean_reciprocal_rank	0.1333193014211851	0.16657211686100354	0.03325281543981845	0.03325281543981845
HER2ST::E	uot	mean_reciprocal_rank	1.0	1.0	0.0	0.0
HER2ST::F	uot	mean_reciprocal_rank	0.9995867768595041	1.0	0.0004132231404958553	0.0004132231404958553
HER2ST::G	uot	mean_reciprocal_rank	0.7245347305319065	0.9103905104499059	0.1858557799179994	0.1858557799179994
HER2ST::H	uot	mean_reciprocal_rank	1.0	1.0	0.0	0.0
HER2ST::A	balanced_ot	median_true_rank	16.85	10.100000000000001	-6.75	6.75
HER2ST::B	balanced_ot	median_true_rank	30.65	17.450000000000003	-13.199999999999996	13.199999999999996
HER2ST::C	balanced_ot	median_true_rank	56.5	54.7	-1.7999999999999972	1.7999999999999972
HER2ST::D	balanced_ot	median_true_rank	50.9	43.55	-7.350000000000001	7.350000000000001
HER2ST::E	balanced_ot	median_true_rank	1.0	1.0	0.0	-0.0
HER2ST::F	balanced_ot	median_true_rank	1.0	1.0	0.0	-0.0
HER2ST::G	balanced_ot	median_true_rank	2.7	1.2999999999999998	-1.4000000000000004	1.4000000000000004
HER2ST::H	balanced_ot	median_true_rank	1.0	1.0	0.0	-0.0
HER2ST::A	row_softmax	median_true_rank	8.3	4.95	-3.3500000000000005	3.3500000000000005
HER2ST::B	row_softmax	median_true_rank	4.55	1.0	-3.55	3.55
HER2ST::C	row_softmax	median_true_rank	54.9	53.4	-1.5	1.5
HER2ST::D	row_softmax	median_true_rank	31.45	25.7	-5.75	5.75
HER2ST::E	row_softmax	median_true_rank	1.0	1.0	0.0	-0.0
HER2ST::F	row_softmax	median_true_rank	1.0	1.0	0.0	-0.0
HER2ST::G	row_softmax	median_true_rank	2.65	1.3	-1.3499999999999999	1.3499999999999999
HER2ST::H	row_softmax	median_true_rank	1.0	1.0	0.0	-0.0
HER2ST::A	uot	median_true_rank	11.65	6.85	-4.800000000000001	4.800000000000001
HER2ST::B	uot	median_true_rank	13.7	5.2	-8.5	8.5
HER2ST::C	uot	median_true_rank	53.8	51.65	-2.1499999999999986	2.1499999999999986
HER2ST::D	uot	median_true_rank	42.55	34.3	-8.25	8.25
HER2ST::E	uot	median_true_rank	1.0	1.0	0.0	-0.0
HER2ST::F	uot	median_true_rank	1.0	1.0	0.0	-0.0
HER2ST::G	uot	median_true_rank	1.65	1.0	-0.6499999999999999	0.6499999999999999
HER2ST::H	uot	median_true_rank	1.0	1.0	0.0	-0.0
HER2ST::A	balanced_ot	region_label_accuracy	0.870542013331387	0.8738215832238602	0.003279569892473133	0.003279569892473133
HER2ST::B	balanced_ot	region_label_accuracy	0.3926245904845608	0.46888910611077855	0.07626451562621778	0.07626451562621778
HER2ST::C	balanced_ot	region_label_accuracy	0.7986284437146506	0.805410052910053	0.006781609195402383	0.006781609195402383
HER2ST::D	balanced_ot	region_label_accuracy	0.4804853201290672	0.4809874722094115	0.0005021520803443202	0.0005021520803443202
HER2ST::E	balanced_ot	region_label_accuracy	0.9831954264250994	1.0	0.016804573574900616	0.016804573574900616
HER2ST::F	balanced_ot	region_label_accuracy	0.9952702787761294	1.0	0.004729721223870609	0.004729721223870609
HER2ST::G	balanced_ot	region_label_accuracy	0.6564741874445944	0.780721142730538	0.12424695528594365	0.12424695528594365
HER2ST::H	balanced_ot	region_label_accuracy	1.0	1.0	0.0	0.0
HER2ST::A	row_softmax	region_label_accuracy	0.8738753466647204	0.8754882498905269	0.001612903225806428	0.001612903225806428
HER2ST::B	row_softmax	region_label_accuracy	0.6658351256198856	0.863533312308671	0.19769818668878547	0.19769818668878547
HER2ST::C	row_softmax	region_label_accuracy	0.805550538222952	0.808998814085021	0.0034482758620689724	0.0034482758620689724
HER2ST::D	row_softmax	region_label_accuracy	0.48605807554702385	0.4880988918735545	0.0020408163265306367	0.0020408163265306367
HER2ST::E	row_softmax	region_label_accuracy	1.0	1.0	0.0	0.0
HER2ST::F	row_softmax	region_label_accuracy	1.0	1.0	0.0	0.0
HER2ST::G	row_softmax	region_label_accuracy	0.6622686966464203	0.820421982406534	0.15815328576011367	0.15815328576011367
HER2ST::H	row_softmax	region_label_accuracy	1.0	1.0	0.0	0.0
HER2ST::A	uot	region_label_accuracy	0.8721549165571936	0.8754344864496666	0.003279569892473022	0.003279569892473022
HER2ST::B	uot	region_label_accuracy	0.5214617437650589	0.6862307987246137	0.16476905495955474	0.16476905495955474
HER2ST::C	uot	region_label_accuracy	0.8056654807516876	0.8056654807516876	0.0	0.0
HER2ST::D	uot	region_label_accuracy	0.4804853201290672	0.4834264965996554	0.002941176470588225	0.002941176470588225
HER2ST::E	uot	region_label_accuracy	1.0	1.0	0.0	0.0
HER2ST::F	uot	region_label_accuracy	1.0	1.0	0.0	0.0
HER2ST::G	uot	region_label_accuracy	0.7111690690593802	0.8869296233360864	0.17576055427670623	0.17576055427670623
HER2ST::H	uot	region_label_accuracy	1.0	1.0	0.0	0.0
HER2ST::A	balanced_ot	true_pair_cosine	0.8867405301571156	0.8996026853160526	0.012862155158936961	0.012862155158936961
HER2ST::B	balanced_ot	true_pair_cosine	0.7653931734423289	0.7911308011155302	0.025737627673201313	0.025737627673201313
HER2ST::C	balanced_ot	true_pair_cosine	0.886840474454266	0.8891641690487576	0.0023236945944916654	0.0023236945944916654
HER2ST::D	balanced_ot	true_pair_cosine	0.8893367062551536	0.8959683906974988	0.006631684442345187	0.006631684442345187
HER2ST::E	balanced_ot	true_pair_cosine	0.8843840866464339	0.9237748889035513	0.03939080225711744	0.03939080225711744
HER2ST::F	balanced_ot	true_pair_cosine	0.9273202129759299	0.9470990928374861	0.01977887986155613	0.01977887986155613
HER2ST::G	balanced_ot	true_pair_cosine	0.8813622405728234	0.900845288684778	0.01948304811195456	0.01948304811195456
HER2ST::H	balanced_ot	true_pair_cosine	0.9141869428272003	0.9420607890267075	0.02787384619950728	0.02787384619950728
HER2ST::A	row_softmax	true_pair_cosine	0.9044398147473711	0.9111741693948185	0.006734354647447427	0.006734354647447427
HER2ST::B	row_softmax	true_pair_cosine	0.8438618415709924	0.8663444287378395	0.022482587166847035	0.022482587166847035
HER2ST::C	row_softmax	true_pair_cosine	0.8913346359082548	0.892492601359511	0.0011579654512562376	0.0011579654512562376
HER2ST::D	row_softmax	true_pair_cosine	0.9047139554892321	0.9091133388519195	0.004399383362687415	0.004399383362687415
HER2ST::E	row_softmax	true_pair_cosine	0.9375613667031272	0.9472703495071828	0.009708982804055633	0.009708982804055633
HER2ST::F	row_softmax	true_pair_cosine	0.9534548616576629	0.9567639948303357	0.0033091331726727846	0.0033091331726727846
HER2ST::G	row_softmax	true_pair_cosine	0.8956725698977414	0.9102020839233134	0.01452951402557201	0.01452951402557201
HER2ST::H	row_softmax	true_pair_cosine	0.9376477901236242	0.9504332639419444	0.012785473818320181	0.012785473818320181
HER2ST::A	uot	true_pair_cosine	0.8965480106736806	0.9060670570051927	0.009519046331512127	0.009519046331512127
HER2ST::B	uot	true_pair_cosine	0.8077370421595544	0.8337604309761035	0.026023388816549087	0.026023388816549087
HER2ST::C	uot	true_pair_cosine	0.8928394240421366	0.8959956990602461	0.0031562750181095556	0.0031562750181095556
HER2ST::D	uot	true_pair_cosine	0.896712656228626	0.902966314661142	0.006253658432516018	0.006253658432516018
HER2ST::E	uot	true_pair_cosine	0.9259496808738458	0.9441830785233856	0.018233397649539795	0.018233397649539795
HER2ST::F	uot	true_pair_cosine	0.9471838259012137	0.9563994279348136	0.009215602033599835	0.009215602033599835
HER2ST::G	uot	true_pair_cosine	0.8922591991549046	0.9113727054191563	0.01911350626425168	0.01911350626425168
HER2ST::H	uot	true_pair_cosine	0.9312868731116823	0.951138332358325	0.019851459246642666	0.019851459246642666
