independent_unit_id	model	pair_purity	top1	top5	top10	mean_reciprocal_rank	median_true_rank	region_label_accuracy	true_pair_cosine
HER2ST::A	linear32	0.0	0.0008503401360544217	0.015178854323293745	0.03152925044030379	0.018266727085890888	153.29166666666666	0.7285096448240661	-0.0013277329756723102
HER2ST::A	linear32	0.5	0.003965839013307368	0.014226115497589276	0.033416247936478495	0.021760910427482377	144.20833333333334	0.7313253166948919	0.01433173578698188
HER2ST::A	linear32	1.0	0.008978472447618017	0.019105292771658053	0.03921682137098051	0.02710416615588807	136.41666666666666	0.7454037576974963	0.03130647734118005
HER2ST::A	mlp128_64_32	0.0	0.0025373931623931625	0.017983576098404307	0.02809268100294321	0.01996962166968647	152.66666666666669	0.703202423455588	-0.08687815070152283
HER2ST::A	mlp128_64_32	0.5	0.002848833802156587	0.009396841542524181	0.021731391829154033	0.016888683520064555	157.25	0.7314465612329537	-0.08108229058173796
HER2ST::A	mlp128_64_32	1.0	0.0030356305672761368	0.007215742783102639	0.02076616883635419	0.017441231780601113	146.04166666666669	0.7425749208722762	-0.03638424181068937
HER2ST::A	mlp64_32	0.0	0.003965839013307368	0.023298083500954206	0.046169427213165914	0.02376951619863185	150.54166666666669	0.6916579831786658	-0.03980284195858985
HER2ST::A	mlp64_32	0.5	0.0028311183826554534	0.011181581796410007	0.02710871565980065	0.01806718031108568	153.16666666666669	0.7126672597796015	-0.036425030208192766
HER2ST::A	mlp64_32	1.0	0.003681458518709875	0.012010014841163123	0.02146900927416298	0.017958942334638475	153.41666666666666	0.7406954361859426	-0.01761720442057898
HER2ST::B	linear32	0.0	0.0012077294685990338	0.02107401020444499	0.04585215862389776	0.022515745612242493	119.25	0.28038532250488774	0.002317967140697875
HER2ST::B	linear32	0.5	0.0012077294685990338	0.01850758508367204	0.035932919085092996	0.023131951490982457	112.125	0.31996697078218816	0.02634774746062855
HER2ST::B	linear32	1.0	0.007196054750402576	0.030201997593301944	0.05940949419210289	0.03523646881996963	81.625	0.3856162592575636	0.08720172281997898
HER2ST::B	mlp128_64_32	0.0	0.0034473879582575234	0.02187981671677324	0.03598324114628462	0.02402483988367246	117.375	0.2881293737271998	-0.09503205151607594
HER2ST::B	mlp128_64_32	0.5	0.00233385559472516	0.015386310223266746	0.03389389530693879	0.022323632005427835	117.45833333333334	0.30772657538961884	-0.048960324920093015
HER2ST::B	mlp128_64_32	1.0	0.0024154589371980675	0.010593120647468474	0.03032102896233331	0.0223231033647086	102.08333333333333	0.30111015165362987	0.07220147278470299
HER2ST::B	mlp64_32	0.0	0.0022835335335335337	0.02750400033008729	0.046099335501509416	0.025185822867554275	119.79166666666666	0.2686358012444969	-0.037847284305219844
HER2ST::B	mlp64_32	0.5	0.0010822510822510823	0.009078318860927557	0.029944593803289454	0.019656238705055423	113.79166666666667	0.25892576300184994	-0.019457424602781735
HER2ST::B	mlp64_32	1.0	0.0	0.016518883366709453	0.03398164539468887	0.02176893535974371	97.25	0.30521591255286906	0.07489262381568551
HER2ST::C	linear32	0.0	0.009637188208616778	0.03867788370784124	0.06613561476774488	0.04011195326702148	80.70833333333334	0.6863023050021672	-0.006276118103414774
HER2ST::C	linear32	0.5	0.012577823717878151	0.05138505581850815	0.09089256803118298	0.0512009215327415	59.625	0.667516883856965	0.042056175880134106
HER2ST::C	linear32	1.0	0.017370986965404425	0.07023058798108012	0.13149238708529354	0.060719160821060436	51.75	0.7066618384922507	0.09856509199986854
HER2ST::C	mlp128_64_32	0.0	0.009307599008595686	0.03511025321453974	0.05690618088793467	0.03655230955211819	75.41666666666666	0.6806194116898034	-0.07801277601780991
HER2ST::C	mlp128_64_32	0.5	0.012508879520800566	0.03926128969265906	0.054809218071800475	0.04292406345767867	67.5	0.6690633239493566	-0.05943510873961107
HER2ST::C	mlp128_64_32	1.0	0.005952380952380952	0.029768657321124707	0.06186545330932523	0.037589602507716355	64.95833333333333	0.7027915344621494	0.01899958159386491
HER2ST::C	mlp64_32	0.0	0.01065813922468212	0.039910925610554294	0.06548619636926428	0.041333583078199204	77.08333333333334	0.6853665932245463	-0.028080450681348644
HER2ST::C	mlp64_32	0.5	0.011293976845795984	0.04179401009789433	0.0830395875498999	0.0451602452083562	66.25	0.6861822626573791	0.00032432648974160296
HER2ST::C	mlp64_32	1.0	0.013513157200864842	0.03776068945256302	0.067898250243565	0.04612300615403772	59.5	0.6938997663727997	0.052835147903048586
HER2ST::D	linear32	0.0	0.006301641661230702	0.019964789929430075	0.039313694355415804	0.026494576863957314	112.79166666666666	0.5430906612825375	-0.001532245010215168
HER2ST::D	linear32	0.5	0.0012254901960784314	0.022460831604932285	0.05778189682506023	0.02788441895638112	98.0	0.528865757430105	0.03287208065739833
HER2ST::D	linear32	1.0	0.002876984126984127	0.037391103160802894	0.0662498687290345	0.03413919133148112	95.375	0.6045129897669232	0.0558546685303251
HER2ST::D	mlp128_64_32	0.0	0.001141552511415525	0.02574066865390713	0.045197863211614855	0.024082920849675175	111.04166666666666	0.5097861957808839	-0.0946269677951932
HER2ST::D	mlp128_64_32	0.5	0.0011111111111111111	0.011364870509607352	0.035938021928309895	0.020109893382706093	112.29166666666666	0.4838326283409302	-0.08733025845140219
HER2ST::D	mlp128_64_32	1.0	0.001488095238095238	0.0090000543596434	0.02349478147423353	0.019702330151490068	106.83333333333334	0.5982715021841469	-0.026309896532135703
HER2ST::D	mlp64_32	0.0	0.0022526636225266364	0.02066912429475515	0.03976003078472437	0.024778335489937527	117.58333333333334	0.4511258311303372	-0.0332954930102763
HER2ST::D	mlp64_32	0.5	0.0025845864661654134	0.012046054062095878	0.032842975690636746	0.022575413503920783	110.79166666666666	0.571179254205888	-0.034613605588674545
HER2ST::D	mlp64_32	1.0	0.0033491548505968118	0.02253355487833201	0.04951723251184636	0.02834028509080815	101.45833333333334	0.580014262253808	0.017971853065925338
HER2ST::E	linear32	0.0	0.0011401712583767685	0.01254341906863968	0.023214817960988045	0.014277753115133508	234.58333333333331	0.5433572743376172	0.0017367782808529833
HER2ST::E	linear32	0.5	0.0025662014838585294	0.0089288525006313	0.019469379240988724	0.014023212553324695	241.54166666666669	0.5138884577643446	0.003722187985355655
HER2ST::E	linear32	1.0	0.0022346119248167545	0.012975678694577511	0.025279314378402334	0.015839610160840564	228.5	0.5384469464599461	0.009179453472218787
HER2ST::E	mlp128_64_32	0.0	0.0004816955684007707	0.009723757974745062	0.01848783016321474	0.012806853684955415	237.29166666666669	0.5216217685288296	-0.06979760869095722
HER2ST::E	mlp128_64_32	0.5	0.001239311514079316	0.006031299949492573	0.011696618236491044	0.010993516659095582	253.29166666666666	0.5071334025237477	-0.07350609653318922
HER2ST::E	mlp128_64_32	1.0	0.0	0.0016356881447784236	0.009030729583074468	0.008793402090883468	247.70833333333331	0.5102711010687732	-0.04024118679808453
HER2ST::E	mlp64_32	0.0	0.0016501473697639645	0.007297761610587886	0.019783742062598336	0.012934090255808495	247.29166666666669	0.5363097606748546	-0.04308899313521882
HER2ST::E	mlp64_32	0.5	0.001122721209426412	0.00725042458788091	0.013963484425597049	0.01177425200732321	244.58333333333334	0.49532376980570414	-0.04682589190391202
HER2ST::E	mlp64_32	1.0	0.000641025641025641	0.005353529288034446	0.015365354054085009	0.011748300064282968	242.0	0.5218894714661271	-0.026070654722085845
HER2ST::F	linear32	0.0	0.0019884255913667683	0.007287276657090575	0.019396250010877844	0.011994502933639663	294.83333333333337	0.8565705504045034	0.005913610982436997
HER2ST::F	linear32	0.5	0.0026216206179441475	0.00861645820285526	0.016553645784411066	0.012337992666480052	295.16666666666663	0.8518246467346862	0.004442255652975291
HER2ST::F	linear32	1.0	0.0017734816120455292	0.010822291829778275	0.022087014348505886	0.013152916457888002	296.25	0.8560086426218738	0.007845134243780194
HER2ST::F	mlp128_64_32	0.0	0.0008995771260086902	0.0061182755880114575	0.016196292895941683	0.011009283551200733	285.79166666666663	0.855191356311088	-0.061047022230923176
HER2ST::F	mlp128_64_32	0.5	0.00043402777777777775	0.004454600230664147	0.012222231908550919	0.009482956783882293	302.5	0.8573509092902989	-0.05107093136757612
HER2ST::F	mlp128_64_32	1.0	0.0014626401890717531	0.004933622519167212	0.011530761587551761	0.009741181241736644	312.5	0.8797385766560408	-0.032949734944850206
HER2ST::F	mlp64_32	0.0	0.0024539749395976803	0.01018688439526223	0.01664241209960895	0.01288920322454969	294.0833333333333	0.8506913665469162	-0.024060126782084502
HER2ST::F	mlp64_32	0.5	0.002005786702477879	0.007347764359451017	0.015294001523257193	0.011345215667496893	305.625	0.8529147440495719	-0.03219173854813562
HER2ST::F	mlp64_32	1.0	0.0030170380026607437	0.007252554434868352	0.013968708148331465	0.012154292488145903	303.3333333333333	0.8603607093485504	-0.018849116041868307
HER2ST::G	linear32	0.0	0.0007645259938837921	0.013609237098959075	0.026734672065507184	0.016173795014459858	177.45833333333331	0.2710742399573248	-0.00010745089578752731
HER2ST::G	linear32	0.5	0.004623974858889287	0.01616085294952029	0.034253431779204375	0.022103103855164626	161.29166666666669	0.3211091285987012	0.027871785607809823
HER2ST::G	linear32	1.0	0.004201680672268907	0.027241357200838465	0.053128222186038174	0.027211432291751728	126.5	0.34066166211889914	0.07539818808436394
HER2ST::G	mlp128_64_32	0.0	0.0047911288442215256	0.012797724141590382	0.0302733594663866	0.019611521942366247	189.25	0.26315445250527025	-0.08083011023700237
HER2ST::G	mlp128_64_32	0.5	0.0033374652819585723	0.011086102576204241	0.028980837725607507	0.017715613080504435	174.29166666666669	0.2766931309570859	-0.05429972133909662
HER2ST::G	mlp128_64_32	1.0	0.0014648061059286098	0.007314719792941302	0.01549923505912976	0.01492975338506218	154.54166666666666	0.30286483650243745	-0.0013287299370858814
HER2ST::G	mlp64_32	0.0	0.006133936121338892	0.012081627532027565	0.030762717336680998	0.020262828795132377	182.20833333333334	0.2709623861582043	-0.03719535159567992
HER2ST::G	mlp64_32	0.5	0.00146480610592861	0.01662218591797325	0.03407505538441982	0.01880676241642694	159.25	0.2986476845554773	-0.0024594556452939287
HER2ST::G	mlp64_32	1.0	0.00392369474684447	0.01388354789135185	0.023849893970725934	0.019130419096469953	155.04166666666666	0.32940807316048537	0.013742150394440007
HER2ST::H	linear32	0.0	0.0025559196983307134	0.007189693643822181	0.020311527113191723	0.013634686500161228	239.91666666666669	0.22240411681671435	0.0005904842752594655
HER2ST::H	linear32	0.5	0.004655141466858989	0.011825679527246589	0.020876574013293642	0.016656460097714043	233.20833333333331	0.22621115545483597	0.006157552862229446
HER2ST::H	linear32	1.0	0.0028386605783866058	0.009662828742171321	0.019941687971808116	0.015162208513673739	225.16666666666669	0.20430218404091355	0.016763742197023628
HER2ST::H	mlp128_64_32	0.0	0.0018246126207051426	0.011751116480582571	0.021498524295058934	0.014904996526472735	231.04166666666669	0.2056203005128589	-0.06176411073344449
HER2ST::H	mlp128_64_32	0.5	0.0022465168013113216	0.009809867657403729	0.020533793061337693	0.013395881341877275	243.04166666666669	0.14276234444607594	-0.059389527421444654
HER2ST::H	mlp128_64_32	1.0	0.001141552511415525	0.009468228887756454	0.01754345810996524	0.01263783635743497	224.83333333333331	0.13223255029740827	-0.011964498757151887
HER2ST::H	mlp64_32	0.0	0.00188965733151184	0.008272348265646323	0.018568005237753864	0.01371562501485558	244.375	0.20953268938663266	-0.04145118873566389
HER2ST::H	mlp64_32	0.5	0.0005341880341880341	0.009360297383066443	0.017421248051827154	0.012559915996577768	226.875	0.1584405807582423	-0.024257920711534098
HER2ST::H	mlp64_32	1.0	0.0017123287671232876	0.005091324200913242	0.012691263278525378	0.012108106609558932	230.375	0.1508537897480043	-0.008472150531209383
