independent_unit_id	pair_id	direction	model	pair_purity	top1	top5	top10	mean_reciprocal_rank	median_true_rank	region_label_accuracy	true_pair_cosine
HER2ST::A	HER2ST_A1_CONTROLLED	forward	linear32	0.0	0.0017006802721088435	0.01660405723470823	0.03657404417463188	0.02132074993372014	128.41666666666666	0.7471843695284021	0.007832304787977288
HER2ST::A	HER2ST_A1_CONTROLLED	forward	linear32	0.5	0.004219409282700422	0.013611721059731909	0.030251209133442408	0.021074520806786567	127.33333333333333	0.7312629165590288	0.01007838873192668
HER2ST::A	HER2ST_A1_CONTROLLED	forward	linear32	1.0	0.010790260196905765	0.027838772639857633	0.0500247567381383	0.03218032633879169	115.91666666666667	0.7624712068371653	0.03957503940910101
HER2ST::A	HER2ST_A1_CONTROLLED	forward	mlp128_64_32	0.0	0.003472222222222222	0.010754829357903499	0.023548501679152675	0.019279707814957938	145.08333333333334	0.7233649789029536	-0.08770718177159627
HER2ST::A	HER2ST_A1_CONTROLLED	forward	mlp128_64_32	0.5	0.003845815752461322	0.009018718246792387	0.02255957762851976	0.01781621232054703	144.83333333333334	0.7281934398231867	-0.08822436879078548
HER2ST::A	HER2ST_A1_CONTROLLED	forward	mlp128_64_32	1.0	0.0	0.0017006802721088435	0.020040848617928184	0.015660889072359695	142.83333333333334	0.7400143337925887	-0.04532846622169018
HER2ST::A	HER2ST_A1_CONTROLLED	forward	mlp64_32	0.0	0.006329113924050633	0.02222141493728293	0.04780875957978128	0.024991964251132273	137.0	0.7064456320502884	-0.030100605140129726
HER2ST::A	HER2ST_A1_CONTROLLED	forward	mlp64_32	0.5	0.0017006802721088435	0.0017006802721088435	0.022185984098280664	0.015490044735111374	143.5	0.7170295860960417	-0.0501393818606933
HER2ST::A	HER2ST_A1_CONTROLLED	forward	mlp64_32	1.0	0.003401360544217687	0.014494352593358018	0.023886664370389502	0.018692219952560127	139.91666666666666	0.7420886075949368	-0.026399145756537717
HER2ST::A	HER2ST_A1_CONTROLLED__reverse	reverse	linear32	0.0	0.0	0.01375365141187926	0.026484456705975695	0.015212704238061633	178.16666666666666	0.7098349201197302	-0.010487770739321908
HER2ST::A	HER2ST_A1_CONTROLLED__reverse	reverse	linear32	0.5	0.0037122687439143133	0.014840509935446645	0.036581286739514586	0.022447300048178184	161.08333333333334	0.7313877168307549	0.01858508284203708
HER2ST::A	HER2ST_A1_CONTROLLED__reverse	reverse	linear32	1.0	0.007166684698330268	0.010371812903458474	0.028408886003822714	0.022028005972984446	156.91666666666666	0.7283363085578275	0.023037915273259085
HER2ST::A	HER2ST_A1_CONTROLLED__reverse	reverse	mlp128_64_32	0.0	0.0016025641025641027	0.025212322838905118	0.03263686032673375	0.020659535524415	160.25	0.6830398680082225	-0.08604911963144939
HER2ST::A	HER2ST_A1_CONTROLLED__reverse	reverse	mlp128_64_32	0.5	0.001851851851851852	0.009774964838255977	0.020903206029788308	0.01596115471958208	169.66666666666666	0.7346996826427207	-0.07394021237269044
HER2ST::A	HER2ST_A1_CONTROLLED__reverse	reverse	mlp128_64_32	1.0	0.0060712611345522735	0.012730805294096434	0.021491489054780193	0.01922157448884253	149.25	0.7451355079519636	-0.02744001739968856
HER2ST::A	HER2ST_A1_CONTROLLED__reverse	reverse	mlp64_32	0.0	0.0016025641025641027	0.024374752064625485	0.044530094846550544	0.022547068146131433	164.08333333333334	0.6768703343070431	-0.04950507877704998
HER2ST::A	HER2ST_A1_CONTROLLED__reverse	reverse	mlp64_32	0.5	0.003961556493202063	0.020662483320711172	0.03203144722132064	0.020644315887059988	162.83333333333334	0.7083049334631614	-0.022710678555692237
HER2ST::A	HER2ST_A1_CONTROLLED__reverse	reverse	mlp64_32	1.0	0.003961556493202063	0.009525677088968228	0.019051354177936457	0.017225664716716826	166.91666666666666	0.7393022647769483	-0.008835263084620237
HER2ST::B	HER2ST_B1_CONTROLLED	forward	linear32	0.0	0.0024154589371980675	0.01899725812769291	0.05214725595160378	0.024570175295283807	112.33333333333333	0.2938781172476825	-0.01471992454996022
HER2ST::B	HER2ST_B1_CONTROLLED	forward	linear32	0.5	0.0	0.016279866823345084	0.03255973364669017	0.02253561289792669	111.58333333333333	0.3257360621491056	0.009708050483216843
HER2ST::B	HER2ST_B1_CONTROLLED	forward	linear32	1.0	0.00714573268921095	0.02326239282761022	0.05344474909692301	0.034194628788107306	74.25	0.45069798058928495	0.08333295257762074
HER2ST::B	HER2ST_B1_CONTROLLED	forward	mlp128_64_32	0.0	0.004730273752012883	0.01869532576054315	0.03266037776907342	0.02434060185235903	108.91666666666667	0.22200189319754537	-0.08782839588820934
HER2ST::B	HER2ST_B1_CONTROLLED	forward	mlp128_64_32	0.5	0.0022522522522522522	0.016279866823345084	0.03255973364669017	0.022979337037119935	107.25	0.3572186316751534	-0.05303073953837156
HER2ST::B	HER2ST_B1_CONTROLLED	forward	mlp128_64_32	1.0	0.004830917874396135	0.014190821256038648	0.037491295643469556	0.02630556970451597	92.83333333333333	0.35781977629803713	0.05965535435825586
HER2ST::B	HER2ST_B1_CONTROLLED	forward	mlp64_32	0.0	0.004567067067067067	0.03693911302606955	0.052892566479523	0.02871194195495201	111.41666666666667	0.2534708621665143	-0.05036836691821615
HER2ST::B	HER2ST_B1_CONTROLLED	forward	mlp64_32	0.5	0.0	0.007083170126648389	0.025414000957479217	0.0179254455759397	107.41666666666667	0.26877692910301604	-0.043082076435287796
HER2ST::B	HER2ST_B1_CONTROLLED	forward	mlp64_32	1.0	0.0	0.016380510945728337	0.037064238151194674	0.022081773159890416	89.0	0.3763518953736345	0.07734892362107833
HER2ST::B	HER2ST_B1_CONTROLLED__reverse	reverse	linear32	0.0	0.0	0.023150762281197067	0.039557061296191735	0.02046131592920118	126.16666666666667	0.266892527762093	0.01935585883135597
HER2ST::B	HER2ST_B1_CONTROLLED__reverse	reverse	linear32	0.5	0.0024154589371980675	0.020735303343998996	0.03930610452349583	0.023728290084038223	112.66666666666667	0.3141978794152707	0.042987444438040257
HER2ST::B	HER2ST_B1_CONTROLLED__reverse	reverse	linear32	1.0	0.007246376811594203	0.037141602358993664	0.06537423928728277	0.03627830885183195	89.0	0.32053453792584224	0.09107049306233723
HER2ST::B	HER2ST_B1_CONTROLLED__reverse	reverse	mlp128_64_32	0.0	0.0021645021645021645	0.025064307673003328	0.03930610452349583	0.023709077914985888	125.83333333333333	0.35425685425685427	-0.10223570714394252
HER2ST::B	HER2ST_B1_CONTROLLED__reverse	reverse	mlp128_64_32	0.5	0.0024154589371980675	0.014492753623188406	0.0352280569671874	0.021667926973735735	127.66666666666667	0.2582345191040843	-0.044889910301814474
HER2ST::B	HER2ST_B1_CONTROLLED__reverse	reverse	mlp128_64_32	1.0	0.0	0.0069954200388983	0.023150762281197067	0.018340637024901234	111.33333333333333	0.24440052700922266	0.0847475912111501
HER2ST::B	HER2ST_B1_CONTROLLED__reverse	reverse	mlp64_32	0.0	0.0	0.018068887634105028	0.03930610452349583	0.02165970378015654	128.16666666666666	0.28380074032247943	-0.02532620169222355
HER2ST::B	HER2ST_B1_CONTROLLED__reverse	reverse	mlp64_32	0.5	0.0021645021645021645	0.011073467595206726	0.03447518664909969	0.021387031834171146	120.16666666666667	0.24907459690068387	0.004167227229724328
HER2ST::B	HER2ST_B1_CONTROLLED__reverse	reverse	mlp64_32	1.0	0.0	0.016657255787690572	0.030899052638183072	0.021456097559597005	105.5	0.23407992973210365	0.0724363240102927
HER2ST::C	HER2ST_C1_CONTROLLED	forward	linear32	0.0	0.01530612244897959	0.03392132046617096	0.06226599166798502	0.04353525927183019	69.75	0.6923878078363127	-0.007121998506287734
HER2ST::C	HER2ST_C1_CONTROLLED	forward	linear32	0.5	0.014554659072931497	0.05509413067552602	0.10357011021462847	0.05617125790610694	58.333333333333336	0.7033697199810156	0.03920552662263314
HER2ST::C	HER2ST_C1_CONTROLLED	forward	linear32	1.0	0.011245583504719716	0.06709117755629383	0.1378737541528239	0.056156045020470495	47.25	0.711688551389548	0.09259650856256485
HER2ST::C	HER2ST_C1_CONTROLLED	forward	mlp128_64_32	0.0	0.014646944048937405	0.03808732795443759	0.06067077993988293	0.04398759928960381	64.25	0.6817223013236302	-0.04385414362574617
HER2ST::C	HER2ST_C1_CONTROLLED	forward	mlp128_64_32	0.5	0.015213837472973684	0.05008437483520539	0.06511364235616728	0.04889543108375702	66.58333333333333	0.6411828297210357	-0.06702500147124131
HER2ST::C	HER2ST_C1_CONTROLLED	forward	mlp128_64_32	1.0	0.003968253968253968	0.031469176818014026	0.050651268259241676	0.03794982789369061	58.083333333333336	0.7245293466223699	0.018832209170795977
HER2ST::C	HER2ST_C1_CONTROLLED	forward	mlp64_32	0.0	0.018048304593155092	0.05811316774771924	0.0802220112851342	0.054286800818806706	67.66666666666667	0.6859674102199019	-0.02997705526649952
HER2ST::C	HER2ST_C1_CONTROLLED	forward	mlp64_32	0.5	0.018522913041185463	0.047816801139060276	0.07776986763697727	0.0503156496477249	60.583333333333336	0.6615118915783368	-0.018022561601052683
HER2ST::C	HER2ST_C1_CONTROLLED	forward	mlp64_32	1.0	0.019089806465221747	0.04895058798713284	0.08742023941359489	0.054732304152572527	56.916666666666664	0.6961846754205557	0.04895595802615086
HER2ST::C	HER2ST_C1_CONTROLLED__reverse	reverse	linear32	0.0	0.003968253968253968	0.04343444694951151	0.07000523786750472	0.03668864726221278	91.66666666666667	0.6802168021680216	-0.005430237700541814
HER2ST::C	HER2ST_C1_CONTROLLED__reverse	reverse	linear32	0.5	0.010600988362824804	0.04767598096149028	0.07821502584773747	0.04623058515937606	60.916666666666664	0.6316640477329143	0.044906825137635074
HER2ST::C	HER2ST_C1_CONTROLLED__reverse	reverse	linear32	1.0	0.02349639042608913	0.0733699984058664	0.1251110200177632	0.06528227662165037	56.25	0.7016351255949534	0.10453367543717225
HER2ST::C	HER2ST_C1_CONTROLLED__reverse	reverse	mlp128_64_32	0.0	0.003968253968253968	0.03213317847464189	0.05314158183598642	0.029117019814632578	86.58333333333333	0.6795165220559768	-0.11217140840987365
HER2ST::C	HER2ST_C1_CONTROLLED__reverse	reverse	mlp128_64_32	0.5	0.00980392156862745	0.028438204550112728	0.04450479378743367	0.03695269583160033	68.41666666666667	0.6969438181776776	-0.05184521600798083
HER2ST::C	HER2ST_C1_CONTROLLED__reverse	reverse	mlp128_64_32	1.0	0.007936507936507936	0.028068137824235385	0.0730796383594088	0.03722937712174209	71.83333333333333	0.6810537223019288	0.01916695401693384
HER2ST::C	HER2ST_C1_CONTROLLED__reverse	reverse	mlp64_32	0.0	0.0032679738562091504	0.02170868347338935	0.05075038145339437	0.028380365337591706	86.5	0.6847657762291908	-0.026183846096197765
HER2ST::C	HER2ST_C1_CONTROLLED__reverse	reverse	mlp64_32	0.5	0.0040650406504065045	0.035771219056728386	0.08830930746282252	0.040004840768987505	71.91666666666667	0.7108526337364215	0.01867121458053589
HER2ST::C	HER2ST_C1_CONTROLLED__reverse	reverse	mlp64_32	1.0	0.007936507936507936	0.02657079091799321	0.0483762610735351	0.037513708155502916	62.083333333333336	0.6916148573250438	0.05671433777994631
HER2ST::D	HER2ST_D1_CONTROLLED	forward	linear32	0.0	0.009825505544683626	0.0225663187649489	0.042034681452489675	0.030979481689369284	101.08333333333333	0.5508442052620135	0.008308696405341228
HER2ST::D	HER2ST_D1_CONTROLLED	forward	linear32	0.5	0.0	0.02484942378777995	0.06288921504674928	0.030455996075962596	83.08333333333333	0.5518835616438356	0.03716249670833349
HER2ST::D	HER2ST_D1_CONTROLLED	forward	linear32	1.0	0.002976190476190476	0.03734670580560991	0.0690666449228093	0.03567330392616357	82.0	0.6270428353989997	0.055630955224235855
HER2ST::D	HER2ST_D1_CONTROLLED	forward	mlp128_64_32	0.0	0.00228310502283105	0.0338600782778865	0.05471461187214612	0.029778134888715054	99.75	0.5237089584692325	-0.08645287404457729
HER2ST::D	HER2ST_D1_CONTROLLED	forward	mlp128_64_32	0.5	0.0022222222222222222	0.013373015873015875	0.04032289628180039	0.022796707331100927	98.33333333333333	0.46000271798217	-0.0782816285888354
HER2ST::D	HER2ST_D1_CONTROLLED	forward	mlp128_64_32	1.0	0.002976190476190476	0.0180001087192868	0.03587845183735595	0.023699873143086442	96.0	0.5935502283105023	-0.02386662014760077
HER2ST::D	HER2ST_D1_CONTROLLED	forward	mlp64_32	0.0	0.004505327245053273	0.027010763209393347	0.04647912589693411	0.029847182094444372	101.16666666666667	0.4610235920852359	-0.0286612807540223
HER2ST::D	HER2ST_D1_CONTROLLED	forward	mlp64_32	0.5	0.002976190476190476	0.009764622744074799	0.04115894759730376	0.02394745030709583	102.75	0.5556110023918243	-0.029205872987707455
HER2ST::D	HER2ST_D1_CONTROLLED	forward	mlp64_32	1.0	0.004505327245053273	0.027703848662752772	0.05534681452489671	0.032160811537708826	93.66666666666667	0.5918998695368558	0.027253019933899243
HER2ST::D	HER2ST_D1_CONTROLLED__reverse	reverse	linear32	0.0	0.002777777777777778	0.017363261093911248	0.03659270725834193	0.022009672038545345	124.5	0.5353371173030615	-0.011373186425771564
HER2ST::D	HER2ST_D1_CONTROLLED__reverse	reverse	linear32	0.5	0.0024509803921568627	0.020072239422084623	0.05267457860337118	0.025312841836799646	112.91666666666667	0.5058479532163743	0.028581664606463164
HER2ST::D	HER2ST_D1_CONTROLLED__reverse	reverse	linear32	1.0	0.002777777777777778	0.037435500515995875	0.06343309253525971	0.03260507873679866	108.75	0.5819831441348469	0.05607838183641434
HER2ST::D	HER2ST_D1_CONTROLLED__reverse	reverse	mlp128_64_32	0.0	0.0	0.01762125902992776	0.03568111455108359	0.018387706810635295	122.33333333333333	0.4958634330925353	-0.1028010615458091
HER2ST::D	HER2ST_D1_CONTROLLED__reverse	reverse	mlp128_64_32	0.5	0.0	0.009356725146198829	0.0315531475748194	0.017423079434311258	126.25	0.5076625386996904	-0.09637888831396897
HER2ST::D	HER2ST_D1_CONTROLLED__reverse	reverse	mlp128_64_32	1.0	0.0	0.0	0.011111111111111112	0.01570478715989369	117.66666666666667	0.6029927760577916	-0.02875317291667064
HER2ST::D	HER2ST_D1_CONTROLLED__reverse	reverse	mlp64_32	0.0	0.0	0.014327485380116958	0.03304093567251462	0.019709488885430677	134.0	0.4412280701754386	-0.03792970526653031
HER2ST::D	HER2ST_D1_CONTROLLED__reverse	reverse	mlp64_32	0.5	0.0021929824561403508	0.014327485380116958	0.024527003783969728	0.02120337670074574	118.83333333333333	0.5867475060199518	-0.04002133818964163
HER2ST::D	HER2ST_D1_CONTROLLED__reverse	reverse	mlp64_32	1.0	0.0021929824561403508	0.017363261093911248	0.043687650498796006	0.02451975864390747	109.25	0.5681286549707601	0.008690686197951436
HER2ST::E	HER2ST_E1_CONTROLLED	forward	linear32	0.0	0.0	0.012376707449427942	0.026680197172458966	0.014976969823904429	200.41666666666666	0.5174831585842213	0.0006683450580264131
HER2ST::E	HER2ST_E1_CONTROLLED	forward	linear32	0.5	0.0026261373035566583	0.011988601863671788	0.02269515244529229	0.01531240539371805	204.66666666666666	0.5119281209808899	0.012723758700303733
HER2ST::E	HER2ST_E1_CONTROLLED	forward	linear32	1.0	0.0009633911368015414	0.014296079021978705	0.027248072022452035	0.016087885816326183	200.33333333333334	0.5467290121774552	0.013378344185184687
HER2ST::E	HER2ST_E1_CONTROLLED	forward	mlp128_64_32	0.0	0.0009633911368015414	0.015057468791386376	0.028195566010221985	0.01697441959659344	194.58333333333334	0.5359811051028652	-0.044571900740265846
HER2ST::E	HER2ST_E1_CONTROLLED	forward	mlp128_64_32	0.5	0.0	0.0049956492013176704	0.008204482756972034	0.010101877436115856	223.75	0.5180419493490536	-0.06880708194027345
HER2ST::E	HER2ST_E1_CONTROLLED	forward	mlp128_64_32	1.0	0.0	0.0009633911368015414	0.0107685853210746	0.00936242532762036	218.08333333333334	0.5206521895035786	-0.033024058754866324
HER2ST::E	HER2ST_E1_CONTROLLED	forward	mlp64_32	0.0	0.002245442418852824	0.010007195551666929	0.025064664343053305	0.015600880969649539	217.58333333333334	0.5468918085457336	-0.03868972215180596
HER2ST::E	HER2ST_E1_CONTROLLED	forward	mlp64_32	0.5	0.002245442418852824	0.008461108162767681	0.012369296748375622	0.013188613241184815	214.0	0.49878368880792895	-0.04947722020248572
HER2ST::E	HER2ST_E1_CONTROLLED	forward	mlp64_32	1.0	0.001282051282051282	0.008399073423313587	0.016541521440831528	0.013082949927924454	229.16666666666666	0.5274357300974866	-0.03193812592265507
HER2ST::E	HER2ST_E1_CONTROLLED__reverse	reverse	linear32	0.0	0.002280342516753537	0.012710130687851422	0.019749438749517127	0.013578536406362586	268.75	0.5692313900910131	0.0028052115036795535
HER2ST::E	HER2ST_E1_CONTROLLED__reverse	reverse	linear32	0.5	0.002506265664160401	0.005869103137590812	0.01624360603668516	0.012734019712931338	278.4166666666667	0.5158487945477991	-0.005279382729592423
HER2ST::E	HER2ST_E1_CONTROLLED__reverse	reverse	linear32	1.0	0.003505832712831968	0.011655278367176317	0.023310556734352634	0.015591334505354945	256.6666666666667	0.530164880742437	0.004980562759252886
HER2ST::E	HER2ST_E1_CONTROLLED__reverse	reverse	mlp128_64_32	0.0	0.0	0.004390047158103747	0.008780094316207495	0.008639287773317393	280.0	0.5072624319547939	-0.0950233166416486
HER2ST::E	HER2ST_E1_CONTROLLED__reverse	reverse	mlp128_64_32	0.5	0.002478623028158632	0.007066950697667475	0.015188753716010054	0.01188515588207531	282.8333333333333	0.49622485569844194	-0.078205111126105
HER2ST::E	HER2ST_E1_CONTROLLED__reverse	reverse	mlp128_64_32	1.0	0.0	0.0023079851527553056	0.007292873845074339	0.008224378854146576	277.3333333333333	0.49989001263396765	-0.04745831484130273
HER2ST::E	HER2ST_E1_CONTROLLED__reverse	reverse	mlp64_32	0.0	0.0010548523206751054	0.004588327669508843	0.01450281978214337	0.010267299541967449	277.0	0.5257277128039757	-0.04748826411863168
HER2ST::E	HER2ST_E1_CONTROLLED__reverse	reverse	mlp64_32	0.5	0.0	0.006039741012994138	0.015557672102818476	0.010359890773461607	275.1666666666667	0.49186385080347933	-0.044174563605338335
HER2ST::E	HER2ST_E1_CONTROLLED__reverse	reverse	mlp64_32	1.0	0.0	0.0023079851527553056	0.014189186667338488	0.01041365020064148	254.83333333333334	0.5163432128347675	-0.02020318352151662
HER2ST::F	HER2ST_F1_CONTROLLED	forward	linear32	0.0	0.0020173917232740764	0.008891202365467072	0.023506879205408615	0.013222184966932282	252.5	0.8784557870035812	0.008638672394833216
HER2ST::F	HER2ST_F1_CONTROLLED	forward	linear32	0.5	0.0044099079025549616	0.010813997486791604	0.01747615764159882	0.014128826723529464	267.0	0.8798889129771483	0.0016268667144080002
HER2ST::F	HER2ST_F1_CONTROLLED	forward	linear32	1.0	0.0017825311942959	0.01072015364294776	0.020854536019977197	0.014230832974976735	262.5	0.876837482536012	0.008951791411467033
HER2ST::F	HER2ST_F1_CONTROLLED	forward	mlp128_64_32	0.0	0.0008680555555555555	0.00748379562717798	0.015882066893096305	0.011642638262270322	250.5	0.8787834876989288	-0.055848480512698494
HER2ST::F	HER2ST_F1_CONTROLLED	forward	mlp128_64_32	0.5	0.0008680555555555555	0.003518642305407011	0.013911095253007018	0.010275290138607264	274.1666666666667	0.864077730805672	-0.05170476840188106
HER2ST::F	HER2ST_F1_CONTROLLED	forward	mlp128_64_32	1.0	0.0019941816816816814	0.0062406156156156155	0.014779903566668274	0.011128456812913712	270.9166666666667	0.8855412481331598	-0.023258315709729988
HER2ST::F	HER2ST_F1_CONTROLLED	forward	mlp64_32	0.0	0.0020173917232740764	0.010673733559762972	0.020596465449406628	0.013853083447696729	252.91666666666666	0.878057452505982	-0.02036993158981204
HER2ST::F	HER2ST_F1_CONTROLLED	forward	mlp64_32	0.5	0.002885447278829632	0.00778828628093334	0.016232977630036453	0.012985147243588617	274.75	0.872122331221596	-0.03414776134256196
HER2ST::F	HER2ST_F1_CONTROLLED	forward	mlp64_32	1.0	0.0031435178494002027	0.008281217380482086	0.014708517006311124	0.013195763270272989	271.8333333333333	0.8706450434391612	-0.023087955235193174
HER2ST::F	HER2ST_F1_CONTROLLED__reverse	reverse	linear32	0.0	0.00195945945945946	0.005683350948714077	0.015285620816347073	0.010766820900347042	337.1666666666667	0.8346853138054255	0.0031885495700407773
HER2ST::F	HER2ST_F1_CONTROLLED__reverse	reverse	linear32	0.5	0.0008333333333333334	0.006418918918918919	0.015631133927223314	0.01054715860943064	323.3333333333333	0.8237603804922241	0.007257644591542582
HER2ST::F	HER2ST_F1_CONTROLLED__reverse	reverse	linear32	1.0	0.0017644320297951583	0.010924430016608788	0.02331949267703458	0.012074999940799268	330.0	0.8351798027077356	0.006738477076093356
HER2ST::F	HER2ST_F1_CONTROLLED__reverse	reverse	mlp128_64_32	0.0	0.000931098696461825	0.004752755548844935	0.016510518898787057	0.010375928840131145	321.0833333333333	0.8315992249232473	-0.06624556394914786
HER2ST::F	HER2ST_F1_CONTROLLED__reverse	reverse	mlp128_64_32	0.5	0.0	0.005390558155921284	0.01053336856409482	0.008690623429157324	330.8333333333333	0.8506240877749258	-0.05043709433327118
HER2ST::F	HER2ST_F1_CONTROLLED__reverse	reverse	mlp128_64_32	1.0	0.000931098696461825	0.0036266294227188084	0.00828161960843525	0.008353905670559577	354.0833333333333	0.873935905178922	-0.04264115417997042
HER2ST::F	HER2ST_F1_CONTROLLED__reverse	reverse	mlp64_32	0.0	0.0028905581559212842	0.009700035230761487	0.012688358749811265	0.011925323001402649	335.25	0.8233252805878504	-0.027750321974356968
HER2ST::F	HER2ST_F1_CONTROLLED__reverse	reverse	mlp64_32	0.5	0.0011261261261261261	0.006907242437968694	0.01435502541647793	0.009705284091405171	336.5	0.8337071568775479	-0.030235715753709275
HER2ST::F	HER2ST_F1_CONTROLLED__reverse	reverse	mlp64_32	1.0	0.0028905581559212842	0.006223891489254618	0.013228899290351806	0.011112821706018816	334.8333333333333	0.8500763752579394	-0.014610276848543435
HER2ST::G	HER2ST_G2_CONTROLLED	forward	linear32	0.0	0.0015290519877675841	0.012951423005274723	0.0236418010499144	0.017367591282158517	162.91666666666666	0.2874807740781263	-0.006083130603656173
HER2ST::G	HER2ST_G2_CONTROLLED	forward	linear32	0.5	0.005974730317658977	0.021984257298468868	0.04004992588485717	0.025473950150470978	137.08333333333334	0.3448773614462377	0.02601556961114208
HER2ST::G	HER2ST_G2_CONTROLLED	forward	linear32	1.0	0.0056022408963585435	0.026301443864682316	0.04692423524162739	0.028821733613259768	111.33333333333333	0.3468570914604374	0.07857111841440201
HER2ST::G	HER2ST_G2_CONTROLLED	forward	mlp128_64_32	0.0	0.005319148936170213	0.014724472650664795	0.029745023131251328	0.02059616423587658	165.08333333333334	0.26714107466136955	-0.070296215514342
HER2ST::G	HER2ST_G2_CONTROLLED	forward	mlp128_64_32	0.5	0.0015290519877675841	0.011178373359884653	0.03352213420992055	0.017671167503191854	159.58333333333334	0.2589200622665619	-0.05851296583811442
HER2ST::G	HER2ST_G2_CONTROLLED	forward	mlp128_64_32	1.0	0.0029296122118572195	0.006103222081336926	0.022472252613713842	0.017601137055340655	136.91666666666666	0.31747129849402184	0.0059155788136801375
HER2ST::G	HER2ST_G2_CONTROLLED	forward	mlp64_32	0.0	0.008004763490404946	0.015637037559509456	0.03597673697626621	0.023344848597413353	165.58333333333334	0.2595478948948308	-0.04463146316508452
HER2ST::G	HER2ST_G2_CONTROLLED	forward	mlp64_32	0.5	0.0015290519877675841	0.018566649771366676	0.03547575579128782	0.020878856976367047	144.83333333333334	0.32024658389609995	-0.002651042722087974
HER2ST::G	HER2ST_G2_CONTROLLED	forward	mlp64_32	1.0	0.0031736098694797065	0.014094999702008462	0.026429935628360265	0.019767574653656944	139.66666666666666	0.3193989483359223	0.014090632010872165
HER2ST::G	HER2ST_G2_CONTROLLED__reverse	reverse	linear32	0.0	0.0	0.014267051192643427	0.029827543081099972	0.014979998746761201	192.0	0.25466770583652343	0.005868228812081118
HER2ST::G	HER2ST_G2_CONTROLLED__reverse	reverse	linear32	0.5	0.003273219400119598	0.01033744860057171	0.02845693767355158	0.018732257559858276	185.5	0.2973408957511647	0.029728001604477566
HER2ST::G	HER2ST_G2_CONTROLLED__reverse	reverse	linear32	1.0	0.0028011204481792717	0.028181270536994613	0.05933220913044895	0.025601130970243687	141.66666666666666	0.3344662327773609	0.07222525775432587
HER2ST::G	HER2ST_G2_CONTROLLED__reverse	reverse	mlp128_64_32	0.0	0.0042631087522728385	0.010870975632515966	0.03080169580152187	0.01862687964885592	213.41666666666666	0.259167830349171	-0.09136400495966275
HER2ST::G	HER2ST_G2_CONTROLLED__reverse	reverse	mlp128_64_32	0.5	0.005145878576149561	0.010993831792523829	0.024439541241294466	0.01776005865781702	189.0	0.2944661996476099	-0.05008647684007883
HER2ST::G	HER2ST_G2_CONTROLLED__reverse	reverse	mlp128_64_32	1.0	0.0	0.008526217504545677	0.008526217504545677	0.012258369714783704	172.16666666666666	0.28825837451085307	-0.0085730386878519
HER2ST::G	HER2ST_G2_CONTROLLED__reverse	reverse	mlp64_32	0.0	0.0042631087522728385	0.008526217504545677	0.02554869769709579	0.0171808089928514	198.83333333333334	0.28237687742157774	-0.029759240026275318
HER2ST::G	HER2ST_G2_CONTROLLED__reverse	reverse	mlp64_32	0.5	0.0014005602240896359	0.014677722064579823	0.032674354977551834	0.016734667856486828	173.66666666666666	0.2770487852148547	-0.002267868568499883
HER2ST::G	HER2ST_G2_CONTROLLED__reverse	reverse	mlp64_32	1.0	0.004673779624209234	0.013672096080695239	0.021269852313091604	0.018493263539282958	170.41666666666666	0.3394171979850485	0.01339366877800785
HER2ST::H	HER2ST_H1_CONTROLLED	forward	linear32	0.0	0.0025076727299947602	0.00936202617653325	0.024212285581025755	0.015198039316625426	210.33333333333334	0.21721191514027804	0.007986871984030586
HER2ST::H	HER2ST_H1_CONTROLLED	forward	linear32	0.5	0.004644424866746897	0.012318834320855431	0.023120157159007376	0.017715174434873297	191.91666666666666	0.2582173546691849	0.01877156598493457
HER2ST::H	HER2ST_H1_CONTROLLED	forward	linear32	1.0	0.00228310502283105	0.008440002994236096	0.01817294976401197	0.014455215848081094	198.33333333333334	0.19843028132383622	0.01360473509945829
HER2ST::H	HER2ST_H1_CONTROLLED	forward	mlp128_64_32	0.0	0.0036492252414102853	0.014899683493889647	0.025032341588595797	0.018122035703082937	189.16666666666666	0.2126951291840131	-0.04410487646237016
HER2ST::H	HER2ST_H1_CONTROLLED	forward	mlp128_64_32	0.5	0.003351481091207118	0.013781883336116437	0.021553221586906743	0.015459340818417997	215.66666666666666	0.15754000472168	-0.05069255114843448
HER2ST::H	HER2ST_H1_CONTROLLED	forward	mlp128_64_32	1.0	0.001141552511415525	0.01293807497490408	0.024583206174268377	0.014921026316964249	200.66666666666666	0.13940136391292915	-0.004173578092983614
HER2ST::H	HER2ST_H1_CONTROLLED	forward	mlp64_32	0.0	0.001366120218579235	0.008293650108157182	0.018251164585096766	0.014148357722550483	212.41666666666666	0.19569756104114963	-0.04252331564202905
HER2ST::H	HER2ST_H1_CONTROLLED	forward	mlp64_32	0.5	0.0010683760683760683	0.007674409454108533	0.019100011324354463	0.013580841761994008	202.16666666666666	0.16565851121207062	-0.019857274746755138
HER2ST::H	HER2ST_H1_CONTROLLED	forward	mlp64_32	1.0	0.001141552511415525	0.00228310502283105	0.010503578687948776	0.011653481000176607	197.75	0.15054985499068138	-0.0011622505456519623
HER2ST::H	HER2ST_H1_CONTROLLED__reverse	reverse	linear32	0.0	0.0026041666666666665	0.005017361111111111	0.016410768645357687	0.012071333683697031	269.5	0.22759631849315068	-0.006805903433511655
HER2ST::H	HER2ST_H1_CONTROLLED__reverse	reverse	linear32	0.5	0.004665858066971081	0.011332524733637746	0.01863299086757991	0.01559774576055479	274.5	0.19420495624048706	-0.0064564602604756756
HER2ST::H	HER2ST_H1_CONTROLLED__reverse	reverse	linear32	1.0	0.0033942161339421614	0.010885654490106545	0.021710426179604263	0.015869201179266382	252.0	0.21017408675799087	0.019922749294588964
HER2ST::H	HER2ST_H1_CONTROLLED__reverse	reverse	mlp128_64_32	0.0	0.0	0.008602549467275495	0.01796470700152207	0.011687957349862534	272.9166666666667	0.1985454718417047	-0.07942334500451882
HER2ST::H	HER2ST_H1_CONTROLLED__reverse	reverse	mlp128_64_32	0.5	0.001141552511415525	0.0058378519786910195	0.019514364535768644	0.011332421865336553	270.4166666666667	0.12798468417047185	-0.06808650369445483
HER2ST::H	HER2ST_H1_CONTROLLED__reverse	reverse	mlp128_64_32	1.0	0.001141552511415525	0.005998382800608828	0.0105037100456621	0.01035464639790569	249.0	0.12506373668188736	-0.01975541942132016
HER2ST::H	HER2ST_H1_CONTROLLED__reverse	reverse	mlp64_32	0.0	0.002413194444444445	0.008251046423135464	0.01888484589041096	0.013282892307160676	276.3333333333333	0.22336781773211567	-0.040379061829298735
HER2ST::H	HER2ST_H1_CONTROLLED__reverse	reverse	mlp64_32	0.5	0.0	0.011046185312024353	0.015742484779299848	0.011538990231161528	251.58333333333334	0.15122265030441398	-0.028658566676313058
HER2ST::H	HER2ST_H1_CONTROLLED__reverse	reverse	mlp64_32	1.0	0.00228310502283105	0.007899543378995434	0.01487894786910198	0.012562732218941256	263.0	0.15115772450532725	-0.015782050516766805
