dataset	pair_type	biological_pair_id	independent_unit_id	cohort_role	pair_id	direction	method	epsilon	tau	stage	converged	iterations	seconds	t
spatialDLPFC	within_donor_adjacent_position	SDLPFC_Br2720_ANT_MID	spatialDLPFC::Br2720	primary_expansion	SDLPFC_Br2720_ANT_MID	forward	uot	0.25	2.0	baseline	True	85	3.5966865999944275	
spatialDLPFC	within_donor_adjacent_position	SDLPFC_Br2720_ANT_MID	spatialDLPFC::Br2720	primary_expansion	SDLPFC_Br2720_ANT_MID	forward	row_softmax	0.25		baseline	True	1	0.03714249999029562	
spatialDLPFC	within_donor_adjacent_position	SDLPFC_Br2720_ANT_MID	spatialDLPFC::Br2720	primary_expansion	SDLPFC_Br2720_ANT_MID	forward	balanced_ot	0.25		baseline	True	200	8.310870100001921	
spatialDLPFC	within_donor_adjacent_position	SDLPFC_Br2720_ANT_MID	spatialDLPFC::Br2720	primary_expansion	SDLPFC_Br2720_ANT_MID__reverse	reverse	uot	0.25	2.0	baseline	True	85	3.611581799996202	
spatialDLPFC	within_donor_adjacent_position	SDLPFC_Br2720_ANT_MID	spatialDLPFC::Br2720	primary_expansion	SDLPFC_Br2720_ANT_MID__reverse	reverse	row_softmax	0.25		baseline	True	1	0.04005670000333339	
spatialDLPFC	within_donor_adjacent_position	SDLPFC_Br2720_ANT_MID	spatialDLPFC::Br2720	primary_expansion	SDLPFC_Br2720_ANT_MID__reverse	reverse	balanced_ot	0.25		baseline	True	200	8.420710200007306	
spatialDLPFC	within_donor_adjacent_position	SDLPFC_Br2743_ANT_MID	spatialDLPFC::Br2743	primary_expansion	SDLPFC_Br2743_ANT_MID	forward	uot	0.25	2.0	baseline	True	85	3.6039085000084015	
spatialDLPFC	within_donor_adjacent_position	SDLPFC_Br2743_ANT_MID	spatialDLPFC::Br2743	primary_expansion	SDLPFC_Br2743_ANT_MID	forward	row_softmax	0.25		baseline	True	1	0.03613779999432154	
spatialDLPFC	within_donor_adjacent_position	SDLPFC_Br2743_ANT_MID	spatialDLPFC::Br2743	primary_expansion	SDLPFC_Br2743_ANT_MID	forward	balanced_ot	0.25		baseline	True	200	8.36342799999693	
spatialDLPFC	within_donor_adjacent_position	SDLPFC_Br2743_ANT_MID	spatialDLPFC::Br2743	primary_expansion	SDLPFC_Br2743_ANT_MID__reverse	reverse	uot	0.25	2.0	baseline	True	85	3.6449599000043236	
spatialDLPFC	within_donor_adjacent_position	SDLPFC_Br2743_ANT_MID	spatialDLPFC::Br2743	primary_expansion	SDLPFC_Br2743_ANT_MID__reverse	reverse	row_softmax	0.25		baseline	True	1	0.03729010000824928	
spatialDLPFC	within_donor_adjacent_position	SDLPFC_Br2743_ANT_MID	spatialDLPFC::Br2743	primary_expansion	SDLPFC_Br2743_ANT_MID__reverse	reverse	balanced_ot	0.25		baseline	True	200	8.380885099992156	
spatialDLPFC	within_donor_adjacent_position	SDLPFC_Br3942_ANT_MID	spatialDLPFC::Br3942	primary_expansion	SDLPFC_Br3942_ANT_MID	forward	uot	0.25	2.0	baseline	True	85	3.505498600003193	
spatialDLPFC	within_donor_adjacent_position	SDLPFC_Br3942_ANT_MID	spatialDLPFC::Br3942	primary_expansion	SDLPFC_Br3942_ANT_MID	forward	row_softmax	0.25		baseline	True	1	0.04265880001184996	
spatialDLPFC	within_donor_adjacent_position	SDLPFC_Br3942_ANT_MID	spatialDLPFC::Br3942	primary_expansion	SDLPFC_Br3942_ANT_MID	forward	balanced_ot	0.25		baseline	True	200	8.341355199998361	
spatialDLPFC	within_donor_adjacent_position	SDLPFC_Br3942_ANT_MID	spatialDLPFC::Br3942	primary_expansion	SDLPFC_Br3942_ANT_MID__reverse	reverse	uot	0.25	2.0	baseline	True	85	3.570005100002163	
spatialDLPFC	within_donor_adjacent_position	SDLPFC_Br3942_ANT_MID	spatialDLPFC::Br3942	primary_expansion	SDLPFC_Br3942_ANT_MID__reverse	reverse	row_softmax	0.25		baseline	True	1	0.03667950000090059	
spatialDLPFC	within_donor_adjacent_position	SDLPFC_Br3942_ANT_MID	spatialDLPFC::Br3942	primary_expansion	SDLPFC_Br3942_ANT_MID__reverse	reverse	balanced_ot	0.25		baseline	True	200	8.453086199995596	
spatialDLPFC	within_donor_adjacent_position	SDLPFC_Br6423_ANT_MID	spatialDLPFC::Br6423	primary_expansion	SDLPFC_Br6423_ANT_MID	forward	uot	0.25	2.0	baseline	True	85	3.5782553000026383	
spatialDLPFC	within_donor_adjacent_position	SDLPFC_Br6423_ANT_MID	spatialDLPFC::Br6423	primary_expansion	SDLPFC_Br6423_ANT_MID	forward	row_softmax	0.25		baseline	True	1	0.03823489999922458	
spatialDLPFC	within_donor_adjacent_position	SDLPFC_Br6423_ANT_MID	spatialDLPFC::Br6423	primary_expansion	SDLPFC_Br6423_ANT_MID	forward	balanced_ot	0.25		baseline	True	200	8.430638199992245	
spatialDLPFC	within_donor_adjacent_position	SDLPFC_Br6423_ANT_MID	spatialDLPFC::Br6423	primary_expansion	SDLPFC_Br6423_ANT_MID__reverse	reverse	uot	0.25	2.0	baseline	True	85	3.5881974000076298	
spatialDLPFC	within_donor_adjacent_position	SDLPFC_Br6423_ANT_MID	spatialDLPFC::Br6423	primary_expansion	SDLPFC_Br6423_ANT_MID__reverse	reverse	row_softmax	0.25		baseline	True	1	0.04018270000233315	
spatialDLPFC	within_donor_adjacent_position	SDLPFC_Br6423_ANT_MID	spatialDLPFC::Br6423	primary_expansion	SDLPFC_Br6423_ANT_MID__reverse	reverse	balanced_ot	0.25		baseline	True	200	8.401170800003456	
spatialDLPFC	within_donor_adjacent_position	SDLPFC_Br6432_ANT_MID	spatialDLPFC::Br6432	primary_expansion	SDLPFC_Br6432_ANT_MID	forward	uot	0.25	2.0	baseline	True	85	3.574745299993083	
spatialDLPFC	within_donor_adjacent_position	SDLPFC_Br6432_ANT_MID	spatialDLPFC::Br6432	primary_expansion	SDLPFC_Br6432_ANT_MID	forward	row_softmax	0.25		baseline	True	1	0.03774610000255052	
spatialDLPFC	within_donor_adjacent_position	SDLPFC_Br6432_ANT_MID	spatialDLPFC::Br6432	primary_expansion	SDLPFC_Br6432_ANT_MID	forward	balanced_ot	0.25		baseline	True	200	8.355161500003305	
spatialDLPFC	within_donor_adjacent_position	SDLPFC_Br6432_ANT_MID	spatialDLPFC::Br6432	primary_expansion	SDLPFC_Br6432_ANT_MID__reverse	reverse	uot	0.25	2.0	baseline	True	85	3.549972799999523	
spatialDLPFC	within_donor_adjacent_position	SDLPFC_Br6432_ANT_MID	spatialDLPFC::Br6432	primary_expansion	SDLPFC_Br6432_ANT_MID__reverse	reverse	balanced_ot	0.25		baseline	True	200	8.302787499997066	
spatialDLPFC	within_donor_adjacent_position	SDLPFC_Br6432_ANT_MID	spatialDLPFC::Br6432	primary_expansion	SDLPFC_Br6432_ANT_MID__reverse	reverse	row_softmax	0.25		baseline	True	1	0.0355208999972092	
spatialDLPFC	within_donor_adjacent_position	SDLPFC_Br6471_ANT_MID	spatialDLPFC::Br6471	primary_expansion	SDLPFC_Br6471_ANT_MID	forward	uot	0.25	2.0	baseline	True	85	3.564519499996095	
spatialDLPFC	within_donor_adjacent_position	SDLPFC_Br6471_ANT_MID	spatialDLPFC::Br6471	primary_expansion	SDLPFC_Br6471_ANT_MID	forward	row_softmax	0.25		baseline	True	1	0.036029800001415424	
spatialDLPFC	within_donor_adjacent_position	SDLPFC_Br6471_ANT_MID	spatialDLPFC::Br6471	primary_expansion	SDLPFC_Br6471_ANT_MID	forward	balanced_ot	0.25		baseline	True	200	8.369237199993222	
spatialDLPFC	within_donor_adjacent_position	SDLPFC_Br6471_ANT_MID	spatialDLPFC::Br6471	primary_expansion	SDLPFC_Br6471_ANT_MID__reverse	reverse	uot	0.25	2.0	baseline	True	85	3.5884477000072366	
spatialDLPFC	within_donor_adjacent_position	SDLPFC_Br6471_ANT_MID	spatialDLPFC::Br6471	primary_expansion	SDLPFC_Br6471_ANT_MID__reverse	reverse	row_softmax	0.25		baseline	True	1	0.037140000000363216	
spatialDLPFC	within_donor_adjacent_position	SDLPFC_Br6471_ANT_MID	spatialDLPFC::Br6471	primary_expansion	SDLPFC_Br6471_ANT_MID__reverse	reverse	balanced_ot	0.25		baseline	True	200	8.427768699999433	
spatialDLPFC	within_donor_adjacent_position	SDLPFC_Br6522_ANT_MID	spatialDLPFC::Br6522	primary_expansion	SDLPFC_Br6522_ANT_MID	forward	uot	0.25	2.0	baseline	True	85	3.7186706000065897	
spatialDLPFC	within_donor_adjacent_position	SDLPFC_Br6522_ANT_MID	spatialDLPFC::Br6522	primary_expansion	SDLPFC_Br6522_ANT_MID	forward	row_softmax	0.25		baseline	True	1	0.044355000005452894	
spatialDLPFC	within_donor_adjacent_position	SDLPFC_Br6522_ANT_MID	spatialDLPFC::Br6522	primary_expansion	SDLPFC_Br6522_ANT_MID	forward	balanced_ot	0.25		baseline	True	200	8.673412700009067	
spatialDLPFC	within_donor_adjacent_position	SDLPFC_Br6522_ANT_MID	spatialDLPFC::Br6522	primary_expansion	SDLPFC_Br6522_ANT_MID__reverse	reverse	uot	0.25	2.0	baseline	True	85	3.6523531999991974	
spatialDLPFC	within_donor_adjacent_position	SDLPFC_Br6522_ANT_MID	spatialDLPFC::Br6522	primary_expansion	SDLPFC_Br6522_ANT_MID__reverse	reverse	row_softmax	0.25		baseline	True	1	0.03780170000391081	
spatialDLPFC	within_donor_adjacent_position	SDLPFC_Br6522_ANT_MID	spatialDLPFC::Br6522	primary_expansion	SDLPFC_Br6522_ANT_MID__reverse	reverse	balanced_ot	0.25		baseline	True	200	8.615592999994988	
spatialDLPFC	within_donor_adjacent_position	SDLPFC_Br8325_ANT_MID	spatialDLPFC::Br8325	primary_expansion	SDLPFC_Br8325_ANT_MID	forward	uot	0.25	2.0	baseline	True	85	3.611910900013754	
spatialDLPFC	within_donor_adjacent_position	SDLPFC_Br8325_ANT_MID	spatialDLPFC::Br8325	primary_expansion	SDLPFC_Br8325_ANT_MID	forward	row_softmax	0.25		baseline	True	1	0.040433100002701394	
spatialDLPFC	within_donor_adjacent_position	SDLPFC_Br8325_ANT_MID	spatialDLPFC::Br8325	primary_expansion	SDLPFC_Br8325_ANT_MID	forward	balanced_ot	0.25		baseline	True	200	8.475774199992884	
spatialDLPFC	within_donor_adjacent_position	SDLPFC_Br8325_ANT_MID	spatialDLPFC::Br8325	primary_expansion	SDLPFC_Br8325_ANT_MID__reverse	reverse	uot	0.25	2.0	baseline	True	85	3.586589099999401	
spatialDLPFC	within_donor_adjacent_position	SDLPFC_Br8325_ANT_MID	spatialDLPFC::Br8325	primary_expansion	SDLPFC_Br8325_ANT_MID__reverse	reverse	row_softmax	0.25		baseline	True	1	0.037052600004244596	
spatialDLPFC	within_donor_adjacent_position	SDLPFC_Br8325_ANT_MID	spatialDLPFC::Br8325	primary_expansion	SDLPFC_Br8325_ANT_MID__reverse	reverse	balanced_ot	0.25		baseline	True	200	8.432692799993674	
spatialDLPFC	within_donor_adjacent_position	SDLPFC_Br8492_ANT_MID	spatialDLPFC::Br8492	primary_expansion	SDLPFC_Br8492_ANT_MID	forward	uot	0.25	2.0	baseline	True	85	3.515301499995985	
spatialDLPFC	within_donor_adjacent_position	SDLPFC_Br8492_ANT_MID	spatialDLPFC::Br8492	primary_expansion	SDLPFC_Br8492_ANT_MID	forward	row_softmax	0.25		baseline	True	1	0.042862200003582984	
spatialDLPFC	within_donor_adjacent_position	SDLPFC_Br8492_ANT_MID	spatialDLPFC::Br8492	primary_expansion	SDLPFC_Br8492_ANT_MID	forward	balanced_ot	0.25		baseline	True	200	8.404407599999104	
spatialDLPFC	within_donor_adjacent_position	SDLPFC_Br8492_ANT_MID	spatialDLPFC::Br8492	primary_expansion	SDLPFC_Br8492_ANT_MID__reverse	reverse	uot	0.25	2.0	baseline	True	85	3.539340599993011	
spatialDLPFC	within_donor_adjacent_position	SDLPFC_Br8492_ANT_MID	spatialDLPFC::Br8492	primary_expansion	SDLPFC_Br8492_ANT_MID__reverse	reverse	row_softmax	0.25		baseline	True	1	0.03916679999383632	
spatialDLPFC	within_donor_adjacent_position	SDLPFC_Br8492_ANT_MID	spatialDLPFC::Br8492	primary_expansion	SDLPFC_Br8492_ANT_MID__reverse	reverse	balanced_ot	0.25		baseline	True	200	8.333455599989975	
spatialDLPFC	within_donor_adjacent_position	SDLPFC_Br8667_ANT_MID	spatialDLPFC::Br8667	primary_expansion	SDLPFC_Br8667_ANT_MID	forward	uot	0.25	2.0	baseline	True	85	3.5411787000048207	
spatialDLPFC	within_donor_adjacent_position	SDLPFC_Br8667_ANT_MID	spatialDLPFC::Br8667	primary_expansion	SDLPFC_Br8667_ANT_MID	forward	row_softmax	0.25		baseline	True	1	0.03723620000528172	
spatialDLPFC	within_donor_adjacent_position	SDLPFC_Br8667_ANT_MID	spatialDLPFC::Br8667	primary_expansion	SDLPFC_Br8667_ANT_MID	forward	balanced_ot	0.25		baseline	True	200	8.296806400001515	
spatialDLPFC	within_donor_adjacent_position	SDLPFC_Br8667_ANT_MID	spatialDLPFC::Br8667	primary_expansion	SDLPFC_Br8667_ANT_MID__reverse	reverse	uot	0.25	2.0	baseline	True	85	3.6234718000050634	
spatialDLPFC	within_donor_adjacent_position	SDLPFC_Br8667_ANT_MID	spatialDLPFC::Br8667	primary_expansion	SDLPFC_Br8667_ANT_MID__reverse	reverse	row_softmax	0.25		baseline	True	1	0.03567240000120364	
spatialDLPFC	within_donor_adjacent_position	SDLPFC_Br8667_ANT_MID	spatialDLPFC::Br8667	primary_expansion	SDLPFC_Br8667_ANT_MID__reverse	reverse	balanced_ot	0.25		baseline	True	200	8.387069100004737	
HER2ST_manual_controlled	within_section_controlled_combined	HER2ST_A1_CONTROLLED	HER2ST::A	manual_truth_controlled	HER2ST_A1_CONTROLLED	forward	balanced_ot	0.25		baseline	True	200	0.19959160000144038	
HER2ST_manual_controlled	within_section_controlled_combined	HER2ST_A1_CONTROLLED	HER2ST::A	manual_truth_controlled	HER2ST_A1_CONTROLLED	forward	uot	0.25	2.0	baseline	True	80	0.1433889000036288	
HER2ST_manual_controlled	within_section_controlled_combined	HER2ST_A1_CONTROLLED	HER2ST::A	manual_truth_controlled	HER2ST_A1_CONTROLLED	forward	row_softmax	0.25		baseline	True	1	0.0010275999957229942	
HER2ST_manual_controlled	within_section_controlled_combined	HER2ST_A1_CONTROLLED	HER2ST::A	manual_truth_controlled	HER2ST_A1_CONTROLLED__reverse	reverse	balanced_ot	0.25		baseline	True	200	0.18686210000305437	
HER2ST_manual_controlled	within_section_controlled_combined	HER2ST_A1_CONTROLLED	HER2ST::A	manual_truth_controlled	HER2ST_A1_CONTROLLED__reverse	reverse	uot	0.25	2.0	baseline	True	80	0.1397480000014184	
HER2ST_manual_controlled	within_section_controlled_combined	HER2ST_A1_CONTROLLED	HER2ST::A	manual_truth_controlled	HER2ST_A1_CONTROLLED__reverse	reverse	row_softmax	0.25		baseline	True	1	0.0008452999900327995	
HER2ST_manual_controlled	within_section_controlled_combined	HER2ST_B1_CONTROLLED	HER2ST::B	manual_truth_controlled	HER2ST_B1_CONTROLLED	forward	balanced_ot	0.25		baseline	True	200	0.12309660000028089	
HER2ST_manual_controlled	within_section_controlled_combined	HER2ST_B1_CONTROLLED	HER2ST::B	manual_truth_controlled	HER2ST_B1_CONTROLLED	forward	uot	0.25	2.0	baseline	True	80	0.04803469999751542	
HER2ST_manual_controlled	within_section_controlled_combined	HER2ST_B1_CONTROLLED	HER2ST::B	manual_truth_controlled	HER2ST_B1_CONTROLLED	forward	row_softmax	0.25		baseline	True	1	0.000704799997038208	
HER2ST_manual_controlled	within_section_controlled_combined	HER2ST_B1_CONTROLLED	HER2ST::B	manual_truth_controlled	HER2ST_B1_CONTROLLED__reverse	reverse	balanced_ot	0.25		baseline	True	200	0.12676749999809545	
HER2ST_manual_controlled	within_section_controlled_combined	HER2ST_B1_CONTROLLED	HER2ST::B	manual_truth_controlled	HER2ST_B1_CONTROLLED__reverse	reverse	uot	0.25	2.0	baseline	True	80	0.05362420000892598	
HER2ST_manual_controlled	within_section_controlled_combined	HER2ST_B1_CONTROLLED	HER2ST::B	manual_truth_controlled	HER2ST_B1_CONTROLLED__reverse	reverse	row_softmax	0.25		baseline	True	1	0.0005839999939780682	
HER2ST_manual_controlled	within_section_controlled_combined	HER2ST_C1_CONTROLLED	HER2ST::C	manual_truth_controlled	HER2ST_C1_CONTROLLED	forward	balanced_ot	0.25		baseline	True	200	0.05410209999536164	
HER2ST_manual_controlled	within_section_controlled_combined	HER2ST_C1_CONTROLLED	HER2ST::C	manual_truth_controlled	HER2ST_C1_CONTROLLED	forward	uot	0.25	2.0	baseline	True	80	0.022158100007800385	
HER2ST_manual_controlled	within_section_controlled_combined	HER2ST_C1_CONTROLLED	HER2ST::C	manual_truth_controlled	HER2ST_C1_CONTROLLED	forward	row_softmax	0.25		baseline	True	1	0.0002615999983390793	
HER2ST_manual_controlled	within_section_controlled_combined	HER2ST_C1_CONTROLLED	HER2ST::C	manual_truth_controlled	HER2ST_C1_CONTROLLED__reverse	reverse	balanced_ot	0.25		baseline	True	200	0.05236770000192337	
HER2ST_manual_controlled	within_section_controlled_combined	HER2ST_C1_CONTROLLED	HER2ST::C	manual_truth_controlled	HER2ST_C1_CONTROLLED__reverse	reverse	uot	0.25	2.0	baseline	True	80	0.022196199992322363	
HER2ST_manual_controlled	within_section_controlled_combined	HER2ST_C1_CONTROLLED	HER2ST::C	manual_truth_controlled	HER2ST_C1_CONTROLLED__reverse	reverse	row_softmax	0.25		baseline	True	1	0.00026810000417754054	
HER2ST_manual_controlled	within_section_controlled_combined	HER2ST_D1_CONTROLLED	HER2ST::D	manual_truth_controlled	HER2ST_D1_CONTROLLED	forward	balanced_ot	0.25		baseline	True	200	0.1182563000038499	
HER2ST_manual_controlled	within_section_controlled_combined	HER2ST_D1_CONTROLLED	HER2ST::D	manual_truth_controlled	HER2ST_D1_CONTROLLED	forward	uot	0.25	2.0	baseline	True	80	0.044259199989028275	
HER2ST_manual_controlled	within_section_controlled_combined	HER2ST_D1_CONTROLLED	HER2ST::D	manual_truth_controlled	HER2ST_D1_CONTROLLED	forward	row_softmax	0.25		baseline	True	1	0.0005324999947333708	
HER2ST_manual_controlled	within_section_controlled_combined	HER2ST_D1_CONTROLLED	HER2ST::D	manual_truth_controlled	HER2ST_D1_CONTROLLED__reverse	reverse	balanced_ot	0.25		baseline	True	200	0.11313120000704657	
HER2ST_manual_controlled	within_section_controlled_combined	HER2ST_D1_CONTROLLED	HER2ST::D	manual_truth_controlled	HER2ST_D1_CONTROLLED__reverse	reverse	uot	0.25	2.0	baseline	True	80	0.043336200003977865	
HER2ST_manual_controlled	within_section_controlled_combined	HER2ST_D1_CONTROLLED	HER2ST::D	manual_truth_controlled	HER2ST_D1_CONTROLLED__reverse	reverse	row_softmax	0.25		baseline	True	1	0.0005186999915167689	
HER2ST_manual_controlled	within_section_controlled_combined	HER2ST_E1_CONTROLLED	HER2ST::E	manual_truth_controlled	HER2ST_E1_CONTROLLED	forward	uot	0.25	2.0	baseline	True	80	0.30594510000082664	
HER2ST_manual_controlled	within_section_controlled_combined	HER2ST_E1_CONTROLLED	HER2ST::E	manual_truth_controlled	HER2ST_E1_CONTROLLED	forward	row_softmax	0.25		baseline	True	1	0.003175499994540587	
HER2ST_manual_controlled	within_section_controlled_combined	HER2ST_E1_CONTROLLED	HER2ST::E	manual_truth_controlled	HER2ST_E1_CONTROLLED	forward	balanced_ot	0.25		baseline	True	200	0.7149152999918442	
HER2ST_manual_controlled	within_section_controlled_combined	HER2ST_E1_CONTROLLED	HER2ST::E	manual_truth_controlled	HER2ST_E1_CONTROLLED__reverse	reverse	uot	0.25	2.0	baseline	True	80	0.29297260000021197	
HER2ST_manual_controlled	within_section_controlled_combined	HER2ST_E1_CONTROLLED	HER2ST::E	manual_truth_controlled	HER2ST_E1_CONTROLLED__reverse	reverse	row_softmax	0.25		baseline	True	1	0.0032573999924352393	
HER2ST_manual_controlled	within_section_controlled_combined	HER2ST_E1_CONTROLLED	HER2ST::E	manual_truth_controlled	HER2ST_E1_CONTROLLED__reverse	reverse	balanced_ot	0.25		baseline	True	200	0.7396781999996165	
HER2ST_manual_controlled	within_section_controlled_combined	HER2ST_F1_CONTROLLED	HER2ST::F	manual_truth_controlled	HER2ST_F1_CONTROLLED	forward	uot	0.25	2.0	baseline	True	80	0.45981980000215117	
HER2ST_manual_controlled	within_section_controlled_combined	HER2ST_F1_CONTROLLED	HER2ST::F	manual_truth_controlled	HER2ST_F1_CONTROLLED	forward	row_softmax	0.25		baseline	True	1	0.0047617999953217804	
HER2ST_manual_controlled	within_section_controlled_combined	HER2ST_F1_CONTROLLED	HER2ST::F	manual_truth_controlled	HER2ST_F1_CONTROLLED	forward	balanced_ot	0.25		baseline	True	200	1.0923672999924747	
HER2ST_manual_controlled	within_section_controlled_combined	HER2ST_F1_CONTROLLED	HER2ST::F	manual_truth_controlled	HER2ST_F1_CONTROLLED__reverse	reverse	uot	0.25	2.0	baseline	True	80	0.4459000000060769	
HER2ST_manual_controlled	within_section_controlled_combined	HER2ST_F1_CONTROLLED	HER2ST::F	manual_truth_controlled	HER2ST_F1_CONTROLLED__reverse	reverse	row_softmax	0.25		baseline	True	1	0.004904600005829707	
HER2ST_manual_controlled	within_section_controlled_combined	HER2ST_F1_CONTROLLED	HER2ST::F	manual_truth_controlled	HER2ST_F1_CONTROLLED__reverse	reverse	balanced_ot	0.25		baseline	True	200	1.1124141000036616	
HER2ST_manual_controlled	within_section_controlled_combined	HER2ST_G2_CONTROLLED	HER2ST::G	manual_truth_controlled	HER2ST_G2_CONTROLLED	forward	uot	0.25	2.0	baseline	True	80	0.1979730000020936	
HER2ST_manual_controlled	within_section_controlled_combined	HER2ST_G2_CONTROLLED	HER2ST::G	manual_truth_controlled	HER2ST_G2_CONTROLLED	forward	balanced_ot	0.25		baseline	True	200	0.48910790000809357	
HER2ST_manual_controlled	within_section_controlled_combined	HER2ST_G2_CONTROLLED	HER2ST::G	manual_truth_controlled	HER2ST_G2_CONTROLLED	forward	row_softmax	0.25		baseline	True	1	0.0016845999925862998	
HER2ST_manual_controlled	within_section_controlled_combined	HER2ST_G2_CONTROLLED	HER2ST::G	manual_truth_controlled	HER2ST_G2_CONTROLLED__reverse	reverse	uot	0.25	2.0	baseline	True	80	0.19536569999763742	
HER2ST_manual_controlled	within_section_controlled_combined	HER2ST_G2_CONTROLLED	HER2ST::G	manual_truth_controlled	HER2ST_G2_CONTROLLED__reverse	reverse	row_softmax	0.25		baseline	True	1	0.0014414999895961955	
HER2ST_manual_controlled	within_section_controlled_combined	HER2ST_G2_CONTROLLED	HER2ST::G	manual_truth_controlled	HER2ST_G2_CONTROLLED__reverse	reverse	balanced_ot	0.25		baseline	True	200	0.5174918999982765	
HER2ST_manual_controlled	within_section_controlled_combined	HER2ST_H1_CONTROLLED	HER2ST::H	manual_truth_controlled	HER2ST_H1_CONTROLLED	forward	uot	0.25	2.0	baseline	True	80	0.28683430000091903	
HER2ST_manual_controlled	within_section_controlled_combined	HER2ST_H1_CONTROLLED	HER2ST::H	manual_truth_controlled	HER2ST_H1_CONTROLLED	forward	row_softmax	0.25		baseline	True	1	0.003232000002753921	
HER2ST_manual_controlled	within_section_controlled_combined	HER2ST_H1_CONTROLLED	HER2ST::H	manual_truth_controlled	HER2ST_H1_CONTROLLED	forward	balanced_ot	0.25		baseline	True	200	0.7059316999948351	
HER2ST_manual_controlled	within_section_controlled_combined	HER2ST_H1_CONTROLLED	HER2ST::H	manual_truth_controlled	HER2ST_H1_CONTROLLED__reverse	reverse	uot	0.25	2.0	baseline	True	80	0.2985719999996945	
HER2ST_manual_controlled	within_section_controlled_combined	HER2ST_H1_CONTROLLED	HER2ST::H	manual_truth_controlled	HER2ST_H1_CONTROLLED__reverse	reverse	row_softmax	0.25		baseline	True	1	0.003029399988008663	
HER2ST_manual_controlled	within_section_controlled_combined	HER2ST_H1_CONTROLLED	HER2ST::H	manual_truth_controlled	HER2ST_H1_CONTROLLED__reverse	reverse	balanced_ot	0.25		baseline	True	200	0.7585978999995859	
Stereo-seq	cross_stage	ST_DEV_E11_5_E12_5	Stereo-seq::shared_developmental_series	legacy_replication	ST_DEV_E11_5_E12_5	forward	uot	0.25	2.0	baseline	True	85	3.6918556000018725	
Stereo-seq	cross_stage	ST_DEV_E11_5_E12_5	Stereo-seq::shared_developmental_series	legacy_replication	ST_DEV_E11_5_E12_5	forward	row_softmax	0.25		baseline	True	1	0.03831420000642538	
Stereo-seq	cross_stage	ST_DEV_E11_5_E12_5	Stereo-seq::shared_developmental_series	legacy_replication	ST_DEV_E11_5_E12_5	forward	balanced_ot	0.25		baseline	True	200	8.502384299994446	
Stereo-seq	cross_stage	ST_DEV_E11_5_E12_5	Stereo-seq::shared_developmental_series	legacy_replication	ST_DEV_E11_5_E12_5__reverse	reverse	uot	0.25	2.0	baseline	True	85	3.6072086000058334	
Stereo-seq	cross_stage	ST_DEV_E11_5_E12_5	Stereo-seq::shared_developmental_series	legacy_replication	ST_DEV_E11_5_E12_5__reverse	reverse	row_softmax	0.25		baseline	True	1	0.035727299997233786	
Stereo-seq	cross_stage	ST_DEV_E11_5_E12_5	Stereo-seq::shared_developmental_series	legacy_replication	ST_DEV_E11_5_E12_5__reverse	reverse	balanced_ot	0.25		baseline	True	200	8.374973800004227	
Stereo-seq	cross_stage	ST_DEV_E12_5_E13_5	Stereo-seq::shared_developmental_series	legacy_replication	ST_DEV_E12_5_E13_5	forward	uot	0.25	2.0	baseline	True	85	3.68108179999399	
Stereo-seq	cross_stage	ST_DEV_E12_5_E13_5	Stereo-seq::shared_developmental_series	legacy_replication	ST_DEV_E12_5_E13_5	forward	row_softmax	0.25		baseline	True	1	0.03916519999620505	
Stereo-seq	cross_stage	ST_DEV_E12_5_E13_5	Stereo-seq::shared_developmental_series	legacy_replication	ST_DEV_E12_5_E13_5	forward	balanced_ot	0.25		baseline	True	200	8.400894299993524	
Stereo-seq	cross_stage	ST_DEV_E12_5_E13_5	Stereo-seq::shared_developmental_series	legacy_replication	ST_DEV_E12_5_E13_5__reverse	reverse	uot	0.25	2.0	baseline	True	85	3.6184313999983715	
Stereo-seq	cross_stage	ST_DEV_E12_5_E13_5	Stereo-seq::shared_developmental_series	legacy_replication	ST_DEV_E12_5_E13_5__reverse	reverse	row_softmax	0.25		baseline	True	1	0.036288100003730506	
Stereo-seq	cross_stage	ST_DEV_E12_5_E13_5	Stereo-seq::shared_developmental_series	legacy_replication	ST_DEV_E12_5_E13_5__reverse	reverse	balanced_ot	0.25		baseline	True	200	8.352780100001837	
Stereo-seq	cross_stage	ST_DEV_E13_5_E14_5	Stereo-seq::shared_developmental_series	legacy_replication	ST_DEV_E13_5_E14_5	forward	uot	0.25	2.0	baseline	True	85	3.629559099994367	
Stereo-seq	cross_stage	ST_DEV_E13_5_E14_5	Stereo-seq::shared_developmental_series	legacy_replication	ST_DEV_E13_5_E14_5	forward	row_softmax	0.25		baseline	True	1	0.03715209999063518	
Stereo-seq	cross_stage	ST_DEV_E13_5_E14_5	Stereo-seq::shared_developmental_series	legacy_replication	ST_DEV_E13_5_E14_5	forward	balanced_ot	0.25		baseline	True	200	8.388768100005109	
Stereo-seq	cross_stage	ST_DEV_E13_5_E14_5	Stereo-seq::shared_developmental_series	legacy_replication	ST_DEV_E13_5_E14_5__reverse	reverse	uot	0.25	2.0	baseline	True	85	3.569413099990925	
Stereo-seq	cross_stage	ST_DEV_E13_5_E14_5	Stereo-seq::shared_developmental_series	legacy_replication	ST_DEV_E13_5_E14_5__reverse	reverse	row_softmax	0.25		baseline	True	1	0.042293100006645545	
Stereo-seq	cross_stage	ST_DEV_E13_5_E14_5	Stereo-seq::shared_developmental_series	legacy_replication	ST_DEV_E13_5_E14_5__reverse	reverse	balanced_ot	0.25		baseline	True	200	8.295447900003637	
Stereo-seq	cross_stage	ST_DEV_E14_5_E15_5	Stereo-seq::shared_developmental_series	legacy_replication	ST_DEV_E14_5_E15_5	forward	uot	0.25	2.0	baseline	True	85	3.5667545000032987	
Stereo-seq	cross_stage	ST_DEV_E14_5_E15_5	Stereo-seq::shared_developmental_series	legacy_replication	ST_DEV_E14_5_E15_5	forward	row_softmax	0.25		baseline	True	1	0.037774999989778735	
Stereo-seq	cross_stage	ST_DEV_E14_5_E15_5	Stereo-seq::shared_developmental_series	legacy_replication	ST_DEV_E14_5_E15_5	forward	balanced_ot	0.25		baseline	True	200	8.404329600001802	
Stereo-seq	cross_stage	ST_DEV_E14_5_E15_5	Stereo-seq::shared_developmental_series	legacy_replication	ST_DEV_E14_5_E15_5__reverse	reverse	uot	0.25	2.0	baseline	True	85	3.6036102999933064	
Stereo-seq	cross_stage	ST_DEV_E14_5_E15_5	Stereo-seq::shared_developmental_series	legacy_replication	ST_DEV_E14_5_E15_5__reverse	reverse	row_softmax	0.25		baseline	True	1	0.036569000003510155	
Stereo-seq	cross_stage	ST_DEV_E14_5_E15_5	Stereo-seq::shared_developmental_series	legacy_replication	ST_DEV_E14_5_E15_5__reverse	reverse	balanced_ot	0.25		baseline	True	200	8.390343899998697	
Stereo-seq	cross_stage	ST_DEV_E15_5_E16_5	Stereo-seq::shared_developmental_series	legacy_replication	ST_DEV_E15_5_E16_5	forward	uot	0.25	2.0	baseline	True	85	3.5860858999949414	
Stereo-seq	cross_stage	ST_DEV_E15_5_E16_5	Stereo-seq::shared_developmental_series	legacy_replication	ST_DEV_E15_5_E16_5	forward	row_softmax	0.25		baseline	True	1	0.036488800004008226	
Stereo-seq	cross_stage	ST_DEV_E15_5_E16_5	Stereo-seq::shared_developmental_series	legacy_replication	ST_DEV_E15_5_E16_5	forward	balanced_ot	0.25		baseline	True	200	8.407922300000791	
Stereo-seq	cross_stage	ST_DEV_E15_5_E16_5	Stereo-seq::shared_developmental_series	legacy_replication	ST_DEV_E15_5_E16_5__reverse	reverse	uot	0.25	2.0	baseline	True	85	3.737035099999048	
Stereo-seq	cross_stage	ST_DEV_E15_5_E16_5	Stereo-seq::shared_developmental_series	legacy_replication	ST_DEV_E15_5_E16_5__reverse	reverse	row_softmax	0.25		baseline	True	1	0.042889599993941374	
Stereo-seq	cross_stage	ST_DEV_E15_5_E16_5	Stereo-seq::shared_developmental_series	legacy_replication	ST_DEV_E15_5_E16_5__reverse	reverse	balanced_ot	0.25		baseline	True	200	8.531146199995419	
Stereo-seq	same_age_sections	ST_E15_5_S1_S2	ST_E15_5_S1_S2	legacy_replication	ST_E15_5_S1_S2	forward	uot	0.25	2.0	baseline	True	85	3.5302654999977676	
Stereo-seq	same_age_sections	ST_E15_5_S1_S2	ST_E15_5_S1_S2	legacy_replication	ST_E15_5_S1_S2	forward	row_softmax	0.25		baseline	True	1	0.036635099997511134	
Stereo-seq	same_age_sections	ST_E15_5_S1_S2	ST_E15_5_S1_S2	legacy_replication	ST_E15_5_S1_S2	forward	balanced_ot	0.25		baseline	True	200	8.298654500002158	
Stereo-seq	same_age_sections	ST_E15_5_S1_S2	ST_E15_5_S1_S2	legacy_replication	ST_E15_5_S1_S2__reverse	reverse	uot	0.25	2.0	baseline	True	85	3.5931447000039043	
Stereo-seq	same_age_sections	ST_E15_5_S1_S2	ST_E15_5_S1_S2	legacy_replication	ST_E15_5_S1_S2__reverse	reverse	row_softmax	0.25		baseline	True	1	0.03755539999110624	
Stereo-seq	same_age_sections	ST_E15_5_S1_S2	ST_E15_5_S1_S2	legacy_replication	ST_E15_5_S1_S2__reverse	reverse	balanced_ot	0.25		baseline	True	200	8.382437599997502	
STARmap_PLUS	same_age_replicates	STAR_8M_D1_D2	STAR_8M_D1_D2	legacy_replication	STAR_8M_D1_D2	forward	uot	0.25	2.0	baseline	True	85	3.633720900004846	
STARmap_PLUS	same_age_replicates	STAR_8M_D1_D2	STAR_8M_D1_D2	legacy_replication	STAR_8M_D1_D2	forward	row_softmax	0.25		baseline	True	1	0.03695410001091659	
STARmap_PLUS	same_age_replicates	STAR_8M_D1_D2	STAR_8M_D1_D2	legacy_replication	STAR_8M_D1_D2	forward	balanced_ot	0.25		baseline	True	200	8.345355899989954	
STARmap_PLUS	same_age_replicates	STAR_8M_D1_D2	STAR_8M_D1_D2	legacy_replication	STAR_8M_D1_D2__reverse	reverse	uot	0.25	2.0	baseline	True	85	3.644228799996199	
STARmap_PLUS	same_age_replicates	STAR_8M_D1_D2	STAR_8M_D1_D2	legacy_replication	STAR_8M_D1_D2__reverse	reverse	row_softmax	0.25		baseline	True	1	0.03673980000894517	
STARmap_PLUS	same_age_replicates	STAR_8M_D1_D2	STAR_8M_D1_D2	legacy_replication	STAR_8M_D1_D2__reverse	reverse	balanced_ot	0.25		baseline	True	200	8.361409300006926	
spatialLIBD_manual_layers	within_donor_adjacent_replicates	DLPFCML_151507_151508	spatialLIBD_manual::Br5292	manual_layer_truth	DLPFCML_151507_151508	forward	uot	0.25	2.0	base	True	85	3.565019799993024	
spatialLIBD_manual_layers	within_donor_adjacent_replicates	DLPFCML_151507_151508	spatialLIBD_manual::Br5292	manual_layer_truth	DLPFCML_151507_151508	forward	uot	0.25	2.0	manual_response	True	85	3.59113200000138	0.00125
spatialLIBD_manual_layers	within_donor_adjacent_replicates	DLPFCML_151507_151508	spatialLIBD_manual::Br5292	manual_layer_truth	DLPFCML_151507_151508	forward	uot	0.25	2.0	manual_response	True	85	3.5404828999890015	0.000625
spatialLIBD_manual_layers	within_donor_adjacent_replicates	DLPFCML_151507_151508	spatialLIBD_manual::Br5292	manual_layer_truth	DLPFCML_151507_151508	forward	uot	0.25	2.0	manual_response	True	85	3.5466968000109773	0.01
spatialLIBD_manual_layers	within_donor_adjacent_replicates	DLPFCML_151507_151508	spatialLIBD_manual::Br5292	manual_layer_truth	DLPFCML_151507_151508	forward	uot	0.25	2.0	manual_response	True	85	3.5977158000023337	1.0
spatialLIBD_manual_layers	within_donor_adjacent_replicates	DLPFCML_151507_151508	spatialLIBD_manual::Br5292	manual_layer_truth	DLPFCML_151507_151508	forward	row_softmax	0.25		base	True	1	0.03675829998974223	
spatialLIBD_manual_layers	within_donor_adjacent_replicates	DLPFCML_151507_151508	spatialLIBD_manual::Br5292	manual_layer_truth	DLPFCML_151507_151508	forward	row_softmax	0.25		manual_response	True	1	0.03772620001109317	0.00125
spatialLIBD_manual_layers	within_donor_adjacent_replicates	DLPFCML_151507_151508	spatialLIBD_manual::Br5292	manual_layer_truth	DLPFCML_151507_151508	forward	row_softmax	0.25		manual_response	True	1	0.04354609998699743	0.000625
spatialLIBD_manual_layers	within_donor_adjacent_replicates	DLPFCML_151507_151508	spatialLIBD_manual::Br5292	manual_layer_truth	DLPFCML_151507_151508	forward	row_softmax	0.25		manual_response	True	1	0.037600199997541495	0.01
spatialLIBD_manual_layers	within_donor_adjacent_replicates	DLPFCML_151507_151508	spatialLIBD_manual::Br5292	manual_layer_truth	DLPFCML_151507_151508	forward	row_softmax	0.25		manual_response	True	1	0.046052600009716116	1.0
spatialLIBD_manual_layers	within_donor_adjacent_replicates	DLPFCML_151507_151508	spatialLIBD_manual::Br5292	manual_layer_truth	DLPFCML_151507_151508	forward	balanced_ot	0.25		base	True	200	8.329576299991459	
spatialLIBD_manual_layers	within_donor_adjacent_replicates	DLPFCML_151507_151508	spatialLIBD_manual::Br5292	manual_layer_truth	DLPFCML_151507_151508	forward	balanced_ot	0.25		manual_response	True	200	8.341628299996955	0.00125
spatialLIBD_manual_layers	within_donor_adjacent_replicates	DLPFCML_151507_151508	spatialLIBD_manual::Br5292	manual_layer_truth	DLPFCML_151507_151508	forward	balanced_ot	0.25		manual_response	True	200	8.395428799994988	0.000625
spatialLIBD_manual_layers	within_donor_adjacent_replicates	DLPFCML_151507_151508	spatialLIBD_manual::Br5292	manual_layer_truth	DLPFCML_151507_151508	forward	balanced_ot	0.25		manual_response	True	200	8.50531169999158	0.01
spatialLIBD_manual_layers	within_donor_adjacent_replicates	DLPFCML_151507_151508	spatialLIBD_manual::Br5292	manual_layer_truth	DLPFCML_151507_151508	forward	balanced_ot	0.25		manual_response	True	200	8.33568189998914	1.0
spatialLIBD_manual_layers	within_donor_adjacent_replicates	DLPFCML_151507_151508	spatialLIBD_manual::Br5292	manual_layer_truth	DLPFCML_151507_151508__reverse	reverse	uot	0.25	2.0	base	True	85	3.6131277000094997	
spatialLIBD_manual_layers	within_donor_adjacent_replicates	DLPFCML_151507_151508	spatialLIBD_manual::Br5292	manual_layer_truth	DLPFCML_151507_151508__reverse	reverse	uot	0.25	2.0	manual_response	True	85	3.603465399995912	0.00125
spatialLIBD_manual_layers	within_donor_adjacent_replicates	DLPFCML_151507_151508	spatialLIBD_manual::Br5292	manual_layer_truth	DLPFCML_151507_151508__reverse	reverse	uot	0.25	2.0	manual_response	True	85	3.5196931999962544	0.000625
spatialLIBD_manual_layers	within_donor_adjacent_replicates	DLPFCML_151507_151508	spatialLIBD_manual::Br5292	manual_layer_truth	DLPFCML_151507_151508__reverse	reverse	uot	0.25	2.0	manual_response	True	85	3.5565871999860974	0.01
spatialLIBD_manual_layers	within_donor_adjacent_replicates	DLPFCML_151507_151508	spatialLIBD_manual::Br5292	manual_layer_truth	DLPFCML_151507_151508__reverse	reverse	uot	0.25	2.0	manual_response	True	85	3.522426199997426	1.0
spatialLIBD_manual_layers	within_donor_adjacent_replicates	DLPFCML_151507_151508	spatialLIBD_manual::Br5292	manual_layer_truth	DLPFCML_151507_151508__reverse	reverse	row_softmax	0.25		base	True	1	0.041867799998726696	
spatialLIBD_manual_layers	within_donor_adjacent_replicates	DLPFCML_151507_151508	spatialLIBD_manual::Br5292	manual_layer_truth	DLPFCML_151507_151508__reverse	reverse	row_softmax	0.25		manual_response	True	1	0.038219599999138154	0.00125
spatialLIBD_manual_layers	within_donor_adjacent_replicates	DLPFCML_151507_151508	spatialLIBD_manual::Br5292	manual_layer_truth	DLPFCML_151507_151508__reverse	reverse	row_softmax	0.25		manual_response	True	1	0.037156600010348484	0.000625
spatialLIBD_manual_layers	within_donor_adjacent_replicates	DLPFCML_151507_151508	spatialLIBD_manual::Br5292	manual_layer_truth	DLPFCML_151507_151508__reverse	reverse	row_softmax	0.25		manual_response	True	1	0.03629259999433998	0.01
spatialLIBD_manual_layers	within_donor_adjacent_replicates	DLPFCML_151507_151508	spatialLIBD_manual::Br5292	manual_layer_truth	DLPFCML_151507_151508__reverse	reverse	row_softmax	0.25		manual_response	True	1	0.03742009999405127	1.0
spatialLIBD_manual_layers	within_donor_adjacent_replicates	DLPFCML_151507_151508	spatialLIBD_manual::Br5292	manual_layer_truth	DLPFCML_151507_151508__reverse	reverse	balanced_ot	0.25		base	True	200	8.31882260000566	
spatialLIBD_manual_layers	within_donor_adjacent_replicates	DLPFCML_151507_151508	spatialLIBD_manual::Br5292	manual_layer_truth	DLPFCML_151507_151508__reverse	reverse	balanced_ot	0.25		manual_response	True	200	8.47135910000361	0.00125
spatialLIBD_manual_layers	within_donor_adjacent_replicates	DLPFCML_151507_151508	spatialLIBD_manual::Br5292	manual_layer_truth	DLPFCML_151507_151508__reverse	reverse	balanced_ot	0.25		manual_response	True	200	8.46780279999075	0.000625
spatialLIBD_manual_layers	within_donor_adjacent_replicates	DLPFCML_151507_151508	spatialLIBD_manual::Br5292	manual_layer_truth	DLPFCML_151507_151508__reverse	reverse	balanced_ot	0.25		manual_response	True	200	8.344018700008746	0.01
spatialLIBD_manual_layers	within_donor_adjacent_replicates	DLPFCML_151507_151508	spatialLIBD_manual::Br5292	manual_layer_truth	DLPFCML_151507_151508__reverse	reverse	balanced_ot	0.25		manual_response	True	200	8.32433210000454	1.0
spatialLIBD_manual_layers	within_donor_adjacent_replicates	DLPFCML_151509_151510	spatialLIBD_manual::Br5292	manual_layer_truth	DLPFCML_151509_151510	forward	uot	0.25	2.0	base	True	85	3.5837799000000814	
spatialLIBD_manual_layers	within_donor_adjacent_replicates	DLPFCML_151509_151510	spatialLIBD_manual::Br5292	manual_layer_truth	DLPFCML_151509_151510	forward	uot	0.25	2.0	manual_response	True	85	3.608928699992248	0.00125
spatialLIBD_manual_layers	within_donor_adjacent_replicates	DLPFCML_151509_151510	spatialLIBD_manual::Br5292	manual_layer_truth	DLPFCML_151509_151510	forward	uot	0.25	2.0	manual_response	True	85	3.5656358000123873	0.000625
spatialLIBD_manual_layers	within_donor_adjacent_replicates	DLPFCML_151509_151510	spatialLIBD_manual::Br5292	manual_layer_truth	DLPFCML_151509_151510	forward	uot	0.25	2.0	manual_response	True	85	3.5985381999926176	0.01
spatialLIBD_manual_layers	within_donor_adjacent_replicates	DLPFCML_151509_151510	spatialLIBD_manual::Br5292	manual_layer_truth	DLPFCML_151509_151510	forward	uot	0.25	2.0	manual_response	True	85	3.5863252999988617	1.0
spatialLIBD_manual_layers	within_donor_adjacent_replicates	DLPFCML_151509_151510	spatialLIBD_manual::Br5292	manual_layer_truth	DLPFCML_151509_151510	forward	row_softmax	0.25		base	True	1	0.036724599995068274	
spatialLIBD_manual_layers	within_donor_adjacent_replicates	DLPFCML_151509_151510	spatialLIBD_manual::Br5292	manual_layer_truth	DLPFCML_151509_151510	forward	row_softmax	0.25		manual_response	True	1	0.038238799999817275	0.00125
spatialLIBD_manual_layers	within_donor_adjacent_replicates	DLPFCML_151509_151510	spatialLIBD_manual::Br5292	manual_layer_truth	DLPFCML_151509_151510	forward	row_softmax	0.25		manual_response	True	1	0.04277090000687167	0.000625
spatialLIBD_manual_layers	within_donor_adjacent_replicates	DLPFCML_151509_151510	spatialLIBD_manual::Br5292	manual_layer_truth	DLPFCML_151509_151510	forward	row_softmax	0.25		manual_response	True	1	0.03866359998937696	0.01
spatialLIBD_manual_layers	within_donor_adjacent_replicates	DLPFCML_151509_151510	spatialLIBD_manual::Br5292	manual_layer_truth	DLPFCML_151509_151510	forward	row_softmax	0.25		manual_response	True	1	0.037104599992744625	1.0
spatialLIBD_manual_layers	within_donor_adjacent_replicates	DLPFCML_151509_151510	spatialLIBD_manual::Br5292	manual_layer_truth	DLPFCML_151509_151510	forward	balanced_ot	0.25		base	True	200	8.46514830000524	
spatialLIBD_manual_layers	within_donor_adjacent_replicates	DLPFCML_151509_151510	spatialLIBD_manual::Br5292	manual_layer_truth	DLPFCML_151509_151510	forward	balanced_ot	0.25		manual_response	True	200	8.366721500002313	0.00125
spatialLIBD_manual_layers	within_donor_adjacent_replicates	DLPFCML_151509_151510	spatialLIBD_manual::Br5292	manual_layer_truth	DLPFCML_151509_151510	forward	balanced_ot	0.25		manual_response	True	200	8.366462000005413	0.000625
spatialLIBD_manual_layers	within_donor_adjacent_replicates	DLPFCML_151509_151510	spatialLIBD_manual::Br5292	manual_layer_truth	DLPFCML_151509_151510	forward	balanced_ot	0.25		manual_response	True	200	8.595418800003245	0.01
spatialLIBD_manual_layers	within_donor_adjacent_replicates	DLPFCML_151509_151510	spatialLIBD_manual::Br5292	manual_layer_truth	DLPFCML_151509_151510	forward	balanced_ot	0.25		manual_response	True	200	8.438608500000555	1.0
spatialLIBD_manual_layers	within_donor_adjacent_replicates	DLPFCML_151509_151510	spatialLIBD_manual::Br5292	manual_layer_truth	DLPFCML_151509_151510__reverse	reverse	uot	0.25	2.0	base	True	85	3.5791068999969866	
spatialLIBD_manual_layers	within_donor_adjacent_replicates	DLPFCML_151509_151510	spatialLIBD_manual::Br5292	manual_layer_truth	DLPFCML_151509_151510__reverse	reverse	uot	0.25	2.0	manual_response	True	85	3.510320799992769	0.00125
spatialLIBD_manual_layers	within_donor_adjacent_replicates	DLPFCML_151509_151510	spatialLIBD_manual::Br5292	manual_layer_truth	DLPFCML_151509_151510__reverse	reverse	uot	0.25	2.0	manual_response	True	85	3.5652524000033736	0.000625
spatialLIBD_manual_layers	within_donor_adjacent_replicates	DLPFCML_151509_151510	spatialLIBD_manual::Br5292	manual_layer_truth	DLPFCML_151509_151510__reverse	reverse	uot	0.25	2.0	manual_response	True	85	3.571231699999771	0.01
spatialLIBD_manual_layers	within_donor_adjacent_replicates	DLPFCML_151509_151510	spatialLIBD_manual::Br5292	manual_layer_truth	DLPFCML_151509_151510__reverse	reverse	uot	0.25	2.0	manual_response	True	85	3.5489675999997417	1.0
spatialLIBD_manual_layers	within_donor_adjacent_replicates	DLPFCML_151509_151510	spatialLIBD_manual::Br5292	manual_layer_truth	DLPFCML_151509_151510__reverse	reverse	row_softmax	0.25		base	True	1	0.03862890000164043	
spatialLIBD_manual_layers	within_donor_adjacent_replicates	DLPFCML_151509_151510	spatialLIBD_manual::Br5292	manual_layer_truth	DLPFCML_151509_151510__reverse	reverse	row_softmax	0.25		manual_response	True	1	0.03696130000753328	0.00125
spatialLIBD_manual_layers	within_donor_adjacent_replicates	DLPFCML_151509_151510	spatialLIBD_manual::Br5292	manual_layer_truth	DLPFCML_151509_151510__reverse	reverse	row_softmax	0.25		manual_response	True	1	0.039837899996200576	0.000625
spatialLIBD_manual_layers	within_donor_adjacent_replicates	DLPFCML_151509_151510	spatialLIBD_manual::Br5292	manual_layer_truth	DLPFCML_151509_151510__reverse	reverse	row_softmax	0.25		manual_response	True	1	0.03740829999151174	0.01
spatialLIBD_manual_layers	within_donor_adjacent_replicates	DLPFCML_151509_151510	spatialLIBD_manual::Br5292	manual_layer_truth	DLPFCML_151509_151510__reverse	reverse	row_softmax	0.25		manual_response	True	1	0.03699449999839999	1.0
spatialLIBD_manual_layers	within_donor_adjacent_replicates	DLPFCML_151509_151510	spatialLIBD_manual::Br5292	manual_layer_truth	DLPFCML_151509_151510__reverse	reverse	balanced_ot	0.25		base	True	200	8.455593899998348	
spatialLIBD_manual_layers	within_donor_adjacent_replicates	DLPFCML_151509_151510	spatialLIBD_manual::Br5292	manual_layer_truth	DLPFCML_151509_151510__reverse	reverse	balanced_ot	0.25		manual_response	True	200	8.45441479999863	0.00125
spatialLIBD_manual_layers	within_donor_adjacent_replicates	DLPFCML_151509_151510	spatialLIBD_manual::Br5292	manual_layer_truth	DLPFCML_151509_151510__reverse	reverse	balanced_ot	0.25		manual_response	True	200	8.41602150000108	0.000625
spatialLIBD_manual_layers	within_donor_adjacent_replicates	DLPFCML_151509_151510	spatialLIBD_manual::Br5292	manual_layer_truth	DLPFCML_151509_151510__reverse	reverse	balanced_ot	0.25		manual_response	True	200	8.352274800010491	0.01
spatialLIBD_manual_layers	within_donor_adjacent_replicates	DLPFCML_151509_151510	spatialLIBD_manual::Br5292	manual_layer_truth	DLPFCML_151509_151510__reverse	reverse	balanced_ot	0.25		manual_response	True	200	8.359462599997642	1.0
spatialLIBD_manual_layers	within_donor_adjacent_replicates	DLPFCML_151669_151670	spatialLIBD_manual::Br5595	manual_layer_truth	DLPFCML_151669_151670	forward	uot	0.25	2.0	base	True	85	3.5564849999936996	
spatialLIBD_manual_layers	within_donor_adjacent_replicates	DLPFCML_151669_151670	spatialLIBD_manual::Br5595	manual_layer_truth	DLPFCML_151669_151670	forward	uot	0.25	2.0	manual_response	True	85	3.601051199992071	0.00125
spatialLIBD_manual_layers	within_donor_adjacent_replicates	DLPFCML_151669_151670	spatialLIBD_manual::Br5595	manual_layer_truth	DLPFCML_151669_151670	forward	uot	0.25	2.0	manual_response	True	85	3.542416199998115	0.000625
spatialLIBD_manual_layers	within_donor_adjacent_replicates	DLPFCML_151669_151670	spatialLIBD_manual::Br5595	manual_layer_truth	DLPFCML_151669_151670	forward	uot	0.25	2.0	manual_response	True	85	3.6231039999984205	0.01
spatialLIBD_manual_layers	within_donor_adjacent_replicates	DLPFCML_151669_151670	spatialLIBD_manual::Br5595	manual_layer_truth	DLPFCML_151669_151670	forward	uot	0.25	2.0	manual_response	True	85	3.5278032000060193	1.0
spatialLIBD_manual_layers	within_donor_adjacent_replicates	DLPFCML_151669_151670	spatialLIBD_manual::Br5595	manual_layer_truth	DLPFCML_151669_151670	forward	row_softmax	0.25		base	True	1	0.03744070000539068	
spatialLIBD_manual_layers	within_donor_adjacent_replicates	DLPFCML_151669_151670	spatialLIBD_manual::Br5595	manual_layer_truth	DLPFCML_151669_151670	forward	row_softmax	0.25		manual_response	True	1	0.04034230000979733	0.00125
spatialLIBD_manual_layers	within_donor_adjacent_replicates	DLPFCML_151669_151670	spatialLIBD_manual::Br5595	manual_layer_truth	DLPFCML_151669_151670	forward	row_softmax	0.25		manual_response	True	1	0.03673359999083914	0.000625
spatialLIBD_manual_layers	within_donor_adjacent_replicates	DLPFCML_151669_151670	spatialLIBD_manual::Br5595	manual_layer_truth	DLPFCML_151669_151670	forward	row_softmax	0.25		manual_response	True	1	0.0381892000004882	0.01
spatialLIBD_manual_layers	within_donor_adjacent_replicates	DLPFCML_151669_151670	spatialLIBD_manual::Br5595	manual_layer_truth	DLPFCML_151669_151670	forward	row_softmax	0.25		manual_response	True	1	0.037000099997385405	1.0
spatialLIBD_manual_layers	within_donor_adjacent_replicates	DLPFCML_151669_151670	spatialLIBD_manual::Br5595	manual_layer_truth	DLPFCML_151669_151670	forward	balanced_ot	0.25		base	True	200	8.361046899997746	
spatialLIBD_manual_layers	within_donor_adjacent_replicates	DLPFCML_151669_151670	spatialLIBD_manual::Br5595	manual_layer_truth	DLPFCML_151669_151670	forward	balanced_ot	0.25		manual_response	True	200	8.339719700001297	0.00125
spatialLIBD_manual_layers	within_donor_adjacent_replicates	DLPFCML_151669_151670	spatialLIBD_manual::Br5595	manual_layer_truth	DLPFCML_151669_151670	forward	balanced_ot	0.25		manual_response	True	200	8.359369999991031	0.000625
spatialLIBD_manual_layers	within_donor_adjacent_replicates	DLPFCML_151669_151670	spatialLIBD_manual::Br5595	manual_layer_truth	DLPFCML_151669_151670	forward	balanced_ot	0.25		manual_response	True	200	8.57373109999753	0.01
spatialLIBD_manual_layers	within_donor_adjacent_replicates	DLPFCML_151669_151670	spatialLIBD_manual::Br5595	manual_layer_truth	DLPFCML_151669_151670	forward	balanced_ot	0.25		manual_response	True	200	8.32133029999386	1.0
spatialLIBD_manual_layers	within_donor_adjacent_replicates	DLPFCML_151669_151670	spatialLIBD_manual::Br5595	manual_layer_truth	DLPFCML_151669_151670__reverse	reverse	uot	0.25	2.0	base	True	85	3.507248100009747	
spatialLIBD_manual_layers	within_donor_adjacent_replicates	DLPFCML_151669_151670	spatialLIBD_manual::Br5595	manual_layer_truth	DLPFCML_151669_151670__reverse	reverse	uot	0.25	2.0	manual_response	True	85	3.6009841000050073	0.00125
spatialLIBD_manual_layers	within_donor_adjacent_replicates	DLPFCML_151669_151670	spatialLIBD_manual::Br5595	manual_layer_truth	DLPFCML_151669_151670__reverse	reverse	uot	0.25	2.0	manual_response	True	85	3.576884299996891	0.000625
spatialLIBD_manual_layers	within_donor_adjacent_replicates	DLPFCML_151669_151670	spatialLIBD_manual::Br5595	manual_layer_truth	DLPFCML_151669_151670__reverse	reverse	uot	0.25	2.0	manual_response	True	85	3.5876558999880217	0.01
spatialLIBD_manual_layers	within_donor_adjacent_replicates	DLPFCML_151669_151670	spatialLIBD_manual::Br5595	manual_layer_truth	DLPFCML_151669_151670__reverse	reverse	uot	0.25	2.0	manual_response	True	85	3.6109112999984063	1.0
spatialLIBD_manual_layers	within_donor_adjacent_replicates	DLPFCML_151669_151670	spatialLIBD_manual::Br5595	manual_layer_truth	DLPFCML_151669_151670__reverse	reverse	row_softmax	0.25		base	True	1	0.03783590000239201	
spatialLIBD_manual_layers	within_donor_adjacent_replicates	DLPFCML_151669_151670	spatialLIBD_manual::Br5595	manual_layer_truth	DLPFCML_151669_151670__reverse	reverse	row_softmax	0.25		manual_response	True	1	0.037383900009444915	0.00125
spatialLIBD_manual_layers	within_donor_adjacent_replicates	DLPFCML_151669_151670	spatialLIBD_manual::Br5595	manual_layer_truth	DLPFCML_151669_151670__reverse	reverse	row_softmax	0.25		manual_response	True	1	0.04342329999781214	0.000625
spatialLIBD_manual_layers	within_donor_adjacent_replicates	DLPFCML_151669_151670	spatialLIBD_manual::Br5595	manual_layer_truth	DLPFCML_151669_151670__reverse	reverse	row_softmax	0.25		manual_response	True	1	0.037738599989097565	0.01
spatialLIBD_manual_layers	within_donor_adjacent_replicates	DLPFCML_151669_151670	spatialLIBD_manual::Br5595	manual_layer_truth	DLPFCML_151669_151670__reverse	reverse	row_softmax	0.25		manual_response	True	1	0.03792020000400953	1.0
spatialLIBD_manual_layers	within_donor_adjacent_replicates	DLPFCML_151669_151670	spatialLIBD_manual::Br5595	manual_layer_truth	DLPFCML_151669_151670__reverse	reverse	balanced_ot	0.25		base	True	200	8.460849900002358	
spatialLIBD_manual_layers	within_donor_adjacent_replicates	DLPFCML_151669_151670	spatialLIBD_manual::Br5595	manual_layer_truth	DLPFCML_151669_151670__reverse	reverse	balanced_ot	0.25		manual_response	True	200	8.427017199996044	0.00125
spatialLIBD_manual_layers	within_donor_adjacent_replicates	DLPFCML_151669_151670	spatialLIBD_manual::Br5595	manual_layer_truth	DLPFCML_151669_151670__reverse	reverse	balanced_ot	0.25		manual_response	True	200	8.388740199996391	0.000625
spatialLIBD_manual_layers	within_donor_adjacent_replicates	DLPFCML_151669_151670	spatialLIBD_manual::Br5595	manual_layer_truth	DLPFCML_151669_151670__reverse	reverse	balanced_ot	0.25		manual_response	True	200	8.33714869999676	0.01
spatialLIBD_manual_layers	within_donor_adjacent_replicates	DLPFCML_151669_151670	spatialLIBD_manual::Br5595	manual_layer_truth	DLPFCML_151669_151670__reverse	reverse	balanced_ot	0.25		manual_response	True	200	8.414592900007847	1.0
spatialLIBD_manual_layers	within_donor_adjacent_replicates	DLPFCML_151671_151672	spatialLIBD_manual::Br5595	manual_layer_truth	DLPFCML_151671_151672	forward	uot	0.25	2.0	base	True	85	3.548195499999565	
spatialLIBD_manual_layers	within_donor_adjacent_replicates	DLPFCML_151671_151672	spatialLIBD_manual::Br5595	manual_layer_truth	DLPFCML_151671_151672	forward	uot	0.25	2.0	manual_response	True	85	3.5107876999973087	0.00125
spatialLIBD_manual_layers	within_donor_adjacent_replicates	DLPFCML_151671_151672	spatialLIBD_manual::Br5595	manual_layer_truth	DLPFCML_151671_151672	forward	uot	0.25	2.0	manual_response	True	85	3.5702748999901814	0.000625
spatialLIBD_manual_layers	within_donor_adjacent_replicates	DLPFCML_151671_151672	spatialLIBD_manual::Br5595	manual_layer_truth	DLPFCML_151671_151672	forward	uot	0.25	2.0	manual_response	True	85	3.5445250000047963	0.01
spatialLIBD_manual_layers	within_donor_adjacent_replicates	DLPFCML_151671_151672	spatialLIBD_manual::Br5595	manual_layer_truth	DLPFCML_151671_151672	forward	uot	0.25	2.0	manual_response	True	85	3.577230099996086	1.0
spatialLIBD_manual_layers	within_donor_adjacent_replicates	DLPFCML_151671_151672	spatialLIBD_manual::Br5595	manual_layer_truth	DLPFCML_151671_151672	forward	row_softmax	0.25		base	True	1	0.036139399991952814	
spatialLIBD_manual_layers	within_donor_adjacent_replicates	DLPFCML_151671_151672	spatialLIBD_manual::Br5595	manual_layer_truth	DLPFCML_151671_151672	forward	row_softmax	0.25		manual_response	True	1	0.035630500002298504	0.00125
spatialLIBD_manual_layers	within_donor_adjacent_replicates	DLPFCML_151671_151672	spatialLIBD_manual::Br5595	manual_layer_truth	DLPFCML_151671_151672	forward	row_softmax	0.25		manual_response	True	1	0.039169700001366436	0.000625
spatialLIBD_manual_layers	within_donor_adjacent_replicates	DLPFCML_151671_151672	spatialLIBD_manual::Br5595	manual_layer_truth	DLPFCML_151671_151672	forward	row_softmax	0.25		manual_response	True	1	0.037377400003606454	0.01
spatialLIBD_manual_layers	within_donor_adjacent_replicates	DLPFCML_151671_151672	spatialLIBD_manual::Br5595	manual_layer_truth	DLPFCML_151671_151672	forward	row_softmax	0.25		manual_response	True	1	0.03744909999659285	1.0
spatialLIBD_manual_layers	within_donor_adjacent_replicates	DLPFCML_151671_151672	spatialLIBD_manual::Br5595	manual_layer_truth	DLPFCML_151671_151672	forward	balanced_ot	0.25		base	True	200	8.387222200006363	
spatialLIBD_manual_layers	within_donor_adjacent_replicates	DLPFCML_151671_151672	spatialLIBD_manual::Br5595	manual_layer_truth	DLPFCML_151671_151672	forward	balanced_ot	0.25		manual_response	True	200	8.37935830000788	0.00125
spatialLIBD_manual_layers	within_donor_adjacent_replicates	DLPFCML_151671_151672	spatialLIBD_manual::Br5595	manual_layer_truth	DLPFCML_151671_151672	forward	balanced_ot	0.25		manual_response	True	200	8.419266400000197	0.000625
spatialLIBD_manual_layers	within_donor_adjacent_replicates	DLPFCML_151671_151672	spatialLIBD_manual::Br5595	manual_layer_truth	DLPFCML_151671_151672	forward	balanced_ot	0.25		manual_response	True	200	8.34857310001098	0.01
spatialLIBD_manual_layers	within_donor_adjacent_replicates	DLPFCML_151671_151672	spatialLIBD_manual::Br5595	manual_layer_truth	DLPFCML_151671_151672	forward	balanced_ot	0.25		manual_response	True	200	8.589732499996899	1.0
spatialLIBD_manual_layers	within_donor_adjacent_replicates	DLPFCML_151671_151672	spatialLIBD_manual::Br5595	manual_layer_truth	DLPFCML_151671_151672__reverse	reverse	uot	0.25	2.0	base	True	85	3.560181199994986	
spatialLIBD_manual_layers	within_donor_adjacent_replicates	DLPFCML_151671_151672	spatialLIBD_manual::Br5595	manual_layer_truth	DLPFCML_151671_151672__reverse	reverse	uot	0.25	2.0	manual_response	True	85	3.5692875000095228	0.00125
spatialLIBD_manual_layers	within_donor_adjacent_replicates	DLPFCML_151671_151672	spatialLIBD_manual::Br5595	manual_layer_truth	DLPFCML_151671_151672__reverse	reverse	uot	0.25	2.0	manual_response	True	85	3.538288999989163	0.000625
spatialLIBD_manual_layers	within_donor_adjacent_replicates	DLPFCML_151671_151672	spatialLIBD_manual::Br5595	manual_layer_truth	DLPFCML_151671_151672__reverse	reverse	uot	0.25	2.0	manual_response	True	85	3.575260799989337	0.01
spatialLIBD_manual_layers	within_donor_adjacent_replicates	DLPFCML_151671_151672	spatialLIBD_manual::Br5595	manual_layer_truth	DLPFCML_151671_151672__reverse	reverse	uot	0.25	2.0	manual_response	True	85	3.5248542000044836	1.0
spatialLIBD_manual_layers	within_donor_adjacent_replicates	DLPFCML_151671_151672	spatialLIBD_manual::Br5595	manual_layer_truth	DLPFCML_151671_151672__reverse	reverse	row_softmax	0.25		base	True	1	0.037826200001291	
spatialLIBD_manual_layers	within_donor_adjacent_replicates	DLPFCML_151671_151672	spatialLIBD_manual::Br5595	manual_layer_truth	DLPFCML_151671_151672__reverse	reverse	row_softmax	0.25		manual_response	True	1	0.03860880000866018	0.00125
spatialLIBD_manual_layers	within_donor_adjacent_replicates	DLPFCML_151671_151672	spatialLIBD_manual::Br5595	manual_layer_truth	DLPFCML_151671_151672__reverse	reverse	row_softmax	0.25		manual_response	True	1	0.04388339999422897	0.000625
spatialLIBD_manual_layers	within_donor_adjacent_replicates	DLPFCML_151671_151672	spatialLIBD_manual::Br5595	manual_layer_truth	DLPFCML_151671_151672__reverse	reverse	row_softmax	0.25		manual_response	True	1	0.04725699999835342	0.01
spatialLIBD_manual_layers	within_donor_adjacent_replicates	DLPFCML_151671_151672	spatialLIBD_manual::Br5595	manual_layer_truth	DLPFCML_151671_151672__reverse	reverse	row_softmax	0.25		manual_response	True	1	0.04305730000487529	1.0
spatialLIBD_manual_layers	within_donor_adjacent_replicates	DLPFCML_151671_151672	spatialLIBD_manual::Br5595	manual_layer_truth	DLPFCML_151671_151672__reverse	reverse	balanced_ot	0.25		base	True	200	8.41873819999455	
spatialLIBD_manual_layers	within_donor_adjacent_replicates	DLPFCML_151671_151672	spatialLIBD_manual::Br5595	manual_layer_truth	DLPFCML_151671_151672__reverse	reverse	balanced_ot	0.25		manual_response	True	200	8.30812230000447	0.00125
spatialLIBD_manual_layers	within_donor_adjacent_replicates	DLPFCML_151671_151672	spatialLIBD_manual::Br5595	manual_layer_truth	DLPFCML_151671_151672__reverse	reverse	balanced_ot	0.25		manual_response	True	200	8.6128660000104	0.000625
spatialLIBD_manual_layers	within_donor_adjacent_replicates	DLPFCML_151671_151672	spatialLIBD_manual::Br5595	manual_layer_truth	DLPFCML_151671_151672__reverse	reverse	balanced_ot	0.25		manual_response	True	200	8.365724100003717	0.01
spatialLIBD_manual_layers	within_donor_adjacent_replicates	DLPFCML_151671_151672	spatialLIBD_manual::Br5595	manual_layer_truth	DLPFCML_151671_151672__reverse	reverse	balanced_ot	0.25		manual_response	True	200	8.361456500002532	1.0
spatialLIBD_manual_layers	within_donor_adjacent_replicates	DLPFCML_151673_151674	spatialLIBD_manual::Br8100	manual_layer_truth	DLPFCML_151673_151674	forward	uot	0.25	2.0	base	True	85	3.5972280999994837	
spatialLIBD_manual_layers	within_donor_adjacent_replicates	DLPFCML_151673_151674	spatialLIBD_manual::Br8100	manual_layer_truth	DLPFCML_151673_151674	forward	uot	0.25	2.0	manual_response	True	85	3.5764403000066523	0.00125
spatialLIBD_manual_layers	within_donor_adjacent_replicates	DLPFCML_151673_151674	spatialLIBD_manual::Br8100	manual_layer_truth	DLPFCML_151673_151674	forward	uot	0.25	2.0	manual_response	True	85	3.603439200000139	0.000625
spatialLIBD_manual_layers	within_donor_adjacent_replicates	DLPFCML_151673_151674	spatialLIBD_manual::Br8100	manual_layer_truth	DLPFCML_151673_151674	forward	uot	0.25	2.0	manual_response	True	85	3.5748525000090012	0.01
spatialLIBD_manual_layers	within_donor_adjacent_replicates	DLPFCML_151673_151674	spatialLIBD_manual::Br8100	manual_layer_truth	DLPFCML_151673_151674	forward	uot	0.25	2.0	manual_response	True	85	3.5906981000007363	1.0
spatialLIBD_manual_layers	within_donor_adjacent_replicates	DLPFCML_151673_151674	spatialLIBD_manual::Br8100	manual_layer_truth	DLPFCML_151673_151674	forward	row_softmax	0.25		base	True	1	0.04423460000543855	
spatialLIBD_manual_layers	within_donor_adjacent_replicates	DLPFCML_151673_151674	spatialLIBD_manual::Br8100	manual_layer_truth	DLPFCML_151673_151674	forward	row_softmax	0.25		manual_response	True	1	0.03893450000032317	0.00125
spatialLIBD_manual_layers	within_donor_adjacent_replicates	DLPFCML_151673_151674	spatialLIBD_manual::Br8100	manual_layer_truth	DLPFCML_151673_151674	forward	row_softmax	0.25		manual_response	True	1	0.037790700007462874	0.000625
spatialLIBD_manual_layers	within_donor_adjacent_replicates	DLPFCML_151673_151674	spatialLIBD_manual::Br8100	manual_layer_truth	DLPFCML_151673_151674	forward	row_softmax	0.25		manual_response	True	1	0.037573399997199886	0.01
spatialLIBD_manual_layers	within_donor_adjacent_replicates	DLPFCML_151673_151674	spatialLIBD_manual::Br8100	manual_layer_truth	DLPFCML_151673_151674	forward	row_softmax	0.25		manual_response	True	1	0.039506300003267825	1.0
spatialLIBD_manual_layers	within_donor_adjacent_replicates	DLPFCML_151673_151674	spatialLIBD_manual::Br8100	manual_layer_truth	DLPFCML_151673_151674	forward	balanced_ot	0.25		base	True	200	8.39984060000279	
spatialLIBD_manual_layers	within_donor_adjacent_replicates	DLPFCML_151673_151674	spatialLIBD_manual::Br8100	manual_layer_truth	DLPFCML_151673_151674	forward	balanced_ot	0.25		manual_response	True	200	8.479986900012591	0.00125
spatialLIBD_manual_layers	within_donor_adjacent_replicates	DLPFCML_151673_151674	spatialLIBD_manual::Br8100	manual_layer_truth	DLPFCML_151673_151674	forward	balanced_ot	0.25		manual_response	True	200	8.523745600003167	0.000625
spatialLIBD_manual_layers	within_donor_adjacent_replicates	DLPFCML_151673_151674	spatialLIBD_manual::Br8100	manual_layer_truth	DLPFCML_151673_151674	forward	balanced_ot	0.25		manual_response	True	200	8.420610600005602	0.01
spatialLIBD_manual_layers	within_donor_adjacent_replicates	DLPFCML_151673_151674	spatialLIBD_manual::Br8100	manual_layer_truth	DLPFCML_151673_151674	forward	balanced_ot	0.25		manual_response	True	200	8.422425500000827	1.0
spatialLIBD_manual_layers	within_donor_adjacent_replicates	DLPFCML_151673_151674	spatialLIBD_manual::Br8100	manual_layer_truth	DLPFCML_151673_151674__reverse	reverse	uot	0.25	2.0	base	True	85	3.608448500002851	
spatialLIBD_manual_layers	within_donor_adjacent_replicates	DLPFCML_151673_151674	spatialLIBD_manual::Br8100	manual_layer_truth	DLPFCML_151673_151674__reverse	reverse	uot	0.25	2.0	manual_response	True	85	3.6248966999992263	0.00125
spatialLIBD_manual_layers	within_donor_adjacent_replicates	DLPFCML_151673_151674	spatialLIBD_manual::Br8100	manual_layer_truth	DLPFCML_151673_151674__reverse	reverse	uot	0.25	2.0	manual_response	True	85	3.5879080000013346	0.000625
spatialLIBD_manual_layers	within_donor_adjacent_replicates	DLPFCML_151673_151674	spatialLIBD_manual::Br8100	manual_layer_truth	DLPFCML_151673_151674__reverse	reverse	uot	0.25	2.0	manual_response	True	85	3.6058638999966206	0.01
spatialLIBD_manual_layers	within_donor_adjacent_replicates	DLPFCML_151673_151674	spatialLIBD_manual::Br8100	manual_layer_truth	DLPFCML_151673_151674__reverse	reverse	uot	0.25	2.0	manual_response	True	85	3.5273043000051985	1.0
spatialLIBD_manual_layers	within_donor_adjacent_replicates	DLPFCML_151673_151674	spatialLIBD_manual::Br8100	manual_layer_truth	DLPFCML_151673_151674__reverse	reverse	row_softmax	0.25		base	True	1	0.03806269999768119	
spatialLIBD_manual_layers	within_donor_adjacent_replicates	DLPFCML_151673_151674	spatialLIBD_manual::Br8100	manual_layer_truth	DLPFCML_151673_151674__reverse	reverse	row_softmax	0.25		manual_response	True	1	0.045325400002184324	0.00125
spatialLIBD_manual_layers	within_donor_adjacent_replicates	DLPFCML_151673_151674	spatialLIBD_manual::Br8100	manual_layer_truth	DLPFCML_151673_151674__reverse	reverse	row_softmax	0.25		manual_response	True	1	0.03741509999963455	0.000625
spatialLIBD_manual_layers	within_donor_adjacent_replicates	DLPFCML_151673_151674	spatialLIBD_manual::Br8100	manual_layer_truth	DLPFCML_151673_151674__reverse	reverse	row_softmax	0.25		manual_response	True	1	0.0386793000070611	0.01
spatialLIBD_manual_layers	within_donor_adjacent_replicates	DLPFCML_151673_151674	spatialLIBD_manual::Br8100	manual_layer_truth	DLPFCML_151673_151674__reverse	reverse	row_softmax	0.25		manual_response	True	1	0.03700349999417085	1.0
spatialLIBD_manual_layers	within_donor_adjacent_replicates	DLPFCML_151673_151674	spatialLIBD_manual::Br8100	manual_layer_truth	DLPFCML_151673_151674__reverse	reverse	balanced_ot	0.25		base	True	200	8.591614199991454	
spatialLIBD_manual_layers	within_donor_adjacent_replicates	DLPFCML_151673_151674	spatialLIBD_manual::Br8100	manual_layer_truth	DLPFCML_151673_151674__reverse	reverse	balanced_ot	0.25		manual_response	True	200	8.422080799995456	0.00125
spatialLIBD_manual_layers	within_donor_adjacent_replicates	DLPFCML_151673_151674	spatialLIBD_manual::Br8100	manual_layer_truth	DLPFCML_151673_151674__reverse	reverse	balanced_ot	0.25		manual_response	True	200	8.419931299999007	0.000625
spatialLIBD_manual_layers	within_donor_adjacent_replicates	DLPFCML_151673_151674	spatialLIBD_manual::Br8100	manual_layer_truth	DLPFCML_151673_151674__reverse	reverse	balanced_ot	0.25		manual_response	True	200	8.35350379999727	0.01
spatialLIBD_manual_layers	within_donor_adjacent_replicates	DLPFCML_151673_151674	spatialLIBD_manual::Br8100	manual_layer_truth	DLPFCML_151673_151674__reverse	reverse	balanced_ot	0.25		manual_response	True	200	8.417727699998068	1.0
spatialLIBD_manual_layers	within_donor_adjacent_replicates	DLPFCML_151675_151676	spatialLIBD_manual::Br8100	manual_layer_truth	DLPFCML_151675_151676	forward	uot	0.25	2.0	base	True	85	3.6222762999968836	
spatialLIBD_manual_layers	within_donor_adjacent_replicates	DLPFCML_151675_151676	spatialLIBD_manual::Br8100	manual_layer_truth	DLPFCML_151675_151676	forward	uot	0.25	2.0	manual_response	True	85	3.5773535999906017	0.00125
spatialLIBD_manual_layers	within_donor_adjacent_replicates	DLPFCML_151675_151676	spatialLIBD_manual::Br8100	manual_layer_truth	DLPFCML_151675_151676	forward	uot	0.25	2.0	manual_response	True	85	3.602156599998125	0.000625
spatialLIBD_manual_layers	within_donor_adjacent_replicates	DLPFCML_151675_151676	spatialLIBD_manual::Br8100	manual_layer_truth	DLPFCML_151675_151676	forward	uot	0.25	2.0	manual_response	True	85	3.557198900001822	0.01
spatialLIBD_manual_layers	within_donor_adjacent_replicates	DLPFCML_151675_151676	spatialLIBD_manual::Br8100	manual_layer_truth	DLPFCML_151675_151676	forward	uot	0.25	2.0	manual_response	True	85	3.542249600010109	1.0
spatialLIBD_manual_layers	within_donor_adjacent_replicates	DLPFCML_151675_151676	spatialLIBD_manual::Br8100	manual_layer_truth	DLPFCML_151675_151676	forward	row_softmax	0.25		base	True	1	0.0439539000071818	
spatialLIBD_manual_layers	within_donor_adjacent_replicates	DLPFCML_151675_151676	spatialLIBD_manual::Br8100	manual_layer_truth	DLPFCML_151675_151676	forward	row_softmax	0.25		manual_response	True	1	0.03726199999800883	0.00125
spatialLIBD_manual_layers	within_donor_adjacent_replicates	DLPFCML_151675_151676	spatialLIBD_manual::Br8100	manual_layer_truth	DLPFCML_151675_151676	forward	row_softmax	0.25		manual_response	True	1	0.03793400000722613	0.000625
spatialLIBD_manual_layers	within_donor_adjacent_replicates	DLPFCML_151675_151676	spatialLIBD_manual::Br8100	manual_layer_truth	DLPFCML_151675_151676	forward	row_softmax	0.25		manual_response	True	1	0.04137450001144316	0.01
spatialLIBD_manual_layers	within_donor_adjacent_replicates	DLPFCML_151675_151676	spatialLIBD_manual::Br8100	manual_layer_truth	DLPFCML_151675_151676	forward	row_softmax	0.25		manual_response	True	1	0.04452920000767335	1.0
spatialLIBD_manual_layers	within_donor_adjacent_replicates	DLPFCML_151675_151676	spatialLIBD_manual::Br8100	manual_layer_truth	DLPFCML_151675_151676	forward	balanced_ot	0.25		base	True	200	8.441397299990058	
spatialLIBD_manual_layers	within_donor_adjacent_replicates	DLPFCML_151675_151676	spatialLIBD_manual::Br8100	manual_layer_truth	DLPFCML_151675_151676	forward	balanced_ot	0.25		manual_response	True	200	8.295684800003073	0.00125
spatialLIBD_manual_layers	within_donor_adjacent_replicates	DLPFCML_151675_151676	spatialLIBD_manual::Br8100	manual_layer_truth	DLPFCML_151675_151676	forward	balanced_ot	0.25		manual_response	True	200	8.469908099999884	0.000625
spatialLIBD_manual_layers	within_donor_adjacent_replicates	DLPFCML_151675_151676	spatialLIBD_manual::Br8100	manual_layer_truth	DLPFCML_151675_151676	forward	balanced_ot	0.25		manual_response	True	200	8.410511800000677	0.01
spatialLIBD_manual_layers	within_donor_adjacent_replicates	DLPFCML_151675_151676	spatialLIBD_manual::Br8100	manual_layer_truth	DLPFCML_151675_151676	forward	balanced_ot	0.25		manual_response	True	200	8.510697899997467	1.0
spatialLIBD_manual_layers	within_donor_adjacent_replicates	DLPFCML_151675_151676	spatialLIBD_manual::Br8100	manual_layer_truth	DLPFCML_151675_151676__reverse	reverse	uot	0.25	2.0	base	True	85	3.591216100001475	
spatialLIBD_manual_layers	within_donor_adjacent_replicates	DLPFCML_151675_151676	spatialLIBD_manual::Br8100	manual_layer_truth	DLPFCML_151675_151676__reverse	reverse	uot	0.25	2.0	manual_response	True	85	3.531994199991459	0.00125
spatialLIBD_manual_layers	within_donor_adjacent_replicates	DLPFCML_151675_151676	spatialLIBD_manual::Br8100	manual_layer_truth	DLPFCML_151675_151676__reverse	reverse	uot	0.25	2.0	manual_response	True	85	3.6378032000066014	0.000625
spatialLIBD_manual_layers	within_donor_adjacent_replicates	DLPFCML_151675_151676	spatialLIBD_manual::Br8100	manual_layer_truth	DLPFCML_151675_151676__reverse	reverse	uot	0.25	2.0	manual_response	True	85	3.560796100005973	0.01
spatialLIBD_manual_layers	within_donor_adjacent_replicates	DLPFCML_151675_151676	spatialLIBD_manual::Br8100	manual_layer_truth	DLPFCML_151675_151676__reverse	reverse	uot	0.25	2.0	manual_response	True	85	3.5631870000070194	1.0
spatialLIBD_manual_layers	within_donor_adjacent_replicates	DLPFCML_151675_151676	spatialLIBD_manual::Br8100	manual_layer_truth	DLPFCML_151675_151676__reverse	reverse	row_softmax	0.25		base	True	1	0.03815129998838529	
spatialLIBD_manual_layers	within_donor_adjacent_replicates	DLPFCML_151675_151676	spatialLIBD_manual::Br8100	manual_layer_truth	DLPFCML_151675_151676__reverse	reverse	row_softmax	0.25		manual_response	True	1	0.03776530000322964	0.00125
spatialLIBD_manual_layers	within_donor_adjacent_replicates	DLPFCML_151675_151676	spatialLIBD_manual::Br8100	manual_layer_truth	DLPFCML_151675_151676__reverse	reverse	row_softmax	0.25		manual_response	True	1	0.03675529999600258	0.000625
spatialLIBD_manual_layers	within_donor_adjacent_replicates	DLPFCML_151675_151676	spatialLIBD_manual::Br8100	manual_layer_truth	DLPFCML_151675_151676__reverse	reverse	row_softmax	0.25		manual_response	True	1	0.03780439999536611	0.01
spatialLIBD_manual_layers	within_donor_adjacent_replicates	DLPFCML_151675_151676	spatialLIBD_manual::Br8100	manual_layer_truth	DLPFCML_151675_151676__reverse	reverse	row_softmax	0.25		manual_response	True	1	0.03786280000349507	1.0
spatialLIBD_manual_layers	within_donor_adjacent_replicates	DLPFCML_151675_151676	spatialLIBD_manual::Br8100	manual_layer_truth	DLPFCML_151675_151676__reverse	reverse	balanced_ot	0.25		base	True	200	8.516576399997575	
spatialLIBD_manual_layers	within_donor_adjacent_replicates	DLPFCML_151675_151676	spatialLIBD_manual::Br8100	manual_layer_truth	DLPFCML_151675_151676__reverse	reverse	balanced_ot	0.25		manual_response	True	200	8.459944700007327	0.00125
spatialLIBD_manual_layers	within_donor_adjacent_replicates	DLPFCML_151675_151676	spatialLIBD_manual::Br8100	manual_layer_truth	DLPFCML_151675_151676__reverse	reverse	balanced_ot	0.25		manual_response	True	200	8.462260499989497	0.000625
spatialLIBD_manual_layers	within_donor_adjacent_replicates	DLPFCML_151675_151676	spatialLIBD_manual::Br8100	manual_layer_truth	DLPFCML_151675_151676__reverse	reverse	balanced_ot	0.25		manual_response	True	200	8.523236200009705	0.01
spatialLIBD_manual_layers	within_donor_adjacent_replicates	DLPFCML_151675_151676	spatialLIBD_manual::Br8100	manual_layer_truth	DLPFCML_151675_151676__reverse	reverse	balanced_ot	0.25		manual_response	True	200	8.374854199995752	1.0
