cohort_role,method,epsilon,tau,grid_role,arm,intervention,score,claim_status,independent_units,median_spearman,median_top_decile_overlap,median_nmae,unit_gate_pass_fraction,estimable_units
legacy_replication,balanced_ot,0.1,,epsilon_scan,N,I_EXPR,matched_finite_difference,post-review sensitivity analysis; amended sample expansion,3,0.8330300431244637,0.6066666666666667,3.111487540078111,0.0,3
legacy_replication,balanced_ot,0.1,,epsilon_scan,N,I_EXPR,registered_finite_difference_fixed_score,post-review sensitivity analysis; amended sample expansion,3,0.5955395304620136,0.6599999999999999,3.8155537840614953,0.0,3
legacy_replication,balanced_ot,0.1,,epsilon_scan,N,I_SPATIAL,matched_finite_difference,post-review sensitivity analysis; amended sample expansion,3,0.0480294506797558,0.1633333333333333,3.627387319110541,0.0,3
legacy_replication,balanced_ot,0.1,,epsilon_scan,N,I_SPATIAL,registered_finite_difference_fixed_score,post-review sensitivity analysis; amended sample expansion,3,-0.0912236440993973,0.09,3.953679362621356,0.0,3
legacy_replication,balanced_ot,0.1,,epsilon_scan,R,I_EXPR,matched_finite_difference,post-review sensitivity analysis; amended sample expansion,3,0.9766019878231058,0.8033333333333333,0.3748798457889546,1.0,3
legacy_replication,balanced_ot,0.1,,epsilon_scan,R,I_EXPR,registered_finite_difference_fixed_score,post-review sensitivity analysis; amended sample expansion,3,0.9766019878231058,0.8033333333333333,0.3748798457889546,1.0,3
legacy_replication,balanced_ot,0.1,,epsilon_scan,R,I_SPATIAL,matched_finite_difference,post-review sensitivity analysis; amended sample expansion,3,-0.2124139646284287,0.08,4.685192953248063,0.0,3
legacy_replication,balanced_ot,0.1,,epsilon_scan,R,I_SPATIAL,registered_finite_difference_fixed_score,post-review sensitivity analysis; amended sample expansion,3,-0.2124139646284287,0.08,4.685192953248063,0.0,3
legacy_replication,balanced_ot,0.25,,baseline,N,I_EXPR,matched_finite_difference,post-review sensitivity analysis; amended sample expansion,3,0.7377553216690319,0.5,4.893121647159756,0.0,3
legacy_replication,balanced_ot,0.25,,baseline,N,I_EXPR,registered_finite_difference_fixed_score,post-review sensitivity analysis; amended sample expansion,3,0.0925689975862211,0.2533333333333333,8.309530483027702,0.0,3
legacy_replication,balanced_ot,0.25,,baseline,N,I_SPATIAL,matched_finite_difference,post-review sensitivity analysis; amended sample expansion,3,0.3278681048302689,0.2933333333333333,2.292872465815961,0.0,3
legacy_replication,balanced_ot,0.25,,baseline,N,I_SPATIAL,registered_finite_difference_fixed_score,post-review sensitivity analysis; amended sample expansion,3,0.4039930311080139,0.3833333333333333,2.3256583713934327,0.0,3
legacy_replication,balanced_ot,0.25,,baseline,R,I_EXPR,matched_finite_difference,post-review sensitivity analysis; amended sample expansion,3,0.997363397939288,0.9233333333333332,0.1593009840254486,1.0,3
legacy_replication,balanced_ot,0.25,,baseline,R,I_EXPR,registered_finite_difference_fixed_score,post-review sensitivity analysis; amended sample expansion,3,0.997363397939288,0.9233333333333332,0.1593009840254486,1.0,3
legacy_replication,balanced_ot,0.25,,baseline,R,I_SPATIAL,matched_finite_difference,post-review sensitivity analysis; amended sample expansion,3,0.3852393374397056,0.37,2.3306769462315744,0.0,3
legacy_replication,balanced_ot,0.25,,baseline,R,I_SPATIAL,registered_finite_difference_fixed_score,post-review sensitivity analysis; amended sample expansion,3,0.3852393374397056,0.37,2.3306769462315744,0.0,3
legacy_replication,balanced_ot,0.5,,epsilon_scan,N,I_EXPR,matched_finite_difference,post-review sensitivity analysis; amended sample expansion,3,0.9582877787945684,0.72,2.711046274101556,0.0,3
legacy_replication,balanced_ot,0.5,,epsilon_scan,N,I_EXPR,registered_finite_difference_fixed_score,post-review sensitivity analysis; amended sample expansion,3,-0.1287680287857905,0.1033333333333333,7.0971483083852505,0.0,3
legacy_replication,balanced_ot,0.5,,epsilon_scan,N,I_SPATIAL,matched_finite_difference,post-review sensitivity analysis; amended sample expansion,3,0.9512833721259432,0.5766666666666667,1.0068496909182147,0.0,3
legacy_replication,balanced_ot,0.5,,epsilon_scan,N,I_SPATIAL,registered_finite_difference_fixed_score,post-review sensitivity analysis; amended sample expansion,3,0.9530626369167275,0.5566666666666666,0.9546052033412924,0.0,3
legacy_replication,balanced_ot,0.5,,epsilon_scan,R,I_EXPR,matched_finite_difference,post-review sensitivity analysis; amended sample expansion,3,0.9992940814640364,0.97,0.085213598994859,1.0,3
legacy_replication,balanced_ot,0.5,,epsilon_scan,R,I_EXPR,registered_finite_difference_fixed_score,post-review sensitivity analysis; amended sample expansion,3,0.9992940814640364,0.97,0.085213598994859,1.0,3
legacy_replication,balanced_ot,0.5,,epsilon_scan,R,I_SPATIAL,matched_finite_difference,post-review sensitivity analysis; amended sample expansion,3,0.9516778683012748,0.6033333333333333,1.0331438296829814,0.0,3
legacy_replication,balanced_ot,0.5,,epsilon_scan,R,I_SPATIAL,registered_finite_difference_fixed_score,post-review sensitivity analysis; amended sample expansion,3,0.9516778683012748,0.6033333333333333,1.0331438296829814,0.0,3
legacy_replication,row_softmax,0.1,,epsilon_scan,N,I_EXPR,matched_finite_difference,post-review sensitivity analysis; amended sample expansion,3,0.810869891053285,0.5366666666666666,1.3925001613683674,0.0,3
legacy_replication,row_softmax,0.1,,epsilon_scan,N,I_EXPR,registered_finite_difference_fixed_score,post-review sensitivity analysis; amended sample expansion,3,0.653722583876704,0.5566666666666666,2.481305689726777,0.0,3
legacy_replication,row_softmax,0.1,,epsilon_scan,N,I_SPATIAL,matched_finite_difference,post-review sensitivity analysis; amended sample expansion,3,0.3967237123216499,0.3133333333333333,4.5697472197179305,0.0,3
legacy_replication,row_softmax,0.1,,epsilon_scan,N,I_SPATIAL,registered_finite_difference_fixed_score,post-review sensitivity analysis; amended sample expansion,3,0.2682905903513735,0.37,5.437792720475059,0.0,3
legacy_replication,row_softmax,0.1,,epsilon_scan,R,I_EXPR,matched_finite_difference,post-review sensitivity analysis; amended sample expansion,3,0.8986295087242262,0.6333333333333333,1.0927082861455193,0.3333333333333333,3
legacy_replication,row_softmax,0.1,,epsilon_scan,R,I_EXPR,registered_finite_difference_fixed_score,post-review sensitivity analysis; amended sample expansion,3,0.8986295087242262,0.6333333333333333,1.0927082861455193,0.3333333333333333,3
legacy_replication,row_softmax,0.1,,epsilon_scan,R,I_SPATIAL,matched_finite_difference,post-review sensitivity analysis; amended sample expansion,3,0.018092886263505,0.3533333333333334,6.2748730278746,0.0,3
legacy_replication,row_softmax,0.1,,epsilon_scan,R,I_SPATIAL,registered_finite_difference_fixed_score,post-review sensitivity analysis; amended sample expansion,3,0.018092886263505,0.3533333333333334,6.2748730278746,0.0,3
legacy_replication,row_softmax,0.25,,baseline,N,I_EXPR,matched_finite_difference,post-review sensitivity analysis; amended sample expansion,3,0.8522979894657732,0.7366666666666667,3.595224792682426,0.0,3
legacy_replication,row_softmax,0.25,,baseline,N,I_EXPR,registered_finite_difference_fixed_score,post-review sensitivity analysis; amended sample expansion,3,0.2641392053952024,0.3066666666666666,5.506893789650409,0.0,3
legacy_replication,row_softmax,0.25,,baseline,N,I_SPATIAL,matched_finite_difference,post-review sensitivity analysis; amended sample expansion,3,0.595548716243874,0.4333333333333333,2.757015953964207,0.0,3
legacy_replication,row_softmax,0.25,,baseline,N,I_SPATIAL,registered_finite_difference_fixed_score,post-review sensitivity analysis; amended sample expansion,3,0.7770774440344196,0.5266666666666666,2.950869758316577,0.0,3
legacy_replication,row_softmax,0.25,,baseline,R,I_EXPR,matched_finite_difference,post-review sensitivity analysis; amended sample expansion,3,0.9807231185436084,0.8533333333333333,0.5894493559812988,0.6666666666666666,3
legacy_replication,row_softmax,0.25,,baseline,R,I_EXPR,registered_finite_difference_fixed_score,post-review sensitivity analysis; amended sample expansion,3,0.9807231185436084,0.8533333333333333,0.5894493559812988,0.6666666666666666,3
legacy_replication,row_softmax,0.25,,baseline,R,I_SPATIAL,matched_finite_difference,post-review sensitivity analysis; amended sample expansion,3,0.784088359150382,0.48,2.756211254342151,0.0,3
legacy_replication,row_softmax,0.25,,baseline,R,I_SPATIAL,registered_finite_difference_fixed_score,post-review sensitivity analysis; amended sample expansion,3,0.784088359150382,0.48,2.756211254342151,0.0,3
legacy_replication,row_softmax,0.5,,epsilon_scan,N,I_EXPR,matched_finite_difference,post-review sensitivity analysis; amended sample expansion,3,0.953936596416265,0.7366666666666666,2.627412207315261,0.0,3
legacy_replication,row_softmax,0.5,,epsilon_scan,N,I_EXPR,registered_finite_difference_fixed_score,post-review sensitivity analysis; amended sample expansion,3,0.1082962436872194,0.1666666666666666,5.979882879034615,0.0,3
legacy_replication,row_softmax,0.5,,epsilon_scan,N,I_SPATIAL,matched_finite_difference,post-review sensitivity analysis; amended sample expansion,3,0.9273363445939312,0.64,1.3691524632016612,0.0,3
legacy_replication,row_softmax,0.5,,epsilon_scan,N,I_SPATIAL,registered_finite_difference_fixed_score,post-review sensitivity analysis; amended sample expansion,3,0.9364244286330796,0.5733333333333333,1.3841371278300558,0.0,3
legacy_replication,row_softmax,0.5,,epsilon_scan,R,I_EXPR,matched_finite_difference,post-review sensitivity analysis; amended sample expansion,3,0.9959042755130114,0.9466666666666668,0.3221709743692351,0.6666666666666666,3
legacy_replication,row_softmax,0.5,,epsilon_scan,R,I_EXPR,registered_finite_difference_fixed_score,post-review sensitivity analysis; amended sample expansion,3,0.9959042755130114,0.9466666666666668,0.3221709743692351,0.6666666666666666,3
legacy_replication,row_softmax,0.5,,epsilon_scan,R,I_SPATIAL,matched_finite_difference,post-review sensitivity analysis; amended sample expansion,3,0.9652432343303264,0.64,1.3120067438513807,0.0,3
legacy_replication,row_softmax,0.5,,epsilon_scan,R,I_SPATIAL,registered_finite_difference_fixed_score,post-review sensitivity analysis; amended sample expansion,3,0.9652432343303264,0.64,1.3120067438513807,0.0,3
legacy_replication,uot,0.1,1.0,interaction_corner,N,I_EXPR,matched_finite_difference,post-review sensitivity analysis; amended sample expansion,3,0.8810284164570741,0.7166666666666667,2.657772624406364,0.0,3
legacy_replication,uot,0.1,1.0,interaction_corner,N,I_EXPR,registered_finite_difference_fixed_score,post-review sensitivity analysis; amended sample expansion,3,0.6472256903225291,0.6733333333333333,3.458587637958596,0.0,3
legacy_replication,uot,0.1,1.0,interaction_corner,N,I_SPATIAL,matched_finite_difference,post-review sensitivity analysis; amended sample expansion,3,0.1115369046830687,0.25,3.782370632877115,0.0,3
legacy_replication,uot,0.1,1.0,interaction_corner,N,I_SPATIAL,registered_finite_difference_fixed_score,post-review sensitivity analysis; amended sample expansion,3,-0.0856101749378555,0.11,4.341218060777142,0.0,3
legacy_replication,uot,0.1,1.0,interaction_corner,R,I_EXPR,matched_finite_difference,post-review sensitivity analysis; amended sample expansion,3,0.9723185352526824,0.8300000000000001,0.3659516559420053,1.0,3
legacy_replication,uot,0.1,1.0,interaction_corner,R,I_EXPR,registered_finite_difference_fixed_score,post-review sensitivity analysis; amended sample expansion,3,0.9723185352526824,0.8300000000000001,0.3659516559420053,1.0,3
legacy_replication,uot,0.1,1.0,interaction_corner,R,I_SPATIAL,matched_finite_difference,post-review sensitivity analysis; amended sample expansion,3,-0.1930024520010897,0.1166666666666666,4.581444071959663,0.0,3
legacy_replication,uot,0.1,1.0,interaction_corner,R,I_SPATIAL,registered_finite_difference_fixed_score,post-review sensitivity analysis; amended sample expansion,3,-0.1930024520010897,0.1166666666666666,4.581444071959663,0.0,3
legacy_replication,uot,0.1,2.0,epsilon_scan,N,I_EXPR,matched_finite_difference,post-review sensitivity analysis; amended sample expansion,3,0.8571967720874543,0.6266666666666667,3.059547590845539,0.0,3
legacy_replication,uot,0.1,2.0,epsilon_scan,N,I_EXPR,registered_finite_difference_fixed_score,post-review sensitivity analysis; amended sample expansion,3,0.5834162255183224,0.6133333333333333,4.06357756663575,0.0,3
legacy_replication,uot,0.1,2.0,epsilon_scan,N,I_SPATIAL,matched_finite_difference,post-review sensitivity analysis; amended sample expansion,3,0.0858916079518257,0.1966666666666666,3.700630576311979,0.0,3
legacy_replication,uot,0.1,2.0,epsilon_scan,N,I_SPATIAL,registered_finite_difference_fixed_score,post-review sensitivity analysis; amended sample expansion,3,-0.0890712111427605,0.1066666666666666,4.157255042930055,0.0,3
legacy_replication,uot,0.1,2.0,epsilon_scan,R,I_EXPR,matched_finite_difference,post-review sensitivity analysis; amended sample expansion,3,0.9765863309272582,0.8300000000000001,0.3802837533589698,1.0,3
legacy_replication,uot,0.1,2.0,epsilon_scan,R,I_EXPR,registered_finite_difference_fixed_score,post-review sensitivity analysis; amended sample expansion,3,0.9765863309272582,0.8300000000000001,0.3802837533589698,1.0,3
legacy_replication,uot,0.1,2.0,epsilon_scan,R,I_SPATIAL,matched_finite_difference,post-review sensitivity analysis; amended sample expansion,3,-0.2030707818092363,0.0966666666666666,4.633406722762471,0.0,3
legacy_replication,uot,0.1,2.0,epsilon_scan,R,I_SPATIAL,registered_finite_difference_fixed_score,post-review sensitivity analysis; amended sample expansion,3,-0.2030707818092363,0.0966666666666666,4.633406722762471,0.0,3
legacy_replication,uot,0.1,5.0,interaction_corner,N,I_EXPR,matched_finite_difference,post-review sensitivity analysis; amended sample expansion,3,0.8409187950750201,0.6,3.188420542052912,0.0,3
legacy_replication,uot,0.1,5.0,interaction_corner,N,I_EXPR,registered_finite_difference_fixed_score,post-review sensitivity analysis; amended sample expansion,3,0.5835737384772172,0.6433333333333333,4.046489083532483,0.0,3
legacy_replication,uot,0.1,5.0,interaction_corner,N,I_SPATIAL,matched_finite_difference,post-review sensitivity analysis; amended sample expansion,3,0.0653662992739107,0.1699999999999999,3.633531771641883,0.0,3
legacy_replication,uot,0.1,5.0,interaction_corner,N,I_SPATIAL,registered_finite_difference_fixed_score,post-review sensitivity analysis; amended sample expansion,3,-0.0903862961716872,0.0966666666666666,4.028928538775918,0.0,3
legacy_replication,uot,0.1,5.0,interaction_corner,R,I_EXPR,matched_finite_difference,post-review sensitivity analysis; amended sample expansion,3,0.9767618883386172,0.8133333333333334,0.3832975473055225,1.0,3
legacy_replication,uot,0.1,5.0,interaction_corner,R,I_EXPR,registered_finite_difference_fixed_score,post-review sensitivity analysis; amended sample expansion,3,0.9767618883386172,0.8133333333333334,0.3832975473055225,1.0,3
legacy_replication,uot,0.1,5.0,interaction_corner,R,I_SPATIAL,matched_finite_difference,post-review sensitivity analysis; amended sample expansion,3,-0.2087397958843537,0.09,4.665209435185243,0.0,3
legacy_replication,uot,0.1,5.0,interaction_corner,R,I_SPATIAL,registered_finite_difference_fixed_score,post-review sensitivity analysis; amended sample expansion,3,-0.2087397958843537,0.09,4.665209435185243,0.0,3
legacy_replication,uot,0.25,1.0,tau_scan,N,I_EXPR,matched_finite_difference,post-review sensitivity analysis; amended sample expansion,3,0.788469609097604,0.6466666666666667,4.647512071854781,0.0,3
legacy_replication,uot,0.25,1.0,tau_scan,N,I_EXPR,registered_finite_difference_fixed_score,post-review sensitivity analysis; amended sample expansion,3,0.4457258105448047,0.5466666666666666,7.158232779629433,0.0,3
legacy_replication,uot,0.25,1.0,tau_scan,N,I_SPATIAL,matched_finite_difference,post-review sensitivity analysis; amended sample expansion,3,0.5599748213221428,0.3533333333333333,2.209795118590727,0.0,3
legacy_replication,uot,0.25,1.0,tau_scan,N,I_SPATIAL,registered_finite_difference_fixed_score,post-review sensitivity analysis; amended sample expansion,3,0.4893817872807944,0.3866666666666666,2.6783242436018617,0.0,3
legacy_replication,uot,0.25,1.0,tau_scan,R,I_EXPR,matched_finite_difference,post-review sensitivity analysis; amended sample expansion,3,0.9957326985478662,0.9466666666666668,0.124140857249575,1.0,3
legacy_replication,uot,0.25,1.0,tau_scan,R,I_EXPR,registered_finite_difference_fixed_score,post-review sensitivity analysis; amended sample expansion,3,0.9957326985478662,0.9466666666666668,0.124140857249575,1.0,3
legacy_replication,uot,0.25,1.0,tau_scan,R,I_SPATIAL,matched_finite_difference,post-review sensitivity analysis; amended sample expansion,3,0.4865632455836647,0.4366666666666666,2.386084216943947,0.0,3
legacy_replication,uot,0.25,1.0,tau_scan,R,I_SPATIAL,registered_finite_difference_fixed_score,post-review sensitivity analysis; amended sample expansion,3,0.4865632455836647,0.4366666666666666,2.386084216943947,0.0,3
legacy_replication,uot,0.25,2.0,baseline,N,I_EXPR,matched_finite_difference,post-review sensitivity analysis; amended sample expansion,3,0.7551805560802473,0.6033333333333333,5.463749578436869,0.0,3
legacy_replication,uot,0.25,2.0,baseline,N,I_EXPR,registered_finite_difference_fixed_score,post-review sensitivity analysis; amended sample expansion,3,0.2096461518427342,0.3266666666666666,9.20326461021414,0.0,3
legacy_replication,uot,0.25,2.0,baseline,N,I_SPATIAL,matched_finite_difference,post-review sensitivity analysis; amended sample expansion,3,0.4668397345954377,0.3466666666666667,2.2607177388416657,0.0,3
legacy_replication,uot,0.25,2.0,baseline,N,I_SPATIAL,registered_finite_difference_fixed_score,post-review sensitivity analysis; amended sample expansion,3,0.4558290790351462,0.35,2.507142176902703,0.0,3
legacy_replication,uot,0.25,2.0,baseline,R,I_EXPR,matched_finite_difference,post-review sensitivity analysis; amended sample expansion,3,0.9971034333793038,0.93,0.1350835375066648,1.0,3
legacy_replication,uot,0.25,2.0,baseline,R,I_EXPR,registered_finite_difference_fixed_score,post-review sensitivity analysis; amended sample expansion,3,0.9971034333793038,0.93,0.1350835375066648,1.0,3
legacy_replication,uot,0.25,2.0,baseline,R,I_SPATIAL,matched_finite_difference,post-review sensitivity analysis; amended sample expansion,3,0.4447507398892177,0.41,2.3576033902484923,0.0,3
legacy_replication,uot,0.25,2.0,baseline,R,I_SPATIAL,registered_finite_difference_fixed_score,post-review sensitivity analysis; amended sample expansion,3,0.4447507398892177,0.41,2.3576033902484923,0.0,3
legacy_replication,uot,0.25,5.0,tau_scan,N,I_EXPR,matched_finite_difference,post-review sensitivity analysis; amended sample expansion,3,0.7437929083524039,0.54,5.107971932770463,0.0,3
legacy_replication,uot,0.25,5.0,tau_scan,N,I_EXPR,registered_finite_difference_fixed_score,post-review sensitivity analysis; amended sample expansion,3,0.1077955554646913,0.29,8.792900962256411,0.0,3
legacy_replication,uot,0.25,5.0,tau_scan,N,I_SPATIAL,matched_finite_difference,post-review sensitivity analysis; amended sample expansion,3,0.3872094272041899,0.31,2.28649369167096,0.0,3
legacy_replication,uot,0.25,5.0,tau_scan,N,I_SPATIAL,registered_finite_difference_fixed_score,post-review sensitivity analysis; amended sample expansion,3,0.4276418078408035,0.36,2.403392022475773,0.0,3
legacy_replication,uot,0.25,5.0,tau_scan,R,I_EXPR,matched_finite_difference,post-review sensitivity analysis; amended sample expansion,3,0.9973531970458652,0.92,0.1407607982647427,1.0,3
legacy_replication,uot,0.25,5.0,tau_scan,R,I_EXPR,registered_finite_difference_fixed_score,post-review sensitivity analysis; amended sample expansion,3,0.9973531970458652,0.92,0.1407607982647427,1.0,3
legacy_replication,uot,0.25,5.0,tau_scan,R,I_SPATIAL,matched_finite_difference,post-review sensitivity analysis; amended sample expansion,3,0.4118198719199431,0.3933333333333333,2.343608790175248,0.0,3
legacy_replication,uot,0.25,5.0,tau_scan,R,I_SPATIAL,registered_finite_difference_fixed_score,post-review sensitivity analysis; amended sample expansion,3,0.4118198719199431,0.3933333333333333,2.343608790175248,0.0,3
legacy_replication,uot,0.5,1.0,interaction_corner,N,I_EXPR,matched_finite_difference,post-review sensitivity analysis; amended sample expansion,3,0.9443786063904918,0.7466666666666667,2.4951052924303125,0.0,3
legacy_replication,uot,0.5,1.0,interaction_corner,N,I_EXPR,registered_finite_difference_fixed_score,post-review sensitivity analysis; amended sample expansion,3,0.1142290001017778,0.3866666666666666,4.930519045787403,0.0,3
legacy_replication,uot,0.5,1.0,interaction_corner,N,I_SPATIAL,matched_finite_difference,post-review sensitivity analysis; amended sample expansion,3,0.9343448383754838,0.5433333333333333,1.0634761777589337,0.0,3
legacy_replication,uot,0.5,1.0,interaction_corner,N,I_SPATIAL,registered_finite_difference_fixed_score,post-review sensitivity analysis; amended sample expansion,3,0.9566495949553756,0.54,1.379843874689988,0.0,3
legacy_replication,uot,0.5,1.0,interaction_corner,R,I_EXPR,matched_finite_difference,post-review sensitivity analysis; amended sample expansion,3,0.9994547268687676,0.9866666666666668,0.0376888463168948,1.0,3
legacy_replication,uot,0.5,1.0,interaction_corner,R,I_EXPR,registered_finite_difference_fixed_score,post-review sensitivity analysis; amended sample expansion,3,0.9994547268687676,0.9866666666666668,0.0376888463168948,1.0,3
legacy_replication,uot,0.5,1.0,interaction_corner,R,I_SPATIAL,matched_finite_difference,post-review sensitivity analysis; amended sample expansion,3,0.966291771685232,0.6666666666666667,1.1338395591950057,0.0,3
legacy_replication,uot,0.5,1.0,interaction_corner,R,I_SPATIAL,registered_finite_difference_fixed_score,post-review sensitivity analysis; amended sample expansion,3,0.966291771685232,0.6666666666666667,1.1338395591950057,0.0,3
legacy_replication,uot,0.5,2.0,epsilon_scan,N,I_EXPR,matched_finite_difference,post-review sensitivity analysis; amended sample expansion,3,0.9637574292255242,0.7666666666666666,2.611004928237992,0.0,3
legacy_replication,uot,0.5,2.0,epsilon_scan,N,I_EXPR,registered_finite_difference_fixed_score,post-review sensitivity analysis; amended sample expansion,3,0.0219939368861941,0.2066666666666666,6.351908396852996,0.0,3
legacy_replication,uot,0.5,2.0,epsilon_scan,N,I_SPATIAL,matched_finite_difference,post-review sensitivity analysis; amended sample expansion,3,0.9464517593118932,0.5766666666666667,1.0424487221575869,0.0,3
legacy_replication,uot,0.5,2.0,epsilon_scan,N,I_SPATIAL,registered_finite_difference_fixed_score,post-review sensitivity analysis; amended sample expansion,3,0.9559545439797974,0.5533333333333333,1.1720603035137305,0.0,3
legacy_replication,uot,0.5,2.0,epsilon_scan,R,I_EXPR,matched_finite_difference,post-review sensitivity analysis; amended sample expansion,3,0.9990978627101612,0.97,0.0687232146768841,1.0,3
legacy_replication,uot,0.5,2.0,epsilon_scan,R,I_EXPR,registered_finite_difference_fixed_score,post-review sensitivity analysis; amended sample expansion,3,0.9990978627101612,0.97,0.0687232146768841,1.0,3
legacy_replication,uot,0.5,2.0,epsilon_scan,R,I_SPATIAL,matched_finite_difference,post-review sensitivity analysis; amended sample expansion,3,0.9608476377100612,0.6466666666666667,1.0901538627207352,0.0,3
legacy_replication,uot,0.5,2.0,epsilon_scan,R,I_SPATIAL,registered_finite_difference_fixed_score,post-review sensitivity analysis; amended sample expansion,3,0.9608476377100612,0.6466666666666667,1.0901538627207352,0.0,3
legacy_replication,uot,0.5,5.0,interaction_corner,N,I_EXPR,matched_finite_difference,post-review sensitivity analysis; amended sample expansion,3,0.964843187930306,0.7366666666666666,2.6452756247953437,0.0,3
legacy_replication,uot,0.5,5.0,interaction_corner,N,I_EXPR,registered_finite_difference_fixed_score,post-review sensitivity analysis; amended sample expansion,3,-0.0784886944394197,0.12,6.958153792250377,0.0,3
legacy_replication,uot,0.5,5.0,interaction_corner,N,I_SPATIAL,matched_finite_difference,post-review sensitivity analysis; amended sample expansion,3,0.95190782751459,0.5666666666666667,1.0180795542605967,0.0,3
legacy_replication,uot,0.5,5.0,interaction_corner,N,I_SPATIAL,registered_finite_difference_fixed_score,post-review sensitivity analysis; amended sample expansion,3,0.9544473948655088,0.5533333333333333,1.035340360744288,0.0,3
legacy_replication,uot,0.5,5.0,interaction_corner,R,I_EXPR,matched_finite_difference,post-review sensitivity analysis; amended sample expansion,3,0.9993959179537414,0.9666666666666668,0.062339080291876,1.0,3
legacy_replication,uot,0.5,5.0,interaction_corner,R,I_EXPR,registered_finite_difference_fixed_score,post-review sensitivity analysis; amended sample expansion,3,0.9993959179537414,0.9666666666666668,0.062339080291876,1.0,3
legacy_replication,uot,0.5,5.0,interaction_corner,R,I_SPATIAL,matched_finite_difference,post-review sensitivity analysis; amended sample expansion,3,0.9558036319127254,0.6133333333333333,1.0583491311163065,0.0,3
legacy_replication,uot,0.5,5.0,interaction_corner,R,I_SPATIAL,registered_finite_difference_fixed_score,post-review sensitivity analysis; amended sample expansion,3,0.9558036319127254,0.6133333333333333,1.0583491311163065,0.0,3
manual_truth_controlled,balanced_ot,0.1,,epsilon_scan,N,I_EXPR,matched_finite_difference,post-review sensitivity analysis; amended sample expansion,8,0.9171157769997953,0.7373150105708246,4.8220077384563975,0.0,8
manual_truth_controlled,balanced_ot,0.1,,epsilon_scan,N,I_EXPR,registered_finite_difference_fixed_score,post-review sensitivity analysis; amended sample expansion,8,0.25873428473126714,0.28211910041178334,8.861264422923137,0.0,8
manual_truth_controlled,balanced_ot,0.1,,epsilon_scan,N,I_SPATIAL,matched_finite_difference,post-review sensitivity analysis; amended sample expansion,8,-0.4764364564387017,0.0168350168350168,5.03246443435864,0.0,8
manual_truth_controlled,balanced_ot,0.1,,epsilon_scan,N,I_SPATIAL,registered_finite_difference_fixed_score,post-review sensitivity analysis; amended sample expansion,8,-0.47510480147273837,0.0,5.119263511800049,0.0,8
manual_truth_controlled,balanced_ot,0.1,,epsilon_scan,R,I_EXPR,matched_finite_difference,post-review sensitivity analysis; amended sample expansion,8,0.984818151797344,0.889237371521268,1.2001917253034755,0.25,8
manual_truth_controlled,balanced_ot,0.1,,epsilon_scan,R,I_EXPR,registered_finite_difference_fixed_score,post-review sensitivity analysis; amended sample expansion,8,0.984818151797344,0.889237371521268,1.2001917253034755,0.25,8
manual_truth_controlled,balanced_ot,0.1,,epsilon_scan,R,I_SPATIAL,matched_finite_difference,post-review sensitivity analysis; amended sample expansion,8,-0.5250718453215225,0.0,5.258229127619288,0.0,8
manual_truth_controlled,balanced_ot,0.1,,epsilon_scan,R,I_SPATIAL,registered_finite_difference_fixed_score,post-review sensitivity analysis; amended sample expansion,8,-0.5250718453215225,0.0,5.258229127619288,0.0,8
manual_truth_controlled,balanced_ot,0.25,,baseline,N,I_EXPR,matched_finite_difference,post-review sensitivity analysis; amended sample expansion,8,0.803556224890099,0.5819039451114922,5.4668709443496555,0.0,8
manual_truth_controlled,balanced_ot,0.25,,baseline,N,I_EXPR,registered_finite_difference_fixed_score,post-review sensitivity analysis; amended sample expansion,8,0.042192090859028294,0.1243387709851124,13.139206707932146,0.0,8
manual_truth_controlled,balanced_ot,0.25,,baseline,N,I_SPATIAL,matched_finite_difference,post-review sensitivity analysis; amended sample expansion,8,0.2247674165730147,0.15489803697350865,2.1880589417873972,0.0,8
manual_truth_controlled,balanced_ot,0.25,,baseline,N,I_SPATIAL,registered_finite_difference_fixed_score,post-review sensitivity analysis; amended sample expansion,8,0.21015878356882214,0.12215710564767165,2.1570041540010285,0.0,8
manual_truth_controlled,balanced_ot,0.25,,baseline,R,I_EXPR,matched_finite_difference,post-review sensitivity analysis; amended sample expansion,8,0.9970917362119075,0.9253190822958264,0.2437994701036366,1.0,8
manual_truth_controlled,balanced_ot,0.25,,baseline,R,I_EXPR,registered_finite_difference_fixed_score,post-review sensitivity analysis; amended sample expansion,8,0.9970917362119075,0.9253190822958264,0.2437994701036366,1.0,8
manual_truth_controlled,balanced_ot,0.25,,baseline,R,I_SPATIAL,matched_finite_difference,post-review sensitivity analysis; amended sample expansion,8,0.2069243045789559,0.11836922685979284,2.1816959300822854,0.0,8
manual_truth_controlled,balanced_ot,0.25,,baseline,R,I_SPATIAL,registered_finite_difference_fixed_score,post-review sensitivity analysis; amended sample expansion,8,0.2069243045789559,0.11836922685979284,2.1816959300822854,0.0,8
manual_truth_controlled,balanced_ot,0.5,,epsilon_scan,N,I_EXPR,matched_finite_difference,post-review sensitivity analysis; amended sample expansion,8,0.8909485942110914,0.6740351252392137,2.8570810987037207,0.0,8
manual_truth_controlled,balanced_ot,0.5,,epsilon_scan,N,I_EXPR,registered_finite_difference_fixed_score,post-review sensitivity analysis; amended sample expansion,8,0.0181597422312839,0.0912707620733712,9.344233358548927,0.0,8
manual_truth_controlled,balanced_ot,0.5,,epsilon_scan,N,I_SPATIAL,matched_finite_difference,post-review sensitivity analysis; amended sample expansion,8,0.8767485572856211,0.39395250589853487,0.9943603887040975,0.0,8
manual_truth_controlled,balanced_ot,0.5,,epsilon_scan,N,I_SPATIAL,registered_finite_difference_fixed_score,post-review sensitivity analysis; amended sample expansion,8,0.87598105955865,0.3846066338387532,0.9785996073007972,0.0,8
manual_truth_controlled,balanced_ot,0.5,,epsilon_scan,R,I_EXPR,matched_finite_difference,post-review sensitivity analysis; amended sample expansion,8,0.9993664048675375,0.968324358568261,0.07906379553730519,1.0,8
manual_truth_controlled,balanced_ot,0.5,,epsilon_scan,R,I_EXPR,registered_finite_difference_fixed_score,post-review sensitivity analysis; amended sample expansion,8,0.9993664048675375,0.968324358568261,0.07906379553730519,1.0,8
manual_truth_controlled,balanced_ot,0.5,,epsilon_scan,R,I_SPATIAL,matched_finite_difference,post-review sensitivity analysis; amended sample expansion,8,0.8762321502541635,0.3846066338387532,1.0005953088698658,0.0,8
manual_truth_controlled,balanced_ot,0.5,,epsilon_scan,R,I_SPATIAL,registered_finite_difference_fixed_score,post-review sensitivity analysis; amended sample expansion,8,0.8762321502541635,0.3846066338387532,1.0005953088698658,0.0,8
manual_truth_controlled,row_softmax,0.1,,epsilon_scan,N,I_EXPR,matched_finite_difference,post-review sensitivity analysis; amended sample expansion,8,0.9145861160113156,0.647265470378678,4.111466917036779,0.0,8
manual_truth_controlled,row_softmax,0.1,,epsilon_scan,N,I_EXPR,registered_finite_difference_fixed_score,post-review sensitivity analysis; amended sample expansion,8,0.31939343572245893,0.379909967009572,7.026274782209681,0.0,8
manual_truth_controlled,row_softmax,0.1,,epsilon_scan,N,I_SPATIAL,matched_finite_difference,post-review sensitivity analysis; amended sample expansion,8,0.2231852462672439,0.3617109634551494,4.6533635783680385,0.0,8
manual_truth_controlled,row_softmax,0.1,,epsilon_scan,N,I_SPATIAL,registered_finite_difference_fixed_score,post-review sensitivity analysis; amended sample expansion,8,0.2452567352390084,0.4041245791245791,4.762494246242473,0.0,8
manual_truth_controlled,row_softmax,0.1,,epsilon_scan,R,I_EXPR,matched_finite_difference,post-review sensitivity analysis; amended sample expansion,8,0.9138660358912463,0.6523036863324141,0.8036328396919636,0.375,8
manual_truth_controlled,row_softmax,0.1,,epsilon_scan,R,I_EXPR,registered_finite_difference_fixed_score,post-review sensitivity analysis; amended sample expansion,8,0.9138660358912463,0.6523036863324141,0.8036328396919636,0.375,8
manual_truth_controlled,row_softmax,0.1,,epsilon_scan,R,I_SPATIAL,matched_finite_difference,post-review sensitivity analysis; amended sample expansion,8,0.19000329166063612,0.3505330572173646,4.937223562795898,0.0,8
manual_truth_controlled,row_softmax,0.1,,epsilon_scan,R,I_SPATIAL,registered_finite_difference_fixed_score,post-review sensitivity analysis; amended sample expansion,8,0.19000329166063612,0.3505330572173646,4.937223562795898,0.0,8
manual_truth_controlled,row_softmax,0.25,,baseline,N,I_EXPR,matched_finite_difference,post-review sensitivity analysis; amended sample expansion,8,0.9273652966283636,0.7949228444511462,4.672355872896757,0.0,8
manual_truth_controlled,row_softmax,0.25,,baseline,N,I_EXPR,registered_finite_difference_fixed_score,post-review sensitivity analysis; amended sample expansion,8,-0.038560085338712205,0.11613082039911304,10.597165519616603,0.0,8
manual_truth_controlled,row_softmax,0.25,,baseline,N,I_SPATIAL,matched_finite_difference,post-review sensitivity analysis; amended sample expansion,8,0.7400243653284857,0.3888782406224266,2.28770957114486,0.0,8
manual_truth_controlled,row_softmax,0.25,,baseline,N,I_SPATIAL,registered_finite_difference_fixed_score,post-review sensitivity analysis; amended sample expansion,8,0.7753650785925217,0.4473141167414971,2.2466398569603685,0.0,8
manual_truth_controlled,row_softmax,0.25,,baseline,R,I_EXPR,matched_finite_difference,post-review sensitivity analysis; amended sample expansion,8,0.9888917736894636,0.9054347039208821,0.17528254514178349,1.0,8
manual_truth_controlled,row_softmax,0.25,,baseline,R,I_EXPR,registered_finite_difference_fixed_score,post-review sensitivity analysis; amended sample expansion,8,0.9888917736894636,0.9054347039208821,0.17528254514178349,1.0,8
manual_truth_controlled,row_softmax,0.25,,baseline,R,I_SPATIAL,matched_finite_difference,post-review sensitivity analysis; amended sample expansion,8,0.7618736495308087,0.40254706533776297,2.2899221059402812,0.0,8
manual_truth_controlled,row_softmax,0.25,,baseline,R,I_SPATIAL,registered_finite_difference_fixed_score,post-review sensitivity analysis; amended sample expansion,8,0.7618736495308087,0.40254706533776297,2.2899221059402812,0.0,8
manual_truth_controlled,row_softmax,0.5,,epsilon_scan,N,I_EXPR,matched_finite_difference,post-review sensitivity analysis; amended sample expansion,8,0.9682869793105651,0.7830959257087848,2.258039860936848,0.0,8
manual_truth_controlled,row_softmax,0.5,,epsilon_scan,N,I_EXPR,registered_finite_difference_fixed_score,post-review sensitivity analysis; amended sample expansion,8,-0.062385692677122,0.09964406662519865,7.067573963435166,0.0,8
manual_truth_controlled,row_softmax,0.5,,epsilon_scan,N,I_SPATIAL,matched_finite_difference,post-review sensitivity analysis; amended sample expansion,8,0.9524368113957067,0.6164569122555081,1.192853272875674,0.0,8
manual_truth_controlled,row_softmax,0.5,,epsilon_scan,N,I_SPATIAL,registered_finite_difference_fixed_score,post-review sensitivity analysis; amended sample expansion,8,0.9579694706100338,0.6608394165436728,1.1660474946881836,0.0,8
manual_truth_controlled,row_softmax,0.5,,epsilon_scan,R,I_EXPR,matched_finite_difference,post-review sensitivity analysis; amended sample expansion,8,0.9983371441455113,0.9652648122077374,0.10230231057662215,1.0,8
manual_truth_controlled,row_softmax,0.5,,epsilon_scan,R,I_EXPR,registered_finite_difference_fixed_score,post-review sensitivity analysis; amended sample expansion,8,0.9983371441455113,0.9652648122077374,0.10230231057662215,1.0,8
manual_truth_controlled,row_softmax,0.5,,epsilon_scan,R,I_SPATIAL,matched_finite_difference,post-review sensitivity analysis; amended sample expansion,8,0.9581188393307526,0.6559532276283311,1.1766258979876651,0.0,8
manual_truth_controlled,row_softmax,0.5,,epsilon_scan,R,I_SPATIAL,registered_finite_difference_fixed_score,post-review sensitivity analysis; amended sample expansion,8,0.9581188393307526,0.6559532276283311,1.1766258979876651,0.0,8
manual_truth_controlled,uot,0.1,1.0,interaction_corner,N,I_EXPR,matched_finite_difference,post-review sensitivity analysis; amended sample expansion,8,0.8910270661946281,0.7077516055686306,4.995048883978415,0.0,8
manual_truth_controlled,uot,0.1,1.0,interaction_corner,N,I_EXPR,registered_finite_difference_fixed_score,post-review sensitivity analysis; amended sample expansion,8,0.4282026947758902,0.48030221810709606,7.000416620220318,0.0,8
manual_truth_controlled,uot,0.1,1.0,interaction_corner,N,I_SPATIAL,matched_finite_difference,post-review sensitivity analysis; amended sample expansion,8,-0.38810572034451296,0.0458188153310104,4.802055225748182,0.0,8
manual_truth_controlled,uot,0.1,1.0,interaction_corner,N,I_SPATIAL,registered_finite_difference_fixed_score,post-review sensitivity analysis; amended sample expansion,8,-0.4082200543052408,0.0591491841491841,5.445607419288128,0.0,8
manual_truth_controlled,uot,0.1,1.0,interaction_corner,R,I_EXPR,matched_finite_difference,post-review sensitivity analysis; amended sample expansion,8,0.9953788299727149,0.9375337195104636,0.9570846674620573,0.125,8
manual_truth_controlled,uot,0.1,1.0,interaction_corner,R,I_EXPR,registered_finite_difference_fixed_score,post-review sensitivity analysis; amended sample expansion,8,0.9953788299727149,0.9375337195104636,0.9570846674620573,0.125,8
manual_truth_controlled,uot,0.1,1.0,interaction_corner,R,I_SPATIAL,matched_finite_difference,post-review sensitivity analysis; amended sample expansion,8,-0.4197870426248075,0.0378306878306878,5.036713525096555,0.0,8
manual_truth_controlled,uot,0.1,1.0,interaction_corner,R,I_SPATIAL,registered_finite_difference_fixed_score,post-review sensitivity analysis; amended sample expansion,8,-0.4197870426248075,0.0378306878306878,5.036713525096555,0.0,8
manual_truth_controlled,uot,0.1,2.0,epsilon_scan,N,I_EXPR,matched_finite_difference,post-review sensitivity analysis; amended sample expansion,8,0.9053734564411497,0.7393162239166678,4.891619436504014,0.0,8
manual_truth_controlled,uot,0.1,2.0,epsilon_scan,N,I_EXPR,registered_finite_difference_fixed_score,post-review sensitivity analysis; amended sample expansion,8,0.3123979997132337,0.416861999788829,8.361844472334532,0.0,8
manual_truth_controlled,uot,0.1,2.0,epsilon_scan,N,I_SPATIAL,matched_finite_difference,post-review sensitivity analysis; amended sample expansion,8,-0.426079065188514,0.03997289972899725,4.804965636388177,0.0,8
manual_truth_controlled,uot,0.1,2.0,epsilon_scan,N,I_SPATIAL,registered_finite_difference_fixed_score,post-review sensitivity analysis; amended sample expansion,8,-0.45558048418961083,0.02690100430416065,5.136312437828818,0.0,8
manual_truth_controlled,uot,0.1,2.0,epsilon_scan,R,I_EXPR,matched_finite_difference,post-review sensitivity analysis; amended sample expansion,8,0.9941867892418053,0.9401121198175961,1.1636789990238752,0.25,8
manual_truth_controlled,uot,0.1,2.0,epsilon_scan,R,I_EXPR,registered_finite_difference_fixed_score,post-review sensitivity analysis; amended sample expansion,8,0.9941867892418053,0.9401121198175961,1.1636789990238752,0.25,8
manual_truth_controlled,uot,0.1,2.0,epsilon_scan,R,I_SPATIAL,matched_finite_difference,post-review sensitivity analysis; amended sample expansion,8,-0.4788125351913973,0.01093073593073585,5.1934062993450505,0.0,8
manual_truth_controlled,uot,0.1,2.0,epsilon_scan,R,I_SPATIAL,registered_finite_difference_fixed_score,post-review sensitivity analysis; amended sample expansion,8,-0.4788125351913973,0.01093073593073585,5.1934062993450505,0.0,8
manual_truth_controlled,uot,0.1,5.0,interaction_corner,N,I_EXPR,matched_finite_difference,post-review sensitivity analysis; amended sample expansion,8,0.9108030889331596,0.7412026771782869,4.76489656616591,0.0,8
manual_truth_controlled,uot,0.1,5.0,interaction_corner,N,I_EXPR,registered_finite_difference_fixed_score,post-review sensitivity analysis; amended sample expansion,8,0.25578975510135593,0.35022964840038007,8.645732858123022,0.0,8
manual_truth_controlled,uot,0.1,5.0,interaction_corner,N,I_SPATIAL,matched_finite_difference,post-review sensitivity analysis; amended sample expansion,8,-0.4587256008783709,0.026094276094276052,4.92568037575294,0.0,8
manual_truth_controlled,uot,0.1,5.0,interaction_corner,N,I_SPATIAL,registered_finite_difference_fixed_score,post-review sensitivity analysis; amended sample expansion,8,-0.4736724844791462,0.0,5.104602650220894,0.0,8
manual_truth_controlled,uot,0.1,5.0,interaction_corner,R,I_EXPR,matched_finite_difference,post-review sensitivity analysis; amended sample expansion,8,0.9892001026827306,0.9160283734109974,1.23693651549991,0.25,8
manual_truth_controlled,uot,0.1,5.0,interaction_corner,R,I_EXPR,registered_finite_difference_fixed_score,post-review sensitivity analysis; amended sample expansion,8,0.9892001026827306,0.9160283734109974,1.23693651549991,0.25,8
manual_truth_controlled,uot,0.1,5.0,interaction_corner,R,I_SPATIAL,matched_finite_difference,post-review sensitivity analysis; amended sample expansion,8,-0.5051765908644376,0.0,5.282920642481782,0.0,8
manual_truth_controlled,uot,0.1,5.0,interaction_corner,R,I_SPATIAL,registered_finite_difference_fixed_score,post-review sensitivity analysis; amended sample expansion,8,-0.5051765908644376,0.0,5.282920642481782,0.0,8
manual_truth_controlled,uot,0.25,1.0,tau_scan,N,I_EXPR,matched_finite_difference,post-review sensitivity analysis; amended sample expansion,8,0.8423506531868881,0.6155137869899246,5.967876368701342,0.0,8
manual_truth_controlled,uot,0.25,1.0,tau_scan,N,I_EXPR,registered_finite_difference_fixed_score,post-review sensitivity analysis; amended sample expansion,8,0.3443704156293745,0.2235264004680415,9.983106645495088,0.0,8
manual_truth_controlled,uot,0.25,1.0,tau_scan,N,I_SPATIAL,matched_finite_difference,post-review sensitivity analysis; amended sample expansion,8,0.37910656641049334,0.20966117216117217,2.0988357529758273,0.0,8
manual_truth_controlled,uot,0.25,1.0,tau_scan,N,I_SPATIAL,registered_finite_difference_fixed_score,post-review sensitivity analysis; amended sample expansion,8,0.2801742890806335,0.2275044138251685,2.482966835609264,0.0,8
manual_truth_controlled,uot,0.25,1.0,tau_scan,R,I_EXPR,matched_finite_difference,post-review sensitivity analysis; amended sample expansion,8,0.9996886245718388,0.9711431742508324,0.13601210471296293,1.0,8
manual_truth_controlled,uot,0.25,1.0,tau_scan,R,I_EXPR,registered_finite_difference_fixed_score,post-review sensitivity analysis; amended sample expansion,8,0.9996886245718388,0.9711431742508324,0.13601210471296293,1.0,8
manual_truth_controlled,uot,0.25,1.0,tau_scan,R,I_SPATIAL,matched_finite_difference,post-review sensitivity analysis; amended sample expansion,8,0.33342741006242016,0.25625754399339307,2.168272327696476,0.0,8
manual_truth_controlled,uot,0.25,1.0,tau_scan,R,I_SPATIAL,registered_finite_difference_fixed_score,post-review sensitivity analysis; amended sample expansion,8,0.33342741006242016,0.25625754399339307,2.168272327696476,0.0,8
manual_truth_controlled,uot,0.25,2.0,baseline,N,I_EXPR,matched_finite_difference,post-review sensitivity analysis; amended sample expansion,8,0.8206979345779948,0.632359135266112,5.590318199971991,0.0,8
manual_truth_controlled,uot,0.25,2.0,baseline,N,I_EXPR,registered_finite_difference_fixed_score,post-review sensitivity analysis; amended sample expansion,8,0.1859909399306802,0.16357037271671415,11.740631533805939,0.0,8
manual_truth_controlled,uot,0.25,2.0,baseline,N,I_SPATIAL,matched_finite_difference,post-review sensitivity analysis; amended sample expansion,8,0.3095805543144303,0.20695656544713145,2.1496774340553686,0.0,8
manual_truth_controlled,uot,0.25,2.0,baseline,N,I_SPATIAL,registered_finite_difference_fixed_score,post-review sensitivity analysis; amended sample expansion,8,0.25026799691775725,0.1802379137284797,2.3252469478692586,0.0,8
manual_truth_controlled,uot,0.25,2.0,baseline,R,I_EXPR,matched_finite_difference,post-review sensitivity analysis; amended sample expansion,8,0.9990570052716,0.957051282051282,0.18234084332091793,1.0,8
manual_truth_controlled,uot,0.25,2.0,baseline,R,I_EXPR,registered_finite_difference_fixed_score,post-review sensitivity analysis; amended sample expansion,8,0.9990570052716,0.957051282051282,0.18234084332091793,1.0,8
manual_truth_controlled,uot,0.25,2.0,baseline,R,I_SPATIAL,matched_finite_difference,post-review sensitivity analysis; amended sample expansion,8,0.26770053750985606,0.1840257925163585,2.1944738534353947,0.0,8
manual_truth_controlled,uot,0.25,2.0,baseline,R,I_SPATIAL,registered_finite_difference_fixed_score,post-review sensitivity analysis; amended sample expansion,8,0.26770053750985606,0.1840257925163585,2.1944738534353947,0.0,8
manual_truth_controlled,uot,0.25,5.0,tau_scan,N,I_EXPR,matched_finite_difference,post-review sensitivity analysis; amended sample expansion,8,0.8089693675824906,0.5935660713685131,5.601098898474428,0.0,8
manual_truth_controlled,uot,0.25,5.0,tau_scan,N,I_EXPR,registered_finite_difference_fixed_score,post-review sensitivity analysis; amended sample expansion,8,0.0544029706317693,0.12668276845106105,13.17698042692853,0.0,8
manual_truth_controlled,uot,0.25,5.0,tau_scan,N,I_SPATIAL,matched_finite_difference,post-review sensitivity analysis; amended sample expansion,8,0.2602572647545617,0.1854796147248977,2.190858425352953,0.0,8
manual_truth_controlled,uot,0.25,5.0,tau_scan,N,I_SPATIAL,registered_finite_difference_fixed_score,post-review sensitivity analysis; amended sample expansion,8,0.22111609168902924,0.15279365986913154,2.241802669156174,0.0,8
manual_truth_controlled,uot,0.25,5.0,tau_scan,R,I_EXPR,matched_finite_difference,post-review sensitivity analysis; amended sample expansion,8,0.9981861895377535,0.9644243426604111,0.2871593441885279,1.0,8
manual_truth_controlled,uot,0.25,5.0,tau_scan,R,I_EXPR,registered_finite_difference_fixed_score,post-review sensitivity analysis; amended sample expansion,8,0.9981861895377535,0.9644243426604111,0.2871593441885279,1.0,8
manual_truth_controlled,uot,0.25,5.0,tau_scan,R,I_SPATIAL,matched_finite_difference,post-review sensitivity analysis; amended sample expansion,8,0.2267561035091435,0.14900578108125276,2.1870126758679507,0.0,8
manual_truth_controlled,uot,0.25,5.0,tau_scan,R,I_SPATIAL,registered_finite_difference_fixed_score,post-review sensitivity analysis; amended sample expansion,8,0.2267561035091435,0.14900578108125276,2.1870126758679507,0.0,8
manual_truth_controlled,uot,0.5,1.0,interaction_corner,N,I_EXPR,matched_finite_difference,post-review sensitivity analysis; amended sample expansion,8,0.9325870945377214,0.7442765567765568,2.8602235434896537,0.0,8
manual_truth_controlled,uot,0.5,1.0,interaction_corner,N,I_EXPR,registered_finite_difference_fixed_score,post-review sensitivity analysis; amended sample expansion,8,0.09577223535341844,0.18845280735524628,5.857599122186079,0.0,8
manual_truth_controlled,uot,0.5,1.0,interaction_corner,N,I_SPATIAL,matched_finite_difference,post-review sensitivity analysis; amended sample expansion,8,0.9229260538481701,0.6028743999893627,0.9609376360051106,0.0,8
manual_truth_controlled,uot,0.5,1.0,interaction_corner,N,I_SPATIAL,registered_finite_difference_fixed_score,post-review sensitivity analysis; amended sample expansion,8,0.8592054277080341,0.48221889067654755,1.2340196884607657,0.0,8
manual_truth_controlled,uot,0.5,1.0,interaction_corner,R,I_EXPR,matched_finite_difference,post-review sensitivity analysis; amended sample expansion,8,0.9999731391282574,1.0,0.06865019446831644,1.0,8
manual_truth_controlled,uot,0.5,1.0,interaction_corner,R,I_EXPR,registered_finite_difference_fixed_score,post-review sensitivity analysis; amended sample expansion,8,0.9999731391282574,1.0,0.06865019446831644,1.0,8
manual_truth_controlled,uot,0.5,1.0,interaction_corner,R,I_SPATIAL,matched_finite_difference,post-review sensitivity analysis; amended sample expansion,8,0.9000946885098424,0.5002864316708108,1.0408275985117472,0.0,8
manual_truth_controlled,uot,0.5,1.0,interaction_corner,R,I_SPATIAL,registered_finite_difference_fixed_score,post-review sensitivity analysis; amended sample expansion,8,0.9000946885098424,0.5002864316708108,1.0408275985117472,0.0,8
manual_truth_controlled,uot,0.5,2.0,epsilon_scan,N,I_EXPR,matched_finite_difference,post-review sensitivity analysis; amended sample expansion,8,0.9124059171844685,0.7282563025210085,2.735987864462649,0.0,8
manual_truth_controlled,uot,0.5,2.0,epsilon_scan,N,I_EXPR,registered_finite_difference_fixed_score,post-review sensitivity analysis; amended sample expansion,8,0.055000618277773444,0.14440088213673113,7.281841043177892,0.0,8
manual_truth_controlled,uot,0.5,2.0,epsilon_scan,N,I_SPATIAL,matched_finite_difference,post-review sensitivity analysis; amended sample expansion,8,0.904154645095609,0.5419791375802785,0.9782573178326974,0.0,8
manual_truth_controlled,uot,0.5,2.0,epsilon_scan,N,I_SPATIAL,registered_finite_difference_fixed_score,post-review sensitivity analysis; amended sample expansion,8,0.8707965162533866,0.4892171680236621,1.1295221759044236,0.0,8
manual_truth_controlled,uot,0.5,2.0,epsilon_scan,R,I_EXPR,matched_finite_difference,post-review sensitivity analysis; amended sample expansion,8,0.9999161238927692,0.9915824915824916,0.0341190764331096,1.0,8
manual_truth_controlled,uot,0.5,2.0,epsilon_scan,R,I_EXPR,registered_finite_difference_fixed_score,post-review sensitivity analysis; amended sample expansion,8,0.9999161238927692,0.9915824915824916,0.0341190764331096,1.0,8
manual_truth_controlled,uot,0.5,2.0,epsilon_scan,R,I_SPATIAL,matched_finite_difference,post-review sensitivity analysis; amended sample expansion,8,0.8890388776652212,0.49393414915573763,1.0282911781558317,0.0,8
manual_truth_controlled,uot,0.5,2.0,epsilon_scan,R,I_SPATIAL,registered_finite_difference_fixed_score,post-review sensitivity analysis; amended sample expansion,8,0.8890388776652212,0.49393414915573763,1.0282911781558317,0.0,8
manual_truth_controlled,uot,0.5,5.0,interaction_corner,N,I_EXPR,matched_finite_difference,post-review sensitivity analysis; amended sample expansion,8,0.8984924215226657,0.694327731092437,2.71656639892312,0.0,8
manual_truth_controlled,uot,0.5,5.0,interaction_corner,N,I_EXPR,registered_finite_difference_fixed_score,post-review sensitivity analysis; amended sample expansion,8,0.0483087101363459,0.09919277788634825,8.530290134309361,0.0,8
manual_truth_controlled,uot,0.5,5.0,interaction_corner,N,I_SPATIAL,matched_finite_difference,post-review sensitivity analysis; amended sample expansion,8,0.8897759621317994,0.47322168592462577,0.9855031111426595,0.0,8
manual_truth_controlled,uot,0.5,5.0,interaction_corner,N,I_SPATIAL,registered_finite_difference_fixed_score,post-review sensitivity analysis; amended sample expansion,8,0.8758403882880657,0.4474428355516552,1.0401270103683906,0.0,8
manual_truth_controlled,uot,0.5,5.0,interaction_corner,R,I_EXPR,matched_finite_difference,post-review sensitivity analysis; amended sample expansion,8,0.9997544747260505,0.9877946127946128,0.06601074330780421,1.0,8
manual_truth_controlled,uot,0.5,5.0,interaction_corner,R,I_EXPR,registered_finite_difference_fixed_score,post-review sensitivity analysis; amended sample expansion,8,0.9997544747260505,0.9877946127946128,0.06601074330780421,1.0,8
manual_truth_controlled,uot,0.5,5.0,interaction_corner,R,I_SPATIAL,matched_finite_difference,post-review sensitivity analysis; amended sample expansion,8,0.8824283578716283,0.4521598166837306,1.0118088193755679,0.0,8
manual_truth_controlled,uot,0.5,5.0,interaction_corner,R,I_SPATIAL,registered_finite_difference_fixed_score,post-review sensitivity analysis; amended sample expansion,8,0.8824283578716283,0.4521598166837306,1.0118088193755679,0.0,8
primary_expansion,balanced_ot,0.1,,epsilon_scan,N,I_EXPR,matched_finite_difference,post-review sensitivity analysis; amended sample expansion,10,0.9032844192375198,0.655,4.385348506091768,0.0,10
primary_expansion,balanced_ot,0.1,,epsilon_scan,N,I_EXPR,registered_finite_difference_fixed_score,post-review sensitivity analysis; amended sample expansion,10,0.47314374450833097,0.5449999999999999,6.275513061845594,0.0,10
primary_expansion,balanced_ot,0.1,,epsilon_scan,N,I_SPATIAL,matched_finite_difference,post-review sensitivity analysis; amended sample expansion,10,-0.27765916429296195,0.15499999999999997,4.952382178635352,0.0,10
primary_expansion,balanced_ot,0.1,,epsilon_scan,N,I_SPATIAL,registered_finite_difference_fixed_score,post-review sensitivity analysis; amended sample expansion,10,-0.4106705754091447,0.061666666666666654,5.323979534209352,0.0,10
primary_expansion,balanced_ot,0.1,,epsilon_scan,R,I_EXPR,matched_finite_difference,post-review sensitivity analysis; amended sample expansion,10,0.9907512021116454,0.9349999999999999,0.2584955100556346,1.0,10
primary_expansion,balanced_ot,0.1,,epsilon_scan,R,I_EXPR,registered_finite_difference_fixed_score,post-review sensitivity analysis; amended sample expansion,10,0.9907512021116454,0.9349999999999999,0.2584955100556346,1.0,10
primary_expansion,balanced_ot,0.1,,epsilon_scan,R,I_SPATIAL,matched_finite_difference,post-review sensitivity analysis; amended sample expansion,10,-0.5100307093469819,0.0266666666666666,5.347150511451072,0.0,10
primary_expansion,balanced_ot,0.1,,epsilon_scan,R,I_SPATIAL,registered_finite_difference_fixed_score,post-review sensitivity analysis; amended sample expansion,10,-0.5100307093469819,0.0266666666666666,5.347150511451072,0.0,10
primary_expansion,balanced_ot,0.25,,baseline,N,I_EXPR,matched_finite_difference,post-review sensitivity analysis; amended sample expansion,10,0.6675866247051666,0.4716666666666667,5.708209861228363,0.0,10
primary_expansion,balanced_ot,0.25,,baseline,N,I_EXPR,registered_finite_difference_fixed_score,post-review sensitivity analysis; amended sample expansion,10,0.25535860682604744,0.3066666666666666,11.174657636268911,0.0,10
primary_expansion,balanced_ot,0.25,,baseline,N,I_SPATIAL,matched_finite_difference,post-review sensitivity analysis; amended sample expansion,10,0.4324770944342642,0.37166666666666665,2.3568394242505275,0.0,10
primary_expansion,balanced_ot,0.25,,baseline,N,I_SPATIAL,registered_finite_difference_fixed_score,post-review sensitivity analysis; amended sample expansion,10,0.4785464695762088,0.39,2.4010443056225963,0.0,10
primary_expansion,balanced_ot,0.25,,baseline,R,I_EXPR,matched_finite_difference,post-review sensitivity analysis; amended sample expansion,10,0.9985548669132742,0.9783333333333334,0.1149735211619852,1.0,10
primary_expansion,balanced_ot,0.25,,baseline,R,I_EXPR,registered_finite_difference_fixed_score,post-review sensitivity analysis; amended sample expansion,10,0.9985548669132742,0.9783333333333334,0.1149735211619852,1.0,10
primary_expansion,balanced_ot,0.25,,baseline,R,I_SPATIAL,matched_finite_difference,post-review sensitivity analysis; amended sample expansion,10,0.44139565484251325,0.3916666666666666,2.4215131607515543,0.0,10
primary_expansion,balanced_ot,0.25,,baseline,R,I_SPATIAL,registered_finite_difference_fixed_score,post-review sensitivity analysis; amended sample expansion,10,0.44139565484251325,0.3916666666666666,2.4215131607515543,0.0,10
primary_expansion,balanced_ot,0.5,,epsilon_scan,N,I_EXPR,matched_finite_difference,post-review sensitivity analysis; amended sample expansion,10,0.954826603034046,0.795,3.2178409133881054,0.0,10
primary_expansion,balanced_ot,0.5,,epsilon_scan,N,I_EXPR,registered_finite_difference_fixed_score,post-review sensitivity analysis; amended sample expansion,10,0.13712848494599328,0.195,9.286616727684724,0.0,10
primary_expansion,balanced_ot,0.5,,epsilon_scan,N,I_SPATIAL,matched_finite_difference,post-review sensitivity analysis; amended sample expansion,10,0.9600974098210711,0.725,1.0267262613275123,0.0,10
primary_expansion,balanced_ot,0.5,,epsilon_scan,N,I_SPATIAL,registered_finite_difference_fixed_score,post-review sensitivity analysis; amended sample expansion,10,0.9630265151228956,0.7466666666666667,1.0197912420696442,0.0,10
primary_expansion,balanced_ot,0.5,,epsilon_scan,R,I_EXPR,matched_finite_difference,post-review sensitivity analysis; amended sample expansion,10,0.9996938736417217,0.9883333333333334,0.0627916166599735,1.0,10
primary_expansion,balanced_ot,0.5,,epsilon_scan,R,I_EXPR,registered_finite_difference_fixed_score,post-review sensitivity analysis; amended sample expansion,10,0.9996938736417217,0.9883333333333334,0.0627916166599735,1.0,10
primary_expansion,balanced_ot,0.5,,epsilon_scan,R,I_SPATIAL,matched_finite_difference,post-review sensitivity analysis; amended sample expansion,10,0.9608835275037901,0.74,1.0343415153515387,0.0,10
primary_expansion,balanced_ot,0.5,,epsilon_scan,R,I_SPATIAL,registered_finite_difference_fixed_score,post-review sensitivity analysis; amended sample expansion,10,0.9608835275037901,0.74,1.0343415153515387,0.0,10
primary_expansion,row_softmax,0.1,,epsilon_scan,N,I_EXPR,matched_finite_difference,post-review sensitivity analysis; amended sample expansion,10,0.8909511346449488,0.64,1.2018990479411955,0.1,10
primary_expansion,row_softmax,0.1,,epsilon_scan,N,I_EXPR,registered_finite_difference_fixed_score,post-review sensitivity analysis; amended sample expansion,10,0.8422245805442581,0.635,2.7187963839842575,0.0,10
primary_expansion,row_softmax,0.1,,epsilon_scan,N,I_SPATIAL,matched_finite_difference,post-review sensitivity analysis; amended sample expansion,10,0.32096248664999405,0.2583333333333333,4.196814004993046,0.0,10
primary_expansion,row_softmax,0.1,,epsilon_scan,N,I_SPATIAL,registered_finite_difference_fixed_score,post-review sensitivity analysis; amended sample expansion,10,0.3790736378105056,0.3983333333333333,5.408553513281369,0.0,10
primary_expansion,row_softmax,0.1,,epsilon_scan,R,I_EXPR,matched_finite_difference,post-review sensitivity analysis; amended sample expansion,10,0.9310738315883698,0.625,1.42047149626675,0.1,10
primary_expansion,row_softmax,0.1,,epsilon_scan,R,I_EXPR,registered_finite_difference_fixed_score,post-review sensitivity analysis; amended sample expansion,10,0.9310738315883698,0.625,1.42047149626675,0.1,10
primary_expansion,row_softmax,0.1,,epsilon_scan,R,I_SPATIAL,matched_finite_difference,post-review sensitivity analysis; amended sample expansion,10,0.2836938709750537,0.36333333333333334,5.253294234838789,0.0,10
primary_expansion,row_softmax,0.1,,epsilon_scan,R,I_SPATIAL,registered_finite_difference_fixed_score,post-review sensitivity analysis; amended sample expansion,10,0.2836938709750537,0.36333333333333334,5.253294234838789,0.0,10
primary_expansion,row_softmax,0.25,,baseline,N,I_EXPR,matched_finite_difference,post-review sensitivity analysis; amended sample expansion,10,0.9069170590742486,0.63,2.3026912038343412,0.0,10
primary_expansion,row_softmax,0.25,,baseline,N,I_EXPR,registered_finite_difference_fixed_score,post-review sensitivity analysis; amended sample expansion,10,0.6630546786909683,0.5766666666666667,4.588641705168405,0.0,10
primary_expansion,row_softmax,0.25,,baseline,N,I_SPATIAL,matched_finite_difference,post-review sensitivity analysis; amended sample expansion,10,0.706090835595927,0.51,2.3184865086335895,0.0,10
primary_expansion,row_softmax,0.25,,baseline,N,I_SPATIAL,registered_finite_difference_fixed_score,post-review sensitivity analysis; amended sample expansion,10,0.8841536702905202,0.605,2.661088456304763,0.0,10
primary_expansion,row_softmax,0.25,,baseline,R,I_EXPR,matched_finite_difference,post-review sensitivity analysis; amended sample expansion,10,0.9874431286413906,0.8716666666666666,0.9513484301273913,0.4,10
primary_expansion,row_softmax,0.25,,baseline,R,I_EXPR,registered_finite_difference_fixed_score,post-review sensitivity analysis; amended sample expansion,10,0.9874431286413906,0.8716666666666666,0.9513484301273913,0.4,10
primary_expansion,row_softmax,0.25,,baseline,R,I_SPATIAL,matched_finite_difference,post-review sensitivity analysis; amended sample expansion,10,0.8380326213478317,0.5633333333333332,2.5349420181887004,0.0,10
primary_expansion,row_softmax,0.25,,baseline,R,I_SPATIAL,registered_finite_difference_fixed_score,post-review sensitivity analysis; amended sample expansion,10,0.8380326213478317,0.5633333333333332,2.5349420181887004,0.0,10
primary_expansion,row_softmax,0.5,,epsilon_scan,N,I_EXPR,matched_finite_difference,post-review sensitivity analysis; amended sample expansion,10,0.9526734465215319,0.7783333333333333,1.9977785361979405,0.0,10
primary_expansion,row_softmax,0.5,,epsilon_scan,N,I_EXPR,registered_finite_difference_fixed_score,post-review sensitivity analysis; amended sample expansion,10,0.31455742958107985,0.3883333333333333,5.105296982290109,0.0,10
primary_expansion,row_softmax,0.5,,epsilon_scan,N,I_SPATIAL,matched_finite_difference,post-review sensitivity analysis; amended sample expansion,10,0.9168641559396249,0.6616666666666666,1.1926506882779653,0.0,10
primary_expansion,row_softmax,0.5,,epsilon_scan,N,I_SPATIAL,registered_finite_difference_fixed_score,post-review sensitivity analysis; amended sample expansion,10,0.9729366741940775,0.7733333333333334,1.3857181860823236,0.0,10
primary_expansion,row_softmax,0.5,,epsilon_scan,R,I_EXPR,matched_finite_difference,post-review sensitivity analysis; amended sample expansion,10,0.9973637783839016,0.9333333333333333,0.630311413935971,0.7,10
primary_expansion,row_softmax,0.5,,epsilon_scan,R,I_EXPR,registered_finite_difference_fixed_score,post-review sensitivity analysis; amended sample expansion,10,0.9973637783839016,0.9333333333333333,0.630311413935971,0.7,10
primary_expansion,row_softmax,0.5,,epsilon_scan,R,I_SPATIAL,matched_finite_difference,post-review sensitivity analysis; amended sample expansion,10,0.9680237120105386,0.7516666666666666,1.276034116088714,0.0,10
primary_expansion,row_softmax,0.5,,epsilon_scan,R,I_SPATIAL,registered_finite_difference_fixed_score,post-review sensitivity analysis; amended sample expansion,10,0.9680237120105386,0.7516666666666666,1.276034116088714,0.0,10
primary_expansion,uot,0.1,1.0,interaction_corner,N,I_EXPR,matched_finite_difference,post-review sensitivity analysis; amended sample expansion,10,0.9295108175603635,0.75,3.087559466138165,0.0,10
primary_expansion,uot,0.1,1.0,interaction_corner,N,I_EXPR,registered_finite_difference_fixed_score,post-review sensitivity analysis; amended sample expansion,10,0.743853185712527,0.6433333333333333,4.710823737629957,0.0,10
primary_expansion,uot,0.1,1.0,interaction_corner,N,I_SPATIAL,matched_finite_difference,post-review sensitivity analysis; amended sample expansion,10,-0.1143868375052611,0.25499999999999995,4.775931533192743,0.0,10
primary_expansion,uot,0.1,1.0,interaction_corner,N,I_SPATIAL,registered_finite_difference_fixed_score,post-review sensitivity analysis; amended sample expansion,10,-0.4021357947270199,0.03999999999999995,5.718890663261234,0.0,10
primary_expansion,uot,0.1,1.0,interaction_corner,R,I_EXPR,matched_finite_difference,post-review sensitivity analysis; amended sample expansion,10,0.9828548474910433,0.9666666666666667,0.27709139970671304,1.0,10
primary_expansion,uot,0.1,1.0,interaction_corner,R,I_EXPR,registered_finite_difference_fixed_score,post-review sensitivity analysis; amended sample expansion,10,0.9828548474910433,0.9666666666666667,0.27709139970671304,1.0,10
primary_expansion,uot,0.1,1.0,interaction_corner,R,I_SPATIAL,matched_finite_difference,post-review sensitivity analysis; amended sample expansion,10,-0.4833862619494498,0.0233333333333333,5.317073141769297,0.0,10
primary_expansion,uot,0.1,1.0,interaction_corner,R,I_SPATIAL,registered_finite_difference_fixed_score,post-review sensitivity analysis; amended sample expansion,10,-0.4833862619494498,0.0233333333333333,5.317073141769297,0.0,10
primary_expansion,uot,0.1,2.0,epsilon_scan,N,I_EXPR,matched_finite_difference,post-review sensitivity analysis; amended sample expansion,10,0.9168800937244862,0.6983333333333334,3.9245290117440907,0.0,10
primary_expansion,uot,0.1,2.0,epsilon_scan,N,I_EXPR,registered_finite_difference_fixed_score,post-review sensitivity analysis; amended sample expansion,10,0.5885409362404161,0.5416666666666667,6.025216649533862,0.0,10
primary_expansion,uot,0.1,2.0,epsilon_scan,N,I_SPATIAL,matched_finite_difference,post-review sensitivity analysis; amended sample expansion,10,-0.21098307865914612,0.18166666666666664,4.864082438689956,0.0,10
primary_expansion,uot,0.1,2.0,epsilon_scan,N,I_SPATIAL,registered_finite_difference_fixed_score,post-review sensitivity analysis; amended sample expansion,10,-0.4116643918508408,0.0466666666666666,5.443100431041557,0.0,10
primary_expansion,uot,0.1,2.0,epsilon_scan,R,I_EXPR,matched_finite_difference,post-review sensitivity analysis; amended sample expansion,10,0.9871734165215187,0.9366666666666668,0.26194801221943786,1.0,10
primary_expansion,uot,0.1,2.0,epsilon_scan,R,I_EXPR,registered_finite_difference_fixed_score,post-review sensitivity analysis; amended sample expansion,10,0.9871734165215187,0.9366666666666668,0.26194801221943786,1.0,10
primary_expansion,uot,0.1,2.0,epsilon_scan,R,I_SPATIAL,matched_finite_difference,post-review sensitivity analysis; amended sample expansion,10,-0.4973196894754176,0.02166666666666665,5.384467516315002,0.0,10
primary_expansion,uot,0.1,2.0,epsilon_scan,R,I_SPATIAL,registered_finite_difference_fixed_score,post-review sensitivity analysis; amended sample expansion,10,-0.4973196894754176,0.02166666666666665,5.384467516315002,0.0,10
primary_expansion,uot,0.1,5.0,interaction_corner,N,I_EXPR,matched_finite_difference,post-review sensitivity analysis; amended sample expansion,10,0.9082785707904759,0.6599999999999999,4.3278755430658356,0.0,10
primary_expansion,uot,0.1,5.0,interaction_corner,N,I_EXPR,registered_finite_difference_fixed_score,post-review sensitivity analysis; amended sample expansion,10,0.5060587982483549,0.535,6.4164492480133335,0.0,10
primary_expansion,uot,0.1,5.0,interaction_corner,N,I_SPATIAL,matched_finite_difference,post-review sensitivity analysis; amended sample expansion,10,-0.2550282689014529,0.1699999999999999,4.896258219196228,0.0,10
primary_expansion,uot,0.1,5.0,interaction_corner,N,I_SPATIAL,registered_finite_difference_fixed_score,post-review sensitivity analysis; amended sample expansion,10,-0.41166343273930345,0.05666666666666666,5.341051144935371,0.0,10
primary_expansion,uot,0.1,5.0,interaction_corner,R,I_EXPR,matched_finite_difference,post-review sensitivity analysis; amended sample expansion,10,0.9903155832513704,0.9283333333333332,0.249487712853895,1.0,10
primary_expansion,uot,0.1,5.0,interaction_corner,R,I_EXPR,registered_finite_difference_fixed_score,post-review sensitivity analysis; amended sample expansion,10,0.9903155832513704,0.9283333333333332,0.249487712853895,1.0,10
primary_expansion,uot,0.1,5.0,interaction_corner,R,I_SPATIAL,matched_finite_difference,post-review sensitivity analysis; amended sample expansion,10,-0.5024356650825179,0.025,5.3781196178695705,0.0,10
primary_expansion,uot,0.1,5.0,interaction_corner,R,I_SPATIAL,registered_finite_difference_fixed_score,post-review sensitivity analysis; amended sample expansion,10,-0.5024356650825179,0.025,5.3781196178695705,0.0,10
primary_expansion,uot,0.25,1.0,tau_scan,N,I_EXPR,matched_finite_difference,post-review sensitivity analysis; amended sample expansion,10,0.843650351844601,0.7166666666666667,3.4971059792975385,0.0,10
primary_expansion,uot,0.25,1.0,tau_scan,N,I_EXPR,registered_finite_difference_fixed_score,post-review sensitivity analysis; amended sample expansion,10,0.7663523779343903,0.69,5.798895402717596,0.0,10
primary_expansion,uot,0.25,1.0,tau_scan,N,I_SPATIAL,matched_finite_difference,post-review sensitivity analysis; amended sample expansion,10,0.6728745506109115,0.45999999999999996,2.206329741152393,0.0,10
primary_expansion,uot,0.25,1.0,tau_scan,N,I_SPATIAL,registered_finite_difference_fixed_score,post-review sensitivity analysis; amended sample expansion,10,0.5796693891863952,0.42999999999999994,2.7553152485787615,0.0,10
primary_expansion,uot,0.25,1.0,tau_scan,R,I_EXPR,matched_finite_difference,post-review sensitivity analysis; amended sample expansion,10,0.9953985695104755,0.9966666666666666,0.13954570866673466,1.0,10
primary_expansion,uot,0.25,1.0,tau_scan,R,I_EXPR,registered_finite_difference_fixed_score,post-review sensitivity analysis; amended sample expansion,10,0.9953985695104755,0.9966666666666666,0.13954570866673466,1.0,10
primary_expansion,uot,0.25,1.0,tau_scan,R,I_SPATIAL,matched_finite_difference,post-review sensitivity analysis; amended sample expansion,10,0.5806792509685561,0.44166666666666665,2.3945815244350857,0.0,10
primary_expansion,uot,0.25,1.0,tau_scan,R,I_SPATIAL,registered_finite_difference_fixed_score,post-review sensitivity analysis; amended sample expansion,10,0.5806792509685561,0.44166666666666665,2.3945815244350857,0.0,10
primary_expansion,uot,0.25,2.0,baseline,N,I_EXPR,matched_finite_difference,post-review sensitivity analysis; amended sample expansion,10,0.7595910300404578,0.585,5.060216871221499,0.0,10
primary_expansion,uot,0.25,2.0,baseline,N,I_EXPR,registered_finite_difference_fixed_score,post-review sensitivity analysis; amended sample expansion,10,0.5689932137747616,0.5116666666666667,9.765220894072765,0.0,10
primary_expansion,uot,0.25,2.0,baseline,N,I_SPATIAL,matched_finite_difference,post-review sensitivity analysis; amended sample expansion,10,0.5633781215013873,0.44999999999999996,2.2820397224529034,0.0,10
primary_expansion,uot,0.25,2.0,baseline,N,I_SPATIAL,registered_finite_difference_fixed_score,post-review sensitivity analysis; amended sample expansion,10,0.5448873123943612,0.4149999999999999,2.5147170542941075,0.0,10
primary_expansion,uot,0.25,2.0,baseline,R,I_EXPR,matched_finite_difference,post-review sensitivity analysis; amended sample expansion,10,0.9948108803603914,0.9866666666666667,0.15696947669784334,1.0,10
primary_expansion,uot,0.25,2.0,baseline,R,I_EXPR,registered_finite_difference_fixed_score,post-review sensitivity analysis; amended sample expansion,10,0.9948108803603914,0.9866666666666667,0.15696947669784334,1.0,10
primary_expansion,uot,0.25,2.0,baseline,R,I_SPATIAL,matched_finite_difference,post-review sensitivity analysis; amended sample expansion,10,0.5237977047989799,0.42,2.407490545132964,0.0,10
primary_expansion,uot,0.25,2.0,baseline,R,I_SPATIAL,registered_finite_difference_fixed_score,post-review sensitivity analysis; amended sample expansion,10,0.5237977047989799,0.42,2.407490545132964,0.0,10
primary_expansion,uot,0.25,5.0,tau_scan,N,I_EXPR,matched_finite_difference,post-review sensitivity analysis; amended sample expansion,10,0.7064980499991333,0.5333333333333333,5.494537632460443,0.0,10
primary_expansion,uot,0.25,5.0,tau_scan,N,I_EXPR,registered_finite_difference_fixed_score,post-review sensitivity analysis; amended sample expansion,10,0.335593966930652,0.35,11.080656088127792,0.0,10
primary_expansion,uot,0.25,5.0,tau_scan,N,I_SPATIAL,matched_finite_difference,post-review sensitivity analysis; amended sample expansion,10,0.49796625776278125,0.4,2.3191401752036516,0.0,10
primary_expansion,uot,0.25,5.0,tau_scan,N,I_SPATIAL,registered_finite_difference_fixed_score,post-review sensitivity analysis; amended sample expansion,10,0.5081652365178829,0.385,2.445386787596575,0.0,10
primary_expansion,uot,0.25,5.0,tau_scan,R,I_EXPR,matched_finite_difference,post-review sensitivity analysis; amended sample expansion,10,0.9972864556828691,0.9666666666666667,0.12349995138678366,1.0,10
primary_expansion,uot,0.25,5.0,tau_scan,R,I_EXPR,registered_finite_difference_fixed_score,post-review sensitivity analysis; amended sample expansion,10,0.9972864556828691,0.9666666666666667,0.12349995138678366,1.0,10
primary_expansion,uot,0.25,5.0,tau_scan,R,I_SPATIAL,matched_finite_difference,post-review sensitivity analysis; amended sample expansion,10,0.47647876110167164,0.3966666666666667,2.4151131798463092,0.0,10
primary_expansion,uot,0.25,5.0,tau_scan,R,I_SPATIAL,registered_finite_difference_fixed_score,post-review sensitivity analysis; amended sample expansion,10,0.47647876110167164,0.3966666666666667,2.4151131798463092,0.0,10
primary_expansion,uot,0.5,1.0,interaction_corner,N,I_EXPR,matched_finite_difference,post-review sensitivity analysis; amended sample expansion,10,0.9561252693890088,0.8166666666666667,2.1151522231530198,0.0,10
primary_expansion,uot,0.5,1.0,interaction_corner,N,I_EXPR,registered_finite_difference_fixed_score,post-review sensitivity analysis; amended sample expansion,10,0.5091742902996846,0.5416666666666667,4.429650988635217,0.0,10
primary_expansion,uot,0.5,1.0,interaction_corner,N,I_SPATIAL,matched_finite_difference,post-review sensitivity analysis; amended sample expansion,10,0.9224682899859067,0.6,0.9540492505210005,0.0,10
primary_expansion,uot,0.5,1.0,interaction_corner,N,I_SPATIAL,registered_finite_difference_fixed_score,post-review sensitivity analysis; amended sample expansion,10,0.9556602585156706,0.745,1.363985743692623,0.0,10
primary_expansion,uot,0.5,1.0,interaction_corner,R,I_EXPR,matched_finite_difference,post-review sensitivity analysis; amended sample expansion,10,0.9992489881106614,0.9983333333333333,0.0770475040937934,1.0,10
primary_expansion,uot,0.5,1.0,interaction_corner,R,I_EXPR,registered_finite_difference_fixed_score,post-review sensitivity analysis; amended sample expansion,10,0.9992489881106614,0.9983333333333333,0.0770475040937934,1.0,10
primary_expansion,uot,0.5,1.0,interaction_corner,R,I_SPATIAL,matched_finite_difference,post-review sensitivity analysis; amended sample expansion,10,0.9689670173186746,0.7766666666666666,1.1104993209923135,0.0,10
primary_expansion,uot,0.5,1.0,interaction_corner,R,I_SPATIAL,registered_finite_difference_fixed_score,post-review sensitivity analysis; amended sample expansion,10,0.9689670173186746,0.7766666666666666,1.1104993209923135,0.0,10
primary_expansion,uot,0.5,2.0,epsilon_scan,N,I_EXPR,matched_finite_difference,post-review sensitivity analysis; amended sample expansion,10,0.9539805759913672,0.76,2.6305781251296096,0.0,10
primary_expansion,uot,0.5,2.0,epsilon_scan,N,I_EXPR,registered_finite_difference_fixed_score,post-review sensitivity analysis; amended sample expansion,10,0.3608434323748589,0.4166666666666666,6.754590322492245,0.0,10
primary_expansion,uot,0.5,2.0,epsilon_scan,N,I_SPATIAL,matched_finite_difference,post-review sensitivity analysis; amended sample expansion,10,0.941624447833088,0.6883333333333334,0.9844847623022743,0.0,10
primary_expansion,uot,0.5,2.0,epsilon_scan,N,I_SPATIAL,registered_finite_difference_fixed_score,post-review sensitivity analysis; amended sample expansion,10,0.9638883901726181,0.7416666666666667,1.2047495890662816,0.0,10
primary_expansion,uot,0.5,2.0,epsilon_scan,R,I_EXPR,matched_finite_difference,post-review sensitivity analysis; amended sample expansion,10,0.9978637466061098,1.0,0.09319185875246169,1.0,10
primary_expansion,uot,0.5,2.0,epsilon_scan,R,I_EXPR,registered_finite_difference_fixed_score,post-review sensitivity analysis; amended sample expansion,10,0.9978637466061098,1.0,0.09319185875246169,1.0,10
primary_expansion,uot,0.5,2.0,epsilon_scan,R,I_SPATIAL,matched_finite_difference,post-review sensitivity analysis; amended sample expansion,10,0.9656262656116736,0.7583333333333333,1.0852238880163287,0.0,10
primary_expansion,uot,0.5,2.0,epsilon_scan,R,I_SPATIAL,registered_finite_difference_fixed_score,post-review sensitivity analysis; amended sample expansion,10,0.9656262656116736,0.7583333333333333,1.0852238880163287,0.0,10
primary_expansion,uot,0.5,5.0,interaction_corner,N,I_EXPR,matched_finite_difference,post-review sensitivity analysis; amended sample expansion,10,0.9598529901568846,0.7833333333333333,3.0812013750509513,0.0,10
primary_expansion,uot,0.5,5.0,interaction_corner,N,I_EXPR,registered_finite_difference_fixed_score,post-review sensitivity analysis; amended sample expansion,10,0.2308152154734291,0.2533333333333333,8.599971692835727,0.0,10
primary_expansion,uot,0.5,5.0,interaction_corner,N,I_SPATIAL,matched_finite_difference,post-review sensitivity analysis; amended sample expansion,10,0.955263311672583,0.7333333333333334,1.0003428351487724,0.0,10
primary_expansion,uot,0.5,5.0,interaction_corner,N,I_SPATIAL,registered_finite_difference_fixed_score,post-review sensitivity analysis; amended sample expansion,10,0.9644203859646161,0.7433333333333334,1.0992005363111264,0.0,10
primary_expansion,uot,0.5,5.0,interaction_corner,R,I_EXPR,matched_finite_difference,post-review sensitivity analysis; amended sample expansion,10,0.9983801708356317,0.9933333333333332,0.08935615312844365,1.0,10
primary_expansion,uot,0.5,5.0,interaction_corner,R,I_EXPR,registered_finite_difference_fixed_score,post-review sensitivity analysis; amended sample expansion,10,0.9983801708356317,0.9933333333333332,0.08935615312844365,1.0,10
primary_expansion,uot,0.5,5.0,interaction_corner,R,I_SPATIAL,matched_finite_difference,post-review sensitivity analysis; amended sample expansion,10,0.9629600644266954,0.75,1.0590927883059218,0.0,10
primary_expansion,uot,0.5,5.0,interaction_corner,R,I_SPATIAL,registered_finite_difference_fixed_score,post-review sensitivity analysis; amended sample expansion,10,0.9629600644266954,0.75,1.0590927883059218,0.0,10
