independent_unit_id	cohort_role	method	epsilon	tau	arm	intervention	mass_local_to_endpoint_n_estimable	mass_local_to_endpoint_spearman	mass_local_to_endpoint_top_overlap	mass_local_to_endpoint_raw_mae	mass_local_to_endpoint_rmae	mass_local_to_endpoint_intercept	mass_local_to_endpoint_slope	mass_local_to_endpoint_r2	shape_local_to_endpoint_n_estimable	shape_local_to_endpoint_spearman	shape_local_to_endpoint_top_overlap	shape_local_to_endpoint_raw_mae	shape_local_to_endpoint_rmae	shape_local_to_endpoint_intercept	shape_local_to_endpoint_slope	shape_local_to_endpoint_r2	local_mass_n_estimable	local_mass_median	local_mass_q90	local_mass_mean	local_mass_maximum	local_shape_n_estimable	local_shape_median	local_shape_q90	local_shape_mean	local_shape_maximum	endpoint_mass_n_estimable	endpoint_mass_median	endpoint_mass_q90	endpoint_mass_mean	endpoint_mass_maximum	endpoint_shape_n_estimable	endpoint_shape_median	endpoint_shape_q90	endpoint_shape_mean	endpoint_shape_maximum	biological_pairs
HER2ST::A	manual_truth_controlled	uot	0.25	2.0	N	I_EXPR	307.0	0.9829091498443876	0.8928571428571428	0.005321156611674366	0.1331910226965345	0.005850942193003054	0.9618736516290209	0.9449704506035355	307.0	0.8847329157589687	0.7535714285714286	0.07263866797044383	0.3699110483909036	0.048117188132221426	0.5510928907615665	0.8142011536358194	307.0	0.03633654557460985	0.05388079932748029	0.03541120862938835	0.07390757014267625	307.0	0.26700367278248877	0.31908090935380984	0.269007267213274	0.37043976565743364	307.0	0.04085535933194048	0.057641042311888074	0.03995892974613073	0.07811248047054414	307.0	0.19631480707184534	0.22633838339678083	0.19636859924283018	0.2582271058643739	1
HER2ST::A	manual_truth_controlled	uot	0.25	2.0	N	I_SPATIAL	307.0	0.5227593828802313	0.4178571428571428	0.015431610028806952	0.642402945938641	0.006774387166629113	0.4913859546332762	0.27488415159788804	307.0	0.13050795570637477	0.11785714285714285	0.17858162940900008	0.3991341336952565	0.3476204187742896	0.3710566660788203	0.022559049480732285	307.0	0.036336545578932	0.0538807993322154	0.03541120863464967	0.073907570149432	307.0	0.2670036727267018	0.3190809093690584	0.2690072671911897	0.370439765753383	307.0	0.02412894019863827	0.04136586108236104	0.023979275950615324	0.07352789633215762	307.0	0.45245972574351434	0.579628270896168	0.4474214597441638	0.6520503495482168	1
HER2ST::A	manual_truth_controlled	uot	0.25	2.0	R	I_EXPR	307.0	0.9999292081899565	1.0	4.980741813467031e-05	0.0008452371274949629	-0.0006660715006620899	1.0110764328588595	0.9994885195935772	307.0	0.9964640833151641	0.9178571428571429	0.0004997753148693398	0.02551480875562173	0.004321731248872213	0.7602811591678146	0.9408158808173515	307.0	0.05806100180298143	0.06575313155128534	0.05893465864729513	0.09416166884502633	307.0	0.01874689723045662	0.025594585373937447	0.020077431185595022	0.08861425337318135	307.0	0.058023060504597296	0.06571744379615	0.058921315291768195	0.09635497875423248	307.0	0.018416408732988755	0.025009419645251815	0.01958767691202067	0.05855472124482504	1
HER2ST::A	manual_truth_controlled	uot	0.25	2.0	R	I_SPATIAL	307.0	0.7585989531603572	0.7821428571428571	0.017715694825078072	0.4118012709639196	0.011771370574955635	1.2352490101393814	0.7850521127990768	307.0	0.1599313657994672	0.06785714285714285	0.17799301244451357	0.39483697574845067	0.3299862689058796	0.4426766254513061	0.030349710949816366	307.0	0.022269724834017388	0.04784127659637117	0.02531594155557014	0.0923994581083203	307.0	0.27201018338420985	0.32261396861348	0.27292948500706277	0.3690151458688957	307.0	0.03772756881754711	0.07460919932586219	0.043020359452901766	0.13005410552650493	307.0	0.4548791358286063	0.5852333905339355	0.4508001535981635	0.6540029816091538	1
HER2ST::B	manual_truth_controlled	uot	0.25	2.0	N	I_EXPR	242.0	0.9470477785845557	0.8577441077441077	0.0069074602246309725	0.18040742712556346	0.008428427412380953	0.8226437362645944	0.8926443134864577	242.0	0.8417972867499528	0.67003367003367	0.07041666298553592	0.35455599001258126	0.025332810381800148	0.6440991347144424	0.769579861621069	242.0	0.035194407382374976	0.06969722962092262	0.03708207753846614	0.10644481307576445	242.0	0.2688377565190071	0.3209607879778321	0.26902131445582267	0.36471293949947187	242.0	0.038844379769283774	0.066730258252085	0.03888211541628703	0.09049485144462785	242.0	0.20340211135539912	0.23155644318060703	0.19860465147028677	0.25431556492050506	1
HER2ST::B	manual_truth_controlled	uot	0.25	2.0	N	I_SPATIAL	242.0	0.603519336556235	0.5984848484848485	0.01514300387647343	0.3931493336461338	0.009838368992557299	0.7759609433253456	0.47488763115983457	242.0	0.3653477765437268	0.4225589225589226	0.15941795544160908	0.3737552498016437	0.15475488675824736	1.0095145084363015	0.15111057124492489	242.0	0.03519440736570598	0.06969722963316963	0.03708207753866209	0.10644481306139451	242.0	0.2688377565874182	0.3209607879573529	0.26902131442926175	0.36471293944903566	242.0	0.03687244917799619	0.07526254729963772	0.03971273629130481	0.14047753770514881	242.0	0.42586323749902805	0.5688925565233311	0.42653066994029787	0.695304594634722	1
HER2ST::B	manual_truth_controlled	uot	0.25	2.0	R	I_EXPR	242.0	0.9998144013451961	0.9772727272727273	0.00010535276366296303	0.0018248613380747987	-0.0006438515604267687	1.0122599853954999	0.9996842177814314	242.0	0.9964731280137273	0.936026936026936	0.0016387565657880372	0.06319476320337084	0.0034092017348392287	0.8214480907056183	0.9845094745476972	242.0	0.0559296302613299	0.06891691561412751	0.05766336586801668	0.08428352394514878	242.0	0.023564264878963962	0.04594043981659124	0.02741619826530684	0.06531401303201725	242.0	0.05588464449290023	0.06916604227909487	0.057726551621442315	0.08431316079327525	242.0	0.02320339933766623	0.04141875542206376	0.025930081103452254	0.05630501649029972	1
HER2ST::B	manual_truth_controlled	uot	0.25	2.0	R	I_SPATIAL	242.0	0.924215141541546	0.8080808080808081	0.017181966494113132	0.34448552163999924	-0.007174174426125065	1.6021920536161	0.920515393731015	242.0	0.33589268631122643	0.3442760942760943	0.1652699518193997	0.375828713717658	0.18873629205433817	0.9063163952317024	0.10832260838264118	242.0	0.02915224237918056	0.07779414221784875	0.03569280730907526	0.12610328030695667	242.0	0.2789144444282746	0.3264575420320619	0.27684515336585624	0.3637556200174039	242.0	0.03805203118160162	0.11699171746699968	0.049855964089541835	0.1942097744414829	242.0	0.44316302518721923	0.5815164831197797	0.43974738888592596	0.7034004459010375	1
HER2ST::C	manual_truth_controlled	uot	0.25	2.0	N	I_EXPR	150.5	0.9515610448687485	0.9348739495798319	0.006539733966561599	0.16490269785029865	0.00930919949727971	0.8293760329008807	0.9110672597073555	150.5	0.7973589255857791	0.6386554621848739	0.0758183267271754	0.3710084619010778	0.04887386886327436	0.5549053834855673	0.6666436166615399	150.5	0.036517515213318	0.06795878275546127	0.03753152820724436	0.12631853741828158	150.5	0.2781064001948017	0.3256109528836152	0.28017677733017876	0.40386465164102703	150.5	0.040463452852669266	0.06714620683383012	0.040253127932043414	0.11589512832829948	150.5	0.20603898249530586	0.2347517540847672	0.2043584506030034	0.28227024384531096	1
HER2ST::C	manual_truth_controlled	uot	0.25	2.0	N	I_SPATIAL	150.5	0.613694332177041	0.5210084033613445	0.01539742945103541	0.40207369778587665	0.007871650255501784	0.7922658265732341	0.4627932575344452	150.5	0.5825284425980922	0.5672268907563025	0.15396276537353726	0.35731659346609485	-0.054366717845943324	1.7319948728650194	0.3384027179235988	150.5	0.03651751521727893	0.06795878276360273	0.03753152820808463	0.12631853739916526	150.5	0.2781064002136811	0.3256109528351747	0.28017677731817503	0.40386465172658625	150.5	0.03567680216089436	0.07048083583446246	0.039299001501297795	0.15152091764173273	150.5	0.43412643671633244	0.5686476805608873	0.4308862376348629	0.681122721838131	1
HER2ST::C	manual_truth_controlled	uot	0.25	2.0	R	I_EXPR	150.5	0.9997451917453164	1.0	0.00020941122363032433	0.0035152900733267742	-0.00522265498034584	1.0891986615931106	0.9884850547892868	150.5	0.9908241471689654	0.9054621848739496	0.002806685429321353	0.11079515878894908	0.009736555223904004	0.5555814287092662	0.9564916553316805	150.5	0.05813607371955905	0.06626339986054067	0.059481592987845416	0.09828072061049323	150.5	0.02340232168997236	0.03579362235040698	0.028073188620971155	0.28743255893474395	150.5	0.05811118051778244	0.06619321582545998	0.059565809080219065	0.10554664368677755	150.5	0.022348261646785623	0.03375369618214975	0.025331509074769613	0.15651329901729655	1
HER2ST::C	manual_truth_controlled	uot	0.25	2.0	R	I_SPATIAL	150.5	0.9175393408907968	0.9348739495798319	0.01743168737412141	0.34424790628242397	-0.002691887682569123	1.499832643997211	0.9282152164903442	150.5	0.5804993739515132	0.6092436974789917	0.155638715696914	0.3575028918837601	-0.08116006483978319	1.823772621896511	0.34356654779895734	150.5	0.028647972055278952	0.08010215682113866	0.03579898399954279	0.14498423135592828	150.5	0.282951889091706	0.3296805604188318	0.28320887122899935	0.3733605681942972	150.5	0.03877884148369265	0.11423049609434785	0.050678907978289736	0.20613304218784295	150.5	0.4423216593994997	0.5676194451365018	0.4353492728714462	0.6824942888130605	1
HER2ST::D	manual_truth_controlled	uot	0.25	2.0	N	I_EXPR	229.5	0.9718089853604668	0.8470695970695971	0.0058233339125572416	0.14562581569893607	0.010477736813009246	0.8400029314684562	0.9338772119733696	229.5	0.8510919636777348	0.521978021978022	0.07423127314085198	0.37522208693306713	0.03860960283534447	0.5852078609350917	0.7417681827466832	229.5	0.034408211569955605	0.057000068166601414	0.03509220430377037	0.07184421763736709	229.5	0.2700442028425477	0.3179838003020159	0.27206497062961194	0.3563925391613605	229.5	0.039835326985108555	0.057526722385429496	0.039995096598938386	0.07304971769283286	229.5	0.20078876527609255	0.2257078332180029	0.19783369748875995	0.2542990165670987	1
HER2ST::D	manual_truth_controlled	uot	0.25	2.0	N	I_SPATIAL	229.5	0.5740490088209612	0.4487179487179487	0.014177089507729468	0.5408269670398708	0.009043572187716526	0.5016620945353306	0.2895777803361673	229.5	0.26809993035122237	0.3351648351648352	0.17698042571794176	0.39527087034902975	0.21314436761947259	0.862245292321545	0.08021913411125375	229.5	0.0344082115683227	0.0570000681713021	0.035092204309855345	0.07184421764569836	229.5	0.27004420288674286	0.31798380028798334	0.2720649705999968	0.3563925391191255	229.5	0.02630452654174442	0.046329420136054095	0.02667726426999887	0.06902792944380516	229.5	0.4562152615940417	0.5910342776042522	0.44774487884716485	0.6551051363921171	1
HER2ST::D	manual_truth_controlled	uot	0.25	2.0	R	I_EXPR	229.5	0.9998562971587548	0.9807692307692308	5.934470215284739e-05	0.001012278176814346	-0.0009599500943451597	1.016385889524015	0.9988181109299756	229.5	0.9962754644702229	0.8901098901098901	0.00077566026925069	0.03755953418098909	0.003970001624550862	0.7792342998218595	0.9793175824845071	229.5	0.05809169535994857	0.064444113767958	0.058629784539601625	0.0783354414005766	229.5	0.019763303195756164	0.027975047458670542	0.02140801607266739	0.10510908185207794	229.5	0.05808381692422007	0.06445104674821947	0.05863011358306558	0.07984281874020382	229.5	0.01932960569722767	0.02685702782604431	0.02065249844856787	0.08105669582967054	1
HER2ST::D	manual_truth_controlled	uot	0.25	2.0	R	I_SPATIAL	229.5	0.8414105938532608	0.7756410256410255	0.017554287942372994	0.40391379306398206	0.009278579079798822	1.3106079700375113	0.7485501164256808	229.5	0.268917700726228	0.3351648351648352	0.17613088692720874	0.3890870911587001	0.21090640686659898	0.869830411589031	0.08545950886489484	229.5	0.025956171061920292	0.04771804751889035	0.02605125520279402	0.0809334349641131	229.5	0.27502865259919923	0.32529919786736083	0.27792712758601984	0.38175612015740623	229.5	0.03886022099499191	0.07820696814531397	0.04346368802187981	0.12196045473702997	229.5	0.46287838943694515	0.5943596064157124	0.4526776993131737	0.6620343130702399	1
HER2ST::E	manual_truth_controlled	uot	0.25	2.0	N	I_EXPR	480.5	0.9667996415184541	0.9188199827734711	0.00634846179096296	0.16013987261481916	0.010432108984298295	0.8253238897722317	0.9055004956644379	480.5	0.8641673601898827	0.6358742463393626	0.07522434847401982	0.37664430430008655	0.044978436004189284	0.5628170709092675	0.773826137254874	480.5	0.033451321681375386	0.06132724661550296	0.035334586181051036	0.08128081692539543	480.5	0.27526744900809097	0.32652059888722185	0.2749467396595191	0.36227993057386176	480.5	0.04009164631305004	0.0599603605378166	0.03968689812825419	0.07991755152382973	480.5	0.20145707171914762	0.23158122930766634	0.19972239118549928	0.25083223180845476	1
HER2ST::E	manual_truth_controlled	uot	0.25	2.0	N	I_SPATIAL	480.5	0.52440720396363	0.46016365202411713	0.014416387449355753	0.4568350701409882	0.012427880918420656	0.5533555589002093	0.31449112509582455	480.5	0.18594579234458897	0.12037037037037036	0.17772427823799541	0.3932554098369904	0.31694936789844963	0.49076693555732315	0.043761600378559085	480.5	0.03345132168303189	0.061327246619300196	0.035334586185345504	0.08128081693077163	480.5	0.27526744902075684	0.32652059897296504	0.2749467396377292	0.36227993061735864	480.5	0.030879528746359373	0.05579491582597014	0.03174408328593923	0.08729945367230588	480.5	0.45764191102740004	0.5766978701212679	0.4519310692050159	0.6889090994483618	1
HER2ST::E	manual_truth_controlled	uot	0.25	2.0	R	I_EXPR	480.5	0.9999261600828488	1.0	3.298127871947245e-05	0.0005630486678632892	-0.0001821721172374746	1.002916914702471	0.9999165592549375	480.5	0.9962629426543463	0.9349698535745047	0.00046977960099700187	0.023575344943691182	0.0014364610416019085	0.9065828135021505	0.9915559790457587	480.5	0.05845735319020874	0.06437853698364641	0.05858675630111674	0.07327940885169137	480.5	0.020223502009458688	0.024217470239575805	0.020395356010912698	0.030539260612903053	480.5	0.05844398586061613	0.06438700272318229	0.05857548177937688	0.07337459197245585	480.5	0.01979425703752749	0.02349746536182003	0.019926578696635402	0.0288006873266634	1
HER2ST::E	manual_truth_controlled	uot	0.25	2.0	R	I_SPATIAL	480.5	0.9333397583267968	0.851421188630491	0.01772852387318282	0.39518998919966786	-0.0009163383252669623	1.6212719376355675	0.8814413974492381	480.5	0.1947763603694216	0.10185185185185185	0.17761863694232283	0.3908647551839357	0.31205327357682733	0.512784704582758	0.04556795927274798	480.5	0.027359254775860303	0.05555620383578998	0.02822293764109204	0.08870151517931094	480.5	0.2774002651961003	0.32906640051037517	0.2775640937684201	0.36259240541178517	480.5	0.03915681668210316	0.09402854197710428	0.04486208790862177	0.13469281994718912	480.5	0.4600107777744282	0.5780068456236169	0.4544248975510676	0.6935856579518023	1
HER2ST::F	manual_truth_controlled	uot	0.25	2.0	N	I_EXPR	593.0	0.9781517936688182	0.91295025728988	0.005849141918509449	0.14864636021870026	0.009575313492070336	0.8442272558560441	0.9367282894442317	593.0	0.8299366295131528	0.7487135506003431	0.07445555250861668	0.37124585069700056	0.046121991422510875	0.5615297141014957	0.7165726591439745	593.0	0.03420343791531011	0.06107113461615195	0.03530228491526445	0.08616845139698183	593.0	0.2713150857673443	0.32508138020809757	0.2750113613583638	0.3632104705047126	593.0	0.03897741554136269	0.06185016231044851	0.0394984454162366	0.0806681559198398	593.0	0.2019515535168399	0.23122534607064438	0.20055580884974716	0.2534285004252743	1
HER2ST::F	manual_truth_controlled	uot	0.25	2.0	N	I_SPATIAL	593.0	0.5980644093810592	0.5384505431675243	0.014128272621442887	0.48093604850753574	0.008376284901835599	0.6059302288056827	0.38420073801945465	593.0	0.26948340014239847	0.13236134934248142	0.16843749268230457	0.38110129405108517	0.21824312484337827	0.8135028483843005	0.07452038800271804	593.0	0.03420343791941835	0.06107113462287472	0.035302284919566815	0.08616845138608738	593.0	0.2713150857525879	0.3250813802391457	0.2750113613388795	0.36321047051685884	593.0	0.029761970208964386	0.05182816993046994	0.030264053846620634	0.10042379169918275	593.0	0.45054216977081807	0.576884967841617	0.441975659940133	0.6803369353879968	1
HER2ST::F	manual_truth_controlled	uot	0.25	2.0	R	I_EXPR	593.0	0.999958941853647	0.9924242424242424	3.3715174202491e-05	0.0005735533639136038	-0.0001316972673591086	1.0018937787858788	0.9999202738810886	593.0	0.996476839143722	0.9301029159519726	0.000331708283875994	0.01729763050880616	0.002278526218448631	0.8662746170385167	0.9859083793431116	593.0	0.058384765461257815	0.06453962680153585	0.05880053770719891	0.07922884374002898	593.0	0.019042080457655527	0.02278602253838693	0.019504679314464465	0.038962963693312085	593.0	0.05834761356380104	0.06452925232976511	0.05878019706538312	0.07937471675946417	593.0	0.018852771066338318	0.022277857278635366	0.019176325937531605	0.03343100596044017	1
HER2ST::F	manual_truth_controlled	uot	0.25	2.0	R	I_SPATIAL	593.0	0.905391109156415	0.9149514008004573	0.01677130208390346	0.36625488664023353	0.007732581426491426	1.2812296844360906	0.8469609624149601	593.0	0.2779623151228462	0.14551172098341908	0.16813031406990345	0.3793393862503599	0.21067359106820258	0.8407172550827011	0.07873401858203188	593.0	0.025681121793818373	0.06225138028011255	0.029753950428133884	0.11148924643530995	593.0	0.27344506154288833	0.32687411459696947	0.2765972010807489	0.3644942992273083	593.0	0.038525120276170555	0.09266044210469668	0.04581433791198054	0.1532664350704361	593.0	0.45119725217655177	0.5780508270635581	0.4432187448923488	0.6831748991834774	1
HER2ST::G	manual_truth_controlled	uot	0.25	2.0	N	I_EXPR	362.0	0.9742249894899038	0.9453067257945307	0.005811277032038581	0.14800405872370453	0.009343622012176726	0.8686718186971427	0.9224149988357515	362.0	0.7059430861793561	0.5258684405025869	0.07690571235633978	0.38245797592132436	0.055252101947788734	0.5245945080977581	0.5267139344909486	362.0	0.03263306130934294	0.05868951951380371	0.03442996747665172	0.0799459619598765	362.0	0.2757227435363382	0.31276492402268574	0.27798857566641266	0.35920611413804215	362.0	0.03852920408127271	0.05986892986923158	0.039277894494275364	0.08187430558514011	362.0	0.1994587247402037	0.22841232257630953	0.20108286331007288	0.24878323204614822	1
HER2ST::G	manual_truth_controlled	uot	0.25	2.0	N	I_SPATIAL	362.0	0.5498854167010583	0.4157427937915743	0.014695380337530668	0.5453599232968404	0.008538027548476447	0.5364781545010038	0.28818074527218845	362.0	0.6041743780371036	0.4441980783444198	0.17183626540670716	0.38522789375625294	-0.15293213190541746	2.154617835172541	0.3227678923558876	362.0	0.03263306131447713	0.05868951951772772	0.03442996748181695	0.07994596196859918	362.0	0.2757227435158579	0.3127649239858906	0.2779885756446823	0.35920611406688674	362.0	0.02597243752132704	0.04926142772837676	0.02700349572882982	0.07545488910648726	362.0	0.4643339169907377	0.5684452154296566	0.4460637456403648	0.6386977575175002	1
HER2ST::G	manual_truth_controlled	uot	0.25	2.0	R	I_EXPR	362.0	0.9998693279886852	1.0	5.362595250339335e-05	0.0009187002894661436	-0.00021268045214956985	1.0038110777764488	0.9998100776770615	362.0	0.9939671298580659	0.8662232076866223	0.0006529410744908278	0.0275461849588078	0.001954417918090342	0.893575123749349	0.9786328455106466	362.0	0.05747084236130727	0.06597592866654062	0.05835566413585856	0.07760100400700715	362.0	0.023546964387771593	0.030415965421187983	0.02434155593567909	0.043850983447833086	362.0	0.057479674047818355	0.06602140911857005	0.05836534126409188	0.07775395576965341	362.0	0.023069954831496344	0.02943810396138783	0.02370296629982618	0.03812026413002064	1
HER2ST::G	manual_truth_controlled	uot	0.25	2.0	R	I_SPATIAL	362.0	0.8708945469415712	0.8662232076866223	0.01746579978576673	0.39844846324987415	0.006787370549808798	1.3768493724922046	0.8285632201125497	362.0	0.6068661792641459	0.4534368070953437	0.17284401189413084	0.38350814576664605	-0.16637757587828716	2.18988118864443	0.3179277172947327	362.0	0.02362921163742123	0.053547610912113	0.026907134423343585	0.08525632226563806	362.0	0.28058960501340524	0.3157167139360443	0.28177424282262675	0.36126889617638314	362.0	0.03729583719482862	0.08529756590530733	0.043835748561576626	0.12615645260966943	362.0	0.4702874864315872	0.569884335361489	0.4506916509838452	0.6426810790884006	1
HER2ST::H	manual_truth_controlled	uot	0.25	2.0	N	I_EXPR	477.0	0.9729030101365372	0.8620008775778851	0.0062643406725596505	0.16299108016919933	0.010237220072783814	0.8255766149252508	0.9415998511956374	477.0	0.7997247460298844	0.7042562527424309	0.0750202854889742	0.37419321258620497	0.053483023087613185	0.5335850951817308	0.7343268494754449	477.0	0.03108652991285485	0.0642115756298761	0.03409314108346903	0.08234188683397917	477.0	0.27573580276964044	0.32331887922830116	0.2755061271685365	0.3543842430665955	477.0	0.03661596229865644	0.06467952820033165	0.038481625805119365	0.0812082042904709	477.0	0.2023706372689353	0.2290756497296408	0.2004858416795623	0.24448085875732656	1
HER2ST::H	manual_truth_controlled	uot	0.25	2.0	N	I_SPATIAL	477.0	0.5829514464208525	0.5083369899078543	0.014232321597788943	0.46009370039745906	0.01294004895658212	0.5348813783711024	0.38322457041345986	477.0	0.32041898044003286	0.0	0.16881432770882385	0.38075423449366363	0.21363691054062417	0.8338217136833613	0.09846639686347725	477.0	0.03108652991793795	0.06421157563511898	0.03409314108767054	0.08234188684269919	477.0	0.27573580276139864	0.3233188792632016	0.27550612715480616	0.3543842430738526	477.0	0.03179890800257562	0.05404933558035409	0.03125158255888923	0.09202154128250233	477.0	0.454863858891884	0.5621937856831432	0.4433679332197775	0.6535949941174695	1
HER2ST::H	manual_truth_controlled	uot	0.25	2.0	R	I_EXPR	477.0	0.9999383607678963	0.9789381307591049	3.5993486789724326e-05	0.0006172657571930676	-0.00016152761864167872	1.0028389946151703	0.9999056190216862	477.0	0.9944763808880022	0.880868802106187	0.000646966250302575	0.029650916714469774	0.0021866857582266076	0.8739783250661854	0.9847884379649048	477.0	0.05804317365164642	0.06509120115239952	0.05833132636984849	0.07331065421865904	477.0	0.022230792858949862	0.027302557427666622	0.022461232259513762	0.037287506346721344	477.0	0.05802985164147444	0.06521501645787868	0.05833535223990866	0.07339316155392465	477.0	0.021669767832694423	0.02615482113107121	0.021817727043765004	0.03298876819704752	1
HER2ST::H	manual_truth_controlled	uot	0.25	2.0	R	I_SPATIAL	477.0	0.93326090602479	0.7843352347520842	0.016289048937145854	0.36282496918379914	-0.00020832978039797838	1.5052233256748875	0.8987151641775889	477.0	0.3019437809501252	0.0	0.17001850331251595	0.38011097476211	0.22890539578182523	0.7847010423627863	0.08793786306331663	477.0	0.029017182014970395	0.057627719453436047	0.030013007315934558	0.10099684252869456	477.0	0.2792480036969177	0.32735701100822456	0.27829909427234456	0.35508520667355253	477.0	0.03985882934678395	0.09308570818263823	0.04489556478984398	0.14746155909897238	477.0	0.45992165073933144	0.5659612003887238	0.44728631631703486	0.6586056117539524	1
STAR_8M_D1_D2	legacy_replication	uot	0.25	2.0	N	I_EXPR	1500.0	0.9879445244197886	0.8666666666666667	0.006118944979063889	0.15041133136919937	0.006417670024480848	0.9913504469707584	0.9750635315683468	1500.0	0.5749907533292238	0.4766666666666667	0.07950287002171069	0.3859815633053395	0.05498759542949491	0.528878060056675	0.3861198538635799	1500.0	0.03440982719500403	0.046778321181229196	0.03456247678536843	0.06087489715319892	1500.0	0.28387555573842316	0.31655497456351045	0.2854787104085121	0.4146218468888371	1500.0	0.04023057996758667	0.05302037447001243	0.040681421764432325	0.06660659746978692	1500.0	0.20548343655340037	0.23452927697717502	0.2059758403868014	0.28242867852092324	1
STAR_8M_D1_D2	legacy_replication	uot	0.25	2.0	N	I_SPATIAL	1500.0	0.5178209110315161	0.32	0.017055686068431476	0.9677272253107165	-0.0052548448013058574	0.6624936427308263	0.2770917264782403	1500.0	0.3876100976044879	0.31000000000000005	0.179767585072356	0.3882399244918471	-0.018148505536226045	1.685626277557779	0.17159745180295677	1500.0	0.03440982719743662	0.046778321189829	0.0345624767930027	0.06087489717132836	1500.0	0.28387555576062556	0.31655497454455805	0.2854787103844227	0.41462184696413074	1500.0	0.01644146076597252	0.03431707791148924	0.017641090590820238	0.050795560942146156	1500.0	0.474069938169928	0.5944069477644542	0.4630323076736437	0.6864880050504536	1
STAR_8M_D1_D2	legacy_replication	uot	0.25	2.0	R	I_EXPR	1500.0	0.9975333677926079	0.9466666666666667	0.00047744698310288347	0.00847045645807298	0.0006459774859715896	0.9963475856364615	0.9950331817198854	1500.0	0.9940102355601048	0.91	0.0026207900959268155	0.036908555380733246	0.006551050127789261	0.880446753498576	0.9825422774105603	1500.0	0.05580487270325392	0.06780274176071807	0.055924217462567774	0.07840493367544155	1500.0	0.06804735298469042	0.10100772614127376	0.07320823024337411	0.19745222068370696	1500.0	0.05637934434456825	0.06822495349360286	0.05636591148234298	0.07831106615863648	1500.0	0.0669356123566086	0.0989759399226023	0.0710069205257999	0.17074408209469127	1
STAR_8M_D1_D2	legacy_replication	uot	0.25	2.0	R	I_SPATIAL	1500.0	-0.036180915635962485	0.27	0.018946131474221032	0.4718304439685038	0.03613820018202102	0.1867376648949357	0.12378507464253186	1500.0	0.46546534287348573	0.42000000000000004	0.18385222529067663	0.3959393448996071	-0.19132085014286437	2.3195810707496873	0.24473174521850932	1500.0	0.0211425229569682	0.027131241319901973	0.02136173987330036	0.03534991657265148	1500.0	0.28339454180999196	0.3086548628793847	0.28267975404304196	0.3606681070379235	1500.0	0.039193082061302065	0.05488569163528402	0.040154714883129175	0.08287358228206591	1500.0	0.4759180911409795	0.600000333459086	0.4643444914171689	0.6829255932480789	1
ST_E15_5_S1_S2	legacy_replication	uot	0.25	2.0	N	I_EXPR	1500.0	0.9936037998239111	0.9666666666666667	0.005600432378833786	0.1317000858749911	0.006341556241720449	0.9799681220552046	0.9902698782336791	1500.0	0.7506467282874348	0.53	0.07481337968011162	0.37948319011507287	0.05680741956920855	0.5160200888849789	0.6537613373584087	1500.0	0.03414965508491193	0.06151700724192457	0.03692584093994007	0.10583609998196558	1500.0	0.2758334227981131	0.30967126066832407	0.27195880313223814	0.38299066123958464	1500.0	0.039288726633011334	0.06700543059873197	0.04252627331877386	0.112603094114687	1500.0	0.19761233178666204	0.22346695492381458	0.19714542345212654	0.2678292737888597	1
ST_E15_5_S1_S2	legacy_replication	uot	0.25	2.0	N	I_SPATIAL	1500.0	0.6721921760854117	0.6699999999999999	0.014705486325599001	0.6128316250033411	-0.004367582330478396	0.7698085534134473	0.5878561983174009	1500.0	0.6369453070868032	0.3466666666666667	0.1810207235610129	0.40206872448495756	-0.08974049399630316	1.9854990133667187	0.33689515406565274	1500.0	0.03414965509326868	0.06151700724615701	0.03692584094733814	0.10583609998765867	1500.0	0.27583342272813755	0.3096712606154649	0.2719588031006188	0.38299066121383785	1500.0	0.020623691327293383	0.04931920135354377	0.02404816885669112	0.09717730144948095	1500.0	0.4632199762557512	0.5863566178162384	0.45022330141027844	0.6687817361043794	1
ST_E15_5_S1_S2	legacy_replication	uot	0.25	2.0	R	I_EXPR	1500.0	0.9993458752648334	0.9866666666666666	0.0004201840925231031	0.007155990812170424	0.0004230538602905475	0.9990521878870239	0.9991741551790067	1500.0	0.9969610048715578	0.8966666666666667	0.0015641340677787414	0.02285233129929267	0.0018286031323642505	0.9665183260536014	0.9889362662221125	1500.0	0.054354984629403434	0.08322233084459135	0.058364420157362734	0.1324435506903578	1500.0	0.06279586035896026	0.10294300940564408	0.06893394960091054	0.160833131623285	1500.0	0.054779164335733724	0.08352086749664683	0.0587318921548554	0.13288773964920053	1500.0	0.0625338324072724	0.10188374571951345	0.06845483477911468	0.14411377533118716	1
ST_E15_5_S1_S2	legacy_replication	uot	0.25	2.0	R	I_SPATIAL	1500.0	0.1917548532243792	0.53	0.018739377076452228	0.46718161816767145	0.022980924122923584	0.7982455314841514	0.10670889765590458	1500.0	0.5940778391457063	0.4766666666666667	0.18420892904045932	0.3997353300717341	-0.14268201054941126	2.1561311448686045	0.2726456229898001	1500.0	0.021123878074535717	0.026941965437650824	0.021453059165676122	0.03590210853909845	1500.0	0.28181487471284056	0.3102409095646112	0.2799122813671274	0.3618672297914401	1500.0	0.03815796231278386	0.05733590428163127	0.04011161963789377	0.07731871804565102	1500.0	0.47717663281210987	0.5921668671585991	0.4608272607786458	0.6583827736583102	1
Stereo-seq::shared_developmental_series	legacy_replication	uot	0.25	2.0	N	I_EXPR	1500.0	0.9831602947379088	0.9466666666666667	0.0055572536214335486	0.11846834004499021	0.005187215411851553	1.0078419628841755	0.9862489213716992	1500.0	0.9270115960051539	0.71	0.07003544850635968	0.3543131968828116	0.0445002759252823	0.5791004281608314	0.8667607163234636	1500.0	0.03488439637562914	0.06720932674225948	0.04137854315096123	0.30604417779548276	1500.0	0.2686969341722657	0.33134048636761937	0.26797382937584374	0.4935927578901247	1500.0	0.03986947791684267	0.07403932762890597	0.04655198373820016	0.3189743792475745	1500.0	0.19979159148134437	0.23349990567874537	0.1996850764149823	0.32532660349237064	5
Stereo-seq::shared_developmental_series	legacy_replication	uot	0.25	2.0	N	I_SPATIAL	1500.0	0.6996630291835686	0.7	0.015962031782362742	0.638138667416387	-0.007224742869087921	0.8029119976789927	0.7670073727173241	1500.0	0.3533781872791944	0.10666666666666666	0.1818648234393977	0.40367670512106735	0.24113713135371656	0.7822528567983172	0.14618087060259044	1500.0	0.034884396384036974	0.06720932675370858	0.04137854315679888	0.30604417781071025	1500.0	0.26869693412137297	0.33134048638272356	0.26797382935287545	0.49359275838235983	1500.0	0.019682853691400853	0.053477740650242966	0.025892455618100135	0.24526312554042679	1500.0	0.4550242182694198	0.5879926311697532	0.4509948796743893	0.7290206360292708	5
Stereo-seq::shared_developmental_series	legacy_replication	uot	0.25	2.0	R	I_EXPR	1500.0	0.9987183798748356	0.98	0.0008317285321700718	0.013702132537122224	0.00039238880520903695	1.0007335980659025	0.9990695646956531	1500.0	0.9957277421012187	0.9	0.0021858494983053372	0.0317740606189496	0.0060147645598334415	0.9080026351687267	0.9699276316240282	1500.0	0.054612227964413285	0.08979420647382338	0.06206104828948861	0.3283568501137113	1500.0	0.06256619712017264	0.10843738481150597	0.06979243671781768	0.3635255442164332	1500.0	0.054964861291716065	0.09138304844260708	0.06237744076732348	0.3352774068391518	1500.0	0.06333251577668475	0.1073319345689972	0.0695546057954439	0.2704873890021148	5
Stereo-seq::shared_developmental_series	legacy_replication	uot	0.25	2.0	R	I_SPATIAL	1500.0	0.41072481898880847	0.5466666666666666	0.01864781511849945	0.46680119365686534	0.015094177685723908	1.169024770534933	0.22421963914639914	1500.0	0.16181391902840847	0.05333333333333333	0.1890524907595873	0.41007072382067156	0.35569243479816237	0.3862720824235816	0.03025918899033253	1500.0	0.020961873631954085	0.028435180424002247	0.021064012105492788	0.04231020770983383	1500.0	0.27189205622202384	0.3277577528599783	0.2714728603688049	0.37039838974637673	1500.0	0.03744887183469335	0.05766311379033819	0.03972636903619019	0.08077551039127032	1500.0	0.467024163734155	0.5849224521522622	0.460044996801408	0.6609097845266393	5
spatialDLPFC::Br2720	primary_expansion	uot	0.25	2.0	N	I_EXPR	1500.0	0.9946262518338898	0.95	0.006126231724285941	0.14785945459493302	0.007178133401360699	0.9687377731223582	0.9866136219076425	1500.0	0.6673577970479099	0.48	0.08080271993566471	0.387677043360762	0.0579307638424886	0.5203363470983834	0.4934123227735288	1500.0	0.03421146402156517	0.056796003640139536	0.03535892577975316	0.08303138003899103	1500.0	0.28732487417194585	0.3231481502471233	0.28923081199182865	0.3646483475751572	1500.0	0.03990495105399946	0.06253102058940434	0.04143416205154716	0.08889988382117907	1500.0	0.2085414347372773	0.23258030389087933	0.20842809205616394	0.2648113462298027	1
spatialDLPFC::Br2720	primary_expansion	uot	0.25	2.0	N	I_SPATIAL	1500.0	0.5778879101724046	0.44666666666666666	0.01575215767942456	0.7314265210790467	0.0038979342281891902	0.4991535124744132	0.3435446202590531	1500.0	0.5664919211075206	0.3833333333333333	0.1774595805943427	0.382659264430378	-0.21676245941526212	2.3528613073181663	0.30153895886840626	1500.0	0.034211464020525786	0.05679600364854759	0.0353589257874991	0.0830313800512392	1500.0	0.2873248742326708	0.32314815013786513	0.2892308119709892	0.3646483476108454	1500.0	0.021150156706892784	0.03898435996726783	0.02153381791154419	0.06415553616399094	1500.0	0.47863165216038384	0.5906411548567102	0.46375284949406703	0.7043720925988599	1
spatialDLPFC::Br2720	primary_expansion	uot	0.25	2.0	R	I_EXPR	1500.0	0.9999247857443493	0.9966666666666666	0.00010775304579326201	0.0018433309145228594	0.0003020148930353003	0.9957727858075095	0.9998952396434122	1500.0	0.9983623583832704	0.9633333333333334	0.0004048296677534467	0.011132646388539565	7.30478445722944e-05	1.0006435291871205	0.9970495526646515	1500.0	0.0563978935806572	0.07555440485691511	0.058401461534725106	0.09887719907635541	1500.0	0.0337575334455744	0.04982762073653099	0.03641621023593356	0.08323425856194754	1500.0	0.05639123698856747	0.07556648677642919	0.05845641446838885	0.09882207101100532	1500.0	0.03389964975639387	0.04998178528060748	0.036507394215636736	0.08436980012065534	1
spatialDLPFC::Br2720	primary_expansion	uot	0.25	2.0	R	I_SPATIAL	1500.0	0.40974575899811516	0.69	0.018872596141139224	0.4508966487227658	0.015533928532350949	1.138021206574404	0.34344790452302615	1500.0	0.5723657939403529	0.4066666666666667	0.1791505455872675	0.3882669338087329	-0.3176460258061581	2.733121461676471	0.30484706106568416	1500.0	0.023354731522837242	0.03336866799616653	0.023128231452155916	0.048024606089288616	1500.0	0.282813545541689	0.3155609030961951	0.28505735813404853	0.3474855733521679	1500.0	0.03819664273358311	0.06432735971983111	0.04185565597690191	0.09249101867721748	1500.0	0.47742613006873913	0.5877585184601962	0.4614108898263729	0.6879763795722528	1
spatialDLPFC::Br2743	primary_expansion	uot	0.25	2.0	N	I_EXPR	1500.0	0.9681380107280049	0.9733333333333334	0.00617271522015928	0.12689881962837263	0.005735433822748477	0.9855824789477393	0.9793332260068119	1500.0	0.6650301426800636	0.6333333333333333	0.08140718333785624	0.38152563538261636	0.07270308858842081	0.47690948314404685	0.5326434727988472	1500.0	0.030795093643626682	0.09805152457167074	0.04416474993630574	0.15237037224022196	1500.0	0.2902851942707152	0.34459241967749765	0.2948093013050004	0.40007156104743435	1500.0	0.037066425805244226	0.1029618439464643	0.04939018549516548	0.15639684541356727	1500.0	0.2117941909398493	0.24501636026450174	0.2134021179671441	0.29395364775027283	1
spatialDLPFC::Br2743	primary_expansion	uot	0.25	2.0	N	I_SPATIAL	1500.0	0.690921183520526	0.7	0.01746711076687041	0.6077706625098016	0.003569275446673489	0.6204869743608035	0.6644514635507008	1500.0	0.6178787403905514	0.33666666666666667	0.17325058261786086	0.3723587133372537	-0.1319792503679777	2.0275107809846054	0.3660498889595743	1500.0	0.03079509364769393	0.09805152458461043	0.04416474994295472	0.15237037225733394	1500.0	0.2902851943055117	0.3445924196781097	0.2948093012952997	0.4000715610832691	1500.0	0.023621749207809174	0.071878886804155	0.03145965358679216	0.11950974770674017	1500.0	0.47716799517175357	0.6015363003916442	0.465246264780832	0.7451977323596067	1
spatialDLPFC::Br2743	primary_expansion	uot	0.25	2.0	R	I_EXPR	1500.0	0.9996531074013811	0.9966666666666666	0.0011270568431378481	0.01753781701389274	0.0007665045834001113	0.9907507202989018	0.9997035737413414	1500.0	0.9903510499338002	0.8233333333333333	0.0026300604159187413	0.04382909856402328	0.002449708277302244	0.9773664383321776	0.9735694874121714	1500.0	0.053649040172580556	0.11838955403786057	0.0642564545443467	0.17183956090288893	1500.0	0.0550721507362585	0.08730423332473738	0.059619917280449616	0.13701430602620812	1500.0	0.053797869575928525	0.11805957201523465	0.06443072883474302	0.17085615425448963	1500.0	0.05694863676098126	0.08871632812470011	0.06088559707551067	0.1338041711880517	1
spatialDLPFC::Br2743	primary_expansion	uot	0.25	2.0	R	I_SPATIAL	1500.0	0.3764484286437461	0.6033333333333333	0.019031892766299244	0.4556884727952381	0.017722331243893684	1.050812633655323	0.28416244658549134	1500.0	0.6731822956365758	0.49	0.1769256120701237	0.38393033888418066	-0.3692406341300738	2.8982380368572453	0.425167425153929	1500.0	0.02296739498833379	0.03228423253499925	0.02286948024560423	0.05123739576925257	1500.0	0.28471667327387107	0.31881830231522224	0.28636694364124715	0.36221528225267857	1500.0	0.03912513024799252	0.062095749793001254	0.04176484721252306	0.09896493038912794	1500.0	0.47403267794898374	0.5905983758550928	0.4608249083885513	0.7112872345952159	1
spatialDLPFC::Br3942	primary_expansion	uot	0.25	2.0	N	I_EXPR	1500.0	0.9939495919775966	0.9833333333333334	0.005696381456142071	0.1245753079199457	0.005808141310257205	0.9918274458299414	0.9918295240370258	1500.0	0.7296658762959451	0.5	0.07629789090493638	0.3768283909311295	0.04260045429176672	0.5734551829160347	0.5660973939474405	1500.0	0.03301948634848378	0.08195724489163513	0.040271553768185746	0.14784276711188513	1500.0	0.2753239441280614	0.3155947453304848	0.2787748659106428	0.37182662641729525	1500.0	0.038653235332462926	0.08817441793029399	0.04575908147862923	0.15263795820847637	1500.0	0.20105397284201415	0.22960118335692098	0.20247697500570638	0.2702601327216689	1
spatialDLPFC::Br3942	primary_expansion	uot	0.25	2.0	N	I_SPATIAL	1500.0	0.6884347166376519	0.8	0.0155734523626225	0.5412141874904182	-0.0005768686316852249	0.7318173440028967	0.7096833938685416	1500.0	0.3693376859278604	0.45333333333333337	0.18321405874515118	0.3987492362368841	0.013478121412906066	1.6001396120550881	0.15554294399577145	1500.0	0.03301948635708213	0.08195724490286682	0.04027155377514779	0.14784276712416122	1500.0	0.2753239441490576	0.3155947452567638	0.2787748658776556	0.37182662642344944	1500.0	0.022154105779121656	0.06420255841221843	0.028905336976584314	0.13471748233524958	1500.0	0.467259190043144	0.5979608982608857	0.4594687533644974	0.6953696973911752	1
spatialDLPFC::Br3942	primary_expansion	uot	0.25	2.0	R	I_EXPR	1500.0	0.9999548426465967	0.9966666666666666	0.00039328302842052247	0.006258707268244276	0.00039585085438873766	0.9957880273328333	0.9999076750550444	1500.0	0.993815792807019	0.9166666666666667	0.001673442682982416	0.03267252779200553	0.001734907203894622	0.9886186875521297	0.9885884736097668	1500.0	0.05478781412947685	0.10678344156696529	0.06278609657696241	0.1684509188295374	1500.0	0.04496448083141645	0.06912340303020789	0.05005925776737413	0.14186740019619312	1500.0	0.05485793658400617	0.10649583196239523	0.0629176316920624	0.16755210275093943	1500.0	0.04605176344978831	0.07104753115451429	0.05124927722173612	0.13874913255252486	1
spatialDLPFC::Br3942	primary_expansion	uot	0.25	2.0	R	I_SPATIAL	1500.0	0.3316329989479996	0.69	0.01879866509248241	0.4519011258013712	0.015113857108502948	1.158801445680912	0.34542189425398556	1500.0	0.41955710735871443	0.45	0.18408567572792833	0.39948672952669845	-0.08883428497010425	1.967974206235903	0.17731286685183795	1500.0	0.022265832686759916	0.031920368035590126	0.022869196208744842	0.05396045881475716	1500.0	0.27713226335607877	0.3108200547324061	0.2792458013303576	0.3482531495166852	1500.0	0.037697746086163136	0.06360472590966934	0.04159898848448577	0.09803771624863952	1500.0	0.47212936597168165	0.5943046954736664	0.46080476163454853	0.6877111302437742	1
spatialDLPFC::Br6423	primary_expansion	uot	0.25	2.0	N	I_EXPR	1500.0	0.9356129793835465	0.9133333333333333	0.006181408627231188	0.11358350300113682	0.005467787416415092	0.9800252372805573	0.9613660597488627	1500.0	0.7421204240535217	0.6433333333333333	0.077783429055284	0.36197501329285686	0.04774742312429378	0.5706312238916711	0.6038967481545172	1500.0	0.032243430841726345	0.11532787921742135	0.05095118689003804	0.17383702015114105	1500.0	0.2884258338333241	0.3446193340269037	0.2927087134958599	0.400612551014619	1500.0	0.038263955411244374	0.11898088250060085	0.055483700196977494	0.17640953949989624	1500.0	0.2125294403182901	0.25323876017828206	0.2149252844405759	0.3031323263515239	1
spatialDLPFC::Br6423	primary_expansion	uot	0.25	2.0	N	I_SPATIAL	1500.0	0.7636417562852251	0.7266666666666666	0.01736428111645443	0.4951571616522439	0.0019686323319061537	0.7369542381148018	0.7338822374997536	1500.0	0.48352482467769997	0.31333333333333335	0.17382076351451006	0.3743824946042773	0.04276734845799286	1.4411828008775314	0.2264531437841225	1500.0	0.03224343083495451	0.11532787922548829	0.05095118689587109	0.17383702017651975	1500.0	0.288425833864958	0.34461933397553923	0.29270871348292166	0.40061255100810444	1500.0	0.028155308554421915	0.09625920714008057	0.03989075542392567	0.14004149261788773	1500.0	0.47491652486428826	0.5942520723999871	0.4642447726750808	0.7161222728798811	1
spatialDLPFC::Br6423	primary_expansion	uot	0.25	2.0	R	I_EXPR	1500.0	0.9994614059828473	0.9966666666666666	0.0018989436446846292	0.02683205465808782	0.00113811978402045	0.9856469014627363	0.9992614481365818	1500.0	0.9909324066366253	0.8833333333333333	0.0032520495784053426	0.049043964303066186	0.004713270870289663	0.9501378495223519	0.974095211944902	1500.0	0.05416306931855921	0.13603402771307632	0.0708006294350833	0.1865833736984342	1500.0	0.05797019931777452	0.09928019621356962	0.0644943681283495	0.15098349482482243	1500.0	0.054432438824667896	0.1352334636385878	0.07093632790964224	0.18494207016661685	1500.0	0.06077272537797172	0.1001405991832639	0.0664367261450576	0.14960285523429015	1
spatialDLPFC::Br6423	primary_expansion	uot	0.25	2.0	R	I_SPATIAL	1500.0	0.41640334595704265	0.7	0.018912595897267445	0.45700195867854343	0.017318767946860936	1.0660316671453114	0.34355935183916175	1500.0	0.4725843380374836	0.2833333333333333	0.18015703466913557	0.3901417932974631	-0.03767236651515062	1.7620522743647933	0.20502472242346742	1500.0	0.02219595474727435	0.03176290616674069	0.022566861108545284	0.05388880456804449	1500.0	0.28084588311436964	0.3203971211506196	0.28343293718782575	0.35121651880616855	1500.0	0.038770060891008276	0.06168033183560159	0.04138408426172934	0.10239594302199306	1500.0	0.4741725925085521	0.5900665480894225	0.46176817721649643	0.6771075799317312	1
spatialDLPFC::Br6432	primary_expansion	uot	0.25	2.0	N	I_EXPR	1500.0	0.9927166652074069	0.9766666666666667	0.005984698588158515	0.13300996120396802	0.0059861353503797374	0.9919867778054963	0.9921580335825892	1500.0	0.558301263245006	0.43999999999999995	0.07932552337397106	0.3818411126130494	0.08479923244766976	0.42839785940243147	0.38544536751594144	1500.0	0.03247594340408215	0.08024811718465372	0.03940065429985547	0.13366004229171713	1500.0	0.285121997235971	0.3198177095520264	0.28707120021061605	0.3734924026500584	1500.0	0.03833369053883218	0.0856946746509459	0.04509310768089345	0.13794781372932466	1500.0	0.2089789541168774	0.2295235943164178	0.207745676836645	0.25696195521104653	1
spatialDLPFC::Br6432	primary_expansion	uot	0.25	2.0	N	I_SPATIAL	1500.0	0.6657428985523994	0.77	0.016001820461475653	0.6106985226187535	-0.0006078264951047877	0.6939315306679391	0.6407426952577873	1500.0	0.5650398866843941	0.41000000000000003	0.17616153034231405	0.38194827698877276	-0.20605281661260133	2.3236094525893587	0.31070900046711725	1500.0	0.03247594341128439	0.08024811719285285	0.039400654306732334	0.13366004230923087	1500.0	0.28512199722068515	0.31981770959590206	0.2870712001940111	0.3734924025807461	1500.0	0.02032845145218345	0.06270973300534867	0.026831251690599262	0.11240507352838269	1500.0	0.47361521128179057	0.5888868156249728	0.46121764313867364	0.6865130317405823	1
spatialDLPFC::Br6432	primary_expansion	uot	0.25	2.0	R	I_EXPR	1500.0	0.9999244639664284	0.9966666666666666	0.0005255851765970978	0.008461749954127	0.00043899268147146566	0.9945695181263879	0.9998831992774646	1500.0	0.9951480547324688	0.9133333333333333	0.0014517503626277845	0.030201066078305028	0.0014055346405266933	0.9820797872347331	0.9859846533235112	1500.0	0.0551250193402963	0.10309118236824048	0.062107460818997526	0.14919043204093546	1500.0	0.04467277525118661	0.06513376227468312	0.04786379347885247	0.11666076519200619	1500.0	0.05518713784300209	0.10311694821063035	0.06221043208746184	0.14880377719319465	1500.0	0.0456620932245579	0.06586758295442596	0.0485866199249716	0.11086234475413169	1
spatialDLPFC::Br6432	primary_expansion	uot	0.25	2.0	R	I_SPATIAL	1500.0	0.45042456463313985	0.7733333333333333	0.018645247202938118	0.44428892602805664	0.014458537973568653	1.173841005192303	0.4569779581178814	1500.0	0.5903888526172679	0.4066666666666667	0.17800591107580876	0.3876104510056678	-0.26812066672065216	2.568786688537811	0.33492040240586074	1500.0	0.023391043163352967	0.03418524704193199	0.023434437748952652	0.06253834214832746	1500.0	0.2810579074383714	0.31334889298154217	0.28314607311976103	0.35613503557945325	1500.0	0.03770398694108074	0.06397707869098478	0.04196645099623132	0.10653097779961936	1500.0	0.4724193648612115	0.5840366909147856	0.4592386772774921	0.685167032848531	1
spatialDLPFC::Br6471	primary_expansion	uot	0.25	2.0	N	I_EXPR	1500.0	0.9893370388164617	0.9766666666666667	0.005390995537255188	0.12528834066100386	0.004558887400595495	1.0089876337665933	0.9912484578395426	1500.0	0.7729210439649085	0.5666666666666667	0.07180496046461951	0.36410320649621547	0.03439654735460857	0.6052241491016435	0.687744287438872	1500.0	0.029526790544364065	0.08381955953041266	0.03817949261651646	0.13132066901540024	1500.0	0.26564537970341484	0.3055342112867515	0.26901655116348455	0.4084388790541793	1500.0	0.03538783855881816	0.08859609216328737	0.043082697656303306	0.13609928378499034	1500.0	0.1971386277227395	0.22234057352255274	0.19721159069886507	0.29654169132303754	1
spatialDLPFC::Br6471	primary_expansion	uot	0.25	2.0	N	I_SPATIAL	1500.0	0.7291038867128385	0.7666666666666666	0.015228790732198925	0.5783465128880065	0.0011194005688793523	0.6882092874446996	0.7429856626291138	1500.0	0.39235633082503596	0.5066666666666666	0.17450311951040148	0.3956289183992864	0.07342432380818942	1.3668299676901587	0.16311283878024696	1500.0	0.02952679054454331	0.08381955953751871	0.03817949262199362	0.1313206690236604	1500.0	0.2656453796761107	0.30553421123344926	0.2690165511347068	0.4084388790769353	1500.0	0.020632558752050063	0.06285984420234499	0.02739950590391458	0.11416511270479604	1500.0	0.45317257936307564	0.5679288437121468	0.4410779120879956	0.6596335793881987	1
spatialDLPFC::Br6471	primary_expansion	uot	0.25	2.0	R	I_EXPR	1500.0	0.9997922274632123	0.9866666666666667	0.0005695141642163217	0.009614737051106614	0.00039873599444893563	0.9997804722919442	0.9995951251192292	1500.0	0.9924687984305771	0.9233333333333333	0.0036985882426280974	0.05316944343323313	2.632988228227324e-05	1.048416232148445	0.9835247312689881	1500.0	0.051450821718054235	0.10327312748385233	0.05889688901403785	0.14876767515846195	1500.0	0.05978044096488547	0.10311577942667952	0.06631609843542134	0.1813116883923241	1500.0	0.05172201890909878	0.10387755105331715	0.05928352843552109	0.1499712092864245	1500.0	0.06349161734554701	0.10767042443867172	0.06957464493141594	0.19164435301885144	1
spatialDLPFC::Br6471	primary_expansion	uot	0.25	2.0	R	I_SPATIAL	1500.0	0.22149090732929216	0.68	0.01828055285138903	0.45829871069943107	0.018316546080212808	0.9952163261865368	0.17585826204145472	1500.0	0.5067290821018143	0.46	0.18107021002826476	0.39759662407120555	-0.22392388140632324	2.4542004371833377	0.24755630645717025	1500.0	0.02185440801762116	0.027809247468179102	0.021688664305829955	0.042008643934932616	1500.0	0.2741967636707013	0.30492268325367117	0.2768050842562589	0.3585254166817492	1500.0	0.037360918871874926	0.057947314624878954	0.03988802849865332	0.08405923448430153	1500.0	0.47038976473186783	0.5793393448066466	0.4554118285416285	0.6633107247052091	1
spatialDLPFC::Br6522	primary_expansion	uot	0.25	2.0	N	I_EXPR	1500.0	0.964778851901712	0.9733333333333334	0.006537806898114499	0.13583715145614544	0.005847237207579445	1.0005479881560937	0.988555913429179	1500.0	0.6317648638954951	0.4033333333333333	0.0845052939582702	0.38888657497221923	0.04014632564820001	0.5870076716697562	0.4481779469749266	1500.0	0.024461528559566844	0.11008333388336355	0.04226946823502141	0.18678895729996214	1500.0	0.30010799399294236	0.33907473521677667	0.30180810784586865	0.43322578011216495	1500.0	0.03160811409035967	0.1147147142578885	0.04814844670047334	0.19580107007153702	1500.0	0.2171118645725958	0.25167214970805174	0.21730281388759842	0.3290930941351052	1
spatialDLPFC::Br6522	primary_expansion	uot	0.25	2.0	N	I_SPATIAL	1500.0	0.6383715708318094	0.8400000000000001	0.01680138997796131	0.4917200400366949	0.004711148446124879	0.7063734794644055	0.7826420677064208	1500.0	0.45406815914140414	0.48333333333333334	0.1830502034315014	0.3796789253560571	-0.010054503150651907	1.630598550783065	0.20901438394602972	1500.0	0.024461528560749082	0.11008333388542545	0.04226946824125835	0.1867889573125332	1500.0	0.30010799395946597	0.33907473520977316	0.30180810783075307	0.4332257802579764	1500.0	0.023118495803944025	0.08807142297817475	0.034537923954799654	0.15873994038996098	1500.0	0.4912219775373116	0.6154857669484772	0.48211349487286587	0.7236477376290089	1
spatialDLPFC::Br6522	primary_expansion	uot	0.25	2.0	R	I_EXPR	1500.0	0.9997936710194094	0.9866666666666667	0.000648905282492289	0.010163519839516117	0.0006279008515280788	0.9964285783297191	0.9997461800451956	1500.0	0.981530134013393	0.7866666666666666	0.0054282355223080146	0.06993062428804046	0.00882901634723024	0.9143586547548022	0.9452214400168688	1500.0	0.047340399843671666	0.1305254132691672	0.06354891113163097	0.20614161601957193	1500.0	0.07063152101142142	0.10758027169621617	0.07532956732937363	0.21193359439715437	1500.0	0.04761959439860796	0.13060881850115857	0.06394929566272624	0.20696717755817376	1500.0	0.07464949120709985	0.11036719437813391	0.07774452854185152	0.1974591451202481	1
spatialDLPFC::Br6522	primary_expansion	uot	0.25	2.0	R	I_SPATIAL	1500.0	0.3623390605951381	0.5366666666666666	0.019283877090040154	0.45896005637979526	0.019340019105069255	0.9907397923384074	0.238957664525545	1500.0	0.7181482302881024	0.5333333333333333	0.18190930392626903	0.3889407097239991	-0.6544688613847278	3.8909352841934526	0.4617928490155626	1500.0	0.023441637973283865	0.031291149355333614	0.022888537096431738	0.04609146187901546	1500.0	0.28611659024947045	0.3137370498011841	0.2884303037988875	0.353968081419772	1500.0	0.03869183190729296	0.06378000319979596	0.04201643151186006	0.09118858630163815	1500.0	0.48179976360055715	0.5993892627839257	0.46770401203546774	0.6878664427581598	1
spatialDLPFC::Br8325	primary_expansion	uot	0.25	2.0	N	I_EXPR	1500.0	0.9963056463580651	0.9733333333333334	0.005980690906028544	0.1346711868792662	0.0053333641028102076	1.0121998935107157	0.9913322254663015	1500.0	0.7988467532652238	0.5133333333333333	0.07819320326989213	0.3757413480341132	0.04655671006796186	0.5642676479460378	0.6532296448167131	1500.0	0.03418946382768701	0.07477933564216971	0.03860771266145509	0.1175436503291896	1500.0	0.28433848671776785	0.3272470361950889	0.2862970096118831	0.4112080991357846	1500.0	0.03998690754281582	0.08077383349724404	0.04441060701612094	0.12561228683582962	1500.0	0.20836478518588356	0.237136392927488	0.20810380634199088	0.2851887297767489	1
spatialDLPFC::Br8325	primary_expansion	uot	0.25	2.0	N	I_SPATIAL	1500.0	0.6955266664562962	0.7333333333333333	0.01668072164386352	0.6928751592751861	-0.001926255100569141	0.683285056272319	0.6490942854480793	1500.0	0.27728776235011665	0.2733333333333333	0.18087786135074863	0.3890790973735123	0.1997701602210885	0.9259036263184506	0.08500257687164953	1500.0	0.03418946383726306	0.07477933565446623	0.03860771266838278	0.11754365034534105	1500.0	0.2843384866973889	0.32724703618003914	0.2862970095911148	0.41120809921211654	1500.0	0.018958894076641673	0.056632750578015284	0.024472413214289303	0.09671891843271574	1500.0	0.4801702711195827	0.5864434329106984	0.4648687560922914	0.6828506005595447	1
spatialDLPFC::Br8325	primary_expansion	uot	0.25	2.0	R	I_EXPR	1500.0	0.9999681262080562	0.99	0.00024076335274296574	0.003942740749217834	0.00027052051720629223	0.9978694962827884	0.9998689355613501	1500.0	0.995620678942524	0.9166666666666667	0.0013432916177027869	0.027084378573878486	0.002262387125883316	0.9668797054756102	0.9864310364932518	1500.0	0.05588940512168518	0.09748178830911211	0.060927631235682574	0.13969148923304264	1500.0	0.04428408835899469	0.06580390681339993	0.04900775092097672	0.14944267440779574	1500.0	0.05594169418119062	0.09780750022040949	0.0610682699673983	0.1398234532736964	1500.0	0.04513027682829225	0.06748142236726444	0.04964309162021833	0.14199665748063373	1
spatialDLPFC::Br8325	primary_expansion	uot	0.25	2.0	R	I_SPATIAL	1500.0	0.19949121755165228	0.5933333333333333	0.0188883326526847	0.45584965636775415	0.019577749919362918	0.966340921870249	0.18677141202424608	1500.0	0.33973591632707395	0.2733333333333333	0.18250991070106903	0.3945658611093503	0.09905165009405559	1.288051483436061	0.1215297526110567	1500.0	0.021885153458292356	0.02993262413695092	0.02261753560522953	0.048105520406556426	1500.0	0.2798611498534262	0.3201677541132454	0.282208717921821	0.36801543720642815	1500.0	0.03903147999879572	0.05915132322785447	0.041434825357940526	0.09757315161047778	1500.0	0.4784694608318145	0.5871537462678991	0.46255241553688853	0.6750304669760809	1
spatialDLPFC::Br8492	primary_expansion	uot	0.25	2.0	N	I_EXPR	1500.0	0.9954530379791281	0.9666666666666667	0.006130945840853471	0.14142057367592473	0.006594661279895895	0.9867002471207311	0.9924206128160793	1500.0	0.5981439689528751	0.3733333333333333	0.0812178158664617	0.3883370671043722	0.06636285705202957	0.49173375114767615	0.378288700563292	1500.0	0.03462803090674065	0.06453788956004419	0.03725282304419002	0.10840326592269565	1500.0	0.28838042876305797	0.3201160033152739	0.29036083830094034	0.36493696555351307	1500.0	0.04051721331687766	0.07027614304289743	0.043351689458185794	0.11468247620289675	1500.0	0.2086670693895375	0.23285567560377599	0.20914302243447858	0.2664181647652464	1
spatialDLPFC::Br8492	primary_expansion	uot	0.25	2.0	N	I_SPATIAL	1500.0	0.6702656970069765	0.6533333333333333	0.016470583109647597	0.7404152988926105	0.00017003438131421242	0.6075639965253254	0.5529927670684123	1500.0	0.6321241973885322	0.5533333333333332	0.1793061030262571	0.3843952598070761	-0.38810890760940275	2.9430834367767433	0.3613579658159624	1500.0	0.034628030908981616	0.06453788956847126	0.03725282305190119	0.10840326594273811	1500.0	0.28838042873540976	0.3201160032270575	0.290360838278626	0.3649369655249646	1500.0	0.01993617754746281	0.04565269858272099	0.022805081492276724	0.08370499949842666	1500.0	0.4793848501467781	0.5984531590843583	0.4664466413823679	0.69941449390507	1
spatialDLPFC::Br8492	primary_expansion	uot	0.25	2.0	R	I_EXPR	1500.0	0.9999928799968357	0.9966666666666666	0.00011449289117810787	0.0019204844919439453	0.0003523549156553315	0.9952912714953726	0.999987450269475	1500.0	0.9959028710679427	0.9299999999999999	0.0005283414725932057	0.012610131160431366	0.0009887214497644905	0.9841745067199225	0.9903360603161591	1500.0	0.05651093089802475	0.08588519152034776	0.05952620080111305	0.13006059739801107	1500.0	0.0401310595368357	0.04896227522729102	0.04158332248302929	0.07872173652702805	1500.0	0.05656677329197756	0.0858902805126753	0.059598261667611736	0.1300302117140561	1500.0	0.04041282471618409	0.049508726167225084	0.041911103187347594	0.07683667554882882	1
spatialDLPFC::Br8492	primary_expansion	uot	0.25	2.0	R	I_SPATIAL	1500.0	0.017655602513601112	0.42000000000000004	0.01917418502470572	0.46327968975682776	0.026255698801501318	0.6774502080485441	0.048259695244550205	1500.0	0.6819148524066012	0.6033333333333333	0.18079683578523714	0.38937749215174555	-0.5604388506282403	3.5760592561255238	0.4212201752915312	1500.0	0.021941284913972917	0.02732715756636296	0.022335847737484378	0.03598674951269808	1500.0	0.28386732538827875	0.31354139634711076	0.28655744835386926	0.3452613417224719	1500.0	0.039220372040368476	0.059527554917469236	0.04138737390791936	0.08055847639738797	1500.0	0.47969651412055797	0.5966339370305991	0.46431879621806227	0.6930227484504998	1
spatialDLPFC::Br8667	primary_expansion	uot	0.25	2.0	N	I_EXPR	1500.0	0.9841039129350725	0.9766666666666667	0.005957384401940139	0.12514109781802585	0.0049535962078356924	1.0065393195913523	0.9912121347795364	1500.0	0.6136659669626521	0.38	0.07927924356405514	0.3832251358508767	0.04725199353024474	0.5577622013760573	0.4450274176107232	1500.0	0.03184443390861644	0.09246936128745871	0.0426419737702962	0.16187663891304	1500.0	0.28449977238093627	0.3216338918664333	0.2861633721431561	0.3749284775663599	1500.0	0.0379638221907951	0.09751678904636728	0.047898556070483864	0.16710598050308484	1500.0	0.20596562217427927	0.2365098565360401	0.206884128579101	0.2761309135658182	1
spatialDLPFC::Br8667	primary_expansion	uot	0.25	2.0	N	I_SPATIAL	1500.0	0.6851811649694067	0.8233333333333334	0.01605576217720025	0.5311730325206608	-5.241250642368765e-05	0.7473770331819637	0.7400968244582091	1500.0	0.3452854459046426	0.33333333333333337	0.1820196450447013	0.39110927525644823	0.06382983967959445	1.4031200406385715	0.11719614686864349	1500.0	0.03184443391606746	0.09246936129736763	0.042641973776862116	0.16187663893809892	1500.0	0.28449977237695395	0.3216338917897894	0.2861633721133321	0.3749284775568938	1500.0	0.02290651681151916	0.07566652389291015	0.03182788130555487	0.13451893921645147	1500.0	0.4752535765532817	0.604886546307152	0.46539262585923624	0.7004662049700734	1
spatialDLPFC::Br8667	primary_expansion	uot	0.25	2.0	R	I_EXPR	1500.0	0.9998724906099958	0.99	0.0007949675929954212	0.012448662449059397	0.00034517253478693043	0.9974580809764763	0.9997971010179775	1500.0	0.9916042789352351	0.8966666666666667	0.002479377503265056	0.04315437823740753	0.004380316837361202	0.9421572858421745	0.9745508741838903	1500.0	0.05461700490062744	0.11473775722004496	0.0638609745426478	0.17878507189102733	1500.0	0.05196125345781314	0.07951568443464213	0.0567687471849334	0.16769348680617238	1500.0	0.05473370765445054	0.11454152779577777	0.06404019997689189	0.17907259406865966	1500.0	0.05416058030784911	0.0806993435888561	0.058056156802363604	0.15406047585965754	1
spatialDLPFC::Br8667	primary_expansion	uot	0.25	2.0	R	I_SPATIAL	1500.0	0.37295766087007154	0.53	0.018952126793893832	0.4538610638814469	0.022471405589718694	0.8412287675403599	0.2637683266502536	1500.0	0.42850821889254176	0.3733333333333333	0.1826726551154071	0.39551048379122095	-0.12436742644920999	2.0781701021793326	0.18192693908266222	1500.0	0.02219496315683918	0.03480721284224908	0.02292588016840868	0.05305728067351358	1500.0	0.2804058596575124	0.31217837233793966	0.28211476906495303	0.361983951158966	1500.0	0.03905616524684939	0.06207575539688265	0.04175747083828227	0.10017852164975281	1500.0	0.47190958320554777	0.6021482681309889	0.4618658770575187	0.6939028572173412	1
