independent_unit_id	pair_id	direction	fold	repeat	pair_purity	n_train_available	n_train_selected	n_test	macro_f1	balanced_accuracy	accuracy
HER2ST::A	HER2ST_A1_CONTROLLED	forward	0	0	0.0	177	142	96	0.24836601307189543	0.59375	0.59375
HER2ST::A	HER2ST_A1_CONTROLLED	forward	0	0	0.5	177	142	96	0.29239766081871343	0.78125	0.78125
HER2ST::A	HER2ST_A1_CONTROLLED	forward	0	0	1.0	177	142	96	0.2740286298568507	0.6979166666666666	0.6979166666666666
HER2ST::A	HER2ST_A1_CONTROLLED	forward	0	1	0.0	177	142	96	0.24282560706401765	0.5729166666666666	0.5729166666666666
HER2ST::A	HER2ST_A1_CONTROLLED	forward	0	1	0.5	177	142	96	0.25902335456475584	0.6354166666666666	0.6354166666666666
HER2ST::A	HER2ST_A1_CONTROLLED	forward	0	1	1.0	177	142	96	0.3130755064456722	0.8854166666666666	0.8854166666666666
HER2ST::A	HER2ST_A1_CONTROLLED	forward	1	0	0.0	175	140	98	0.24675324675324675	0.31666666666666665	0.5816326530612245
HER2ST::A	HER2ST_A1_CONTROLLED	forward	1	0	0.5	175	140	98	0.382822305899229	0.5986111111111111	0.7857142857142857
HER2ST::A	HER2ST_A1_CONTROLLED	forward	1	0	1.0	175	140	98	0.3143208270078797	0.48055555555555557	0.673469387755102
HER2ST::A	HER2ST_A1_CONTROLLED	forward	1	1	0.0	175	140	98	0.2811671087533157	0.4652777777777778	0.5408163265306123
HER2ST::A	HER2ST_A1_CONTROLLED	forward	1	1	0.5	175	140	98	0.34578696343402227	0.6180555555555556	0.6122448979591837
HER2ST::A	HER2ST_A1_CONTROLLED	forward	1	1	1.0	175	140	98	0.3850267379679144	0.6041666666666667	0.7959183673469388
HER2ST::A	HER2ST_A1_CONTROLLED	forward	2	0	0.0	194	156	79	0.3055410804238319	0.3133786848072562	0.46835443037974683
HER2ST::A	HER2ST_A1_CONTROLLED	forward	2	0	0.5	194	156	79	0.3806287563569117	0.400453514739229	0.5443037974683544
HER2ST::A	HER2ST_A1_CONTROLLED	forward	2	0	1.0	194	156	79	0.41951195582092904	0.46394557823129245	0.5189873417721519
HER2ST::A	HER2ST_A1_CONTROLLED	forward	2	1	0.0	194	156	79	0.32365859793734636	0.326984126984127	0.4936708860759494
HER2ST::A	HER2ST_A1_CONTROLLED	forward	2	1	0.5	194	156	79	0.37383517538156713	0.39546485260770975	0.5063291139240507
HER2ST::A	HER2ST_A1_CONTROLLED	forward	2	1	1.0	194	156	79	0.386984126984127	0.4430839002267574	0.5949367088607594
HER2ST::A	HER2ST_A1_CONTROLLED__reverse	reverse	0	0	0.0	183	147	90	0.18309859154929578	0.5777777777777777	0.5777777777777777
HER2ST::A	HER2ST_A1_CONTROLLED__reverse	reverse	0	0	0.5	183	147	90	0.16911764705882354	0.5111111111111111	0.5111111111111111
HER2ST::A	HER2ST_A1_CONTROLLED__reverse	reverse	0	0	1.0	183	147	90	0.2222222222222222	0.8	0.8
HER2ST::A	HER2ST_A1_CONTROLLED__reverse	reverse	0	1	0.0	183	147	90	0.1484375	0.4222222222222222	0.4222222222222222
HER2ST::A	HER2ST_A1_CONTROLLED__reverse	reverse	0	1	0.5	183	147	90	0.2169811320754717	0.7666666666666667	0.7666666666666667
HER2ST::A	HER2ST_A1_CONTROLLED__reverse	reverse	0	1	1.0	183	147	90	0.2169811320754717	0.7666666666666667	0.7666666666666667
HER2ST::A	HER2ST_A1_CONTROLLED__reverse	reverse	1	0	0.0	169	136	104	0.19578313253012047	0.3385416666666667	0.625
HER2ST::A	HER2ST_A1_CONTROLLED__reverse	reverse	1	0	0.5	169	136	104	0.1786910197869102	0.3802083333333333	0.49038461538461536
HER2ST::A	HER2ST_A1_CONTROLLED__reverse	reverse	1	0	1.0	169	136	104	0.21486199575371548	0.359375	0.5576923076923077
HER2ST::A	HER2ST_A1_CONTROLLED__reverse	reverse	1	1	0.0	169	136	104	0.15238095238095237	0.3333333333333333	0.6153846153846154
HER2ST::A	HER2ST_A1_CONTROLLED__reverse	reverse	1	1	0.5	169	136	104	0.28285714285714286	0.5104166666666667	0.7307692307692307
HER2ST::A	HER2ST_A1_CONTROLLED__reverse	reverse	1	1	1.0	169	136	104	0.19140911471974856	0.4635416666666667	0.6442307692307693
HER2ST::A	HER2ST_A1_CONTROLLED__reverse	reverse	2	0	0.0	194	156	79	0.20108745421245422	0.26077097505668934	0.34177215189873417
HER2ST::A	HER2ST_A1_CONTROLLED__reverse	reverse	2	0	0.5	194	156	79	0.2908612125201987	0.3664399092970522	0.4810126582278481
HER2ST::A	HER2ST_A1_CONTROLLED__reverse	reverse	2	0	1.0	194	156	79	0.25572881734853564	0.2780045351473923	0.31645569620253167
HER2ST::A	HER2ST_A1_CONTROLLED__reverse	reverse	2	1	0.0	194	156	79	0.26394194041252866	0.34784580498866213	0.4177215189873418
HER2ST::A	HER2ST_A1_CONTROLLED__reverse	reverse	2	1	0.5	194	156	79	0.2389474454691846	0.31020408163265306	0.4050632911392405
HER2ST::A	HER2ST_A1_CONTROLLED__reverse	reverse	2	1	1.0	194	156	79	0.2009932096888619	0.3238095238095238	0.43037974683544306
HER2ST::B	HER2ST_B1_CONTROLLED	forward	0	0	0.0	146	117	69	0.18311403508771928	0.2506645401382243	0.2318840579710145
HER2ST::B	HER2ST_B1_CONTROLLED	forward	0	0	0.5	146	117	69	0.16862567811934898	0.2145135566188198	0.3333333333333333
HER2ST::B	HER2ST_B1_CONTROLLED	forward	0	0	1.0	146	117	69	0.24534911525585845	0.3530923267765373	0.3333333333333333
HER2ST::B	HER2ST_B1_CONTROLLED	forward	0	1	0.0	146	117	69	0.2533539731682146	0.3574339890129364	0.30434782608695654
HER2ST::B	HER2ST_B1_CONTROLLED	forward	0	1	0.5	146	117	69	0.2395373581336696	0.3184476342371079	0.3333333333333333
HER2ST::B	HER2ST_B1_CONTROLLED	forward	0	1	1.0	146	117	69	0.15063676633444073	0.20086833244727983	0.21739130434782608
HER2ST::B	HER2ST_B1_CONTROLLED	forward	1	0	0.0	143	115	72	0.31025641025641026	0.5318181818181819	0.4027777777777778
HER2ST::B	HER2ST_B1_CONTROLLED	forward	1	0	0.5	143	115	72	0.2793748373666406	0.4534090909090909	0.3055555555555556
HER2ST::B	HER2ST_B1_CONTROLLED	forward	1	0	1.0	143	115	72	0.3856285174046392	0.5534090909090909	0.3472222222222222
HER2ST::B	HER2ST_B1_CONTROLLED	forward	1	1	0.0	143	115	72	0.2207589285714286	0.41931818181818176	0.2777777777777778
HER2ST::B	HER2ST_B1_CONTROLLED	forward	1	1	0.5	143	115	72	0.3783022836862601	0.5375	0.4305555555555556
HER2ST::B	HER2ST_B1_CONTROLLED	forward	1	1	1.0	143	115	72	0.3170995670995671	0.27045454545454545	0.4305555555555556
HER2ST::B	HER2ST_B1_CONTROLLED	forward	2	0	0.0	141	113	74	0.051331719128329296	0.08267020335985854	0.05405405405405406
HER2ST::B	HER2ST_B1_CONTROLLED	forward	2	0	0.5	141	113	74	0.10795012582932967	0.2508104921898025	0.10810810810810811
HER2ST::B	HER2ST_B1_CONTROLLED	forward	2	0	1.0	141	113	74	0.08555871212121212	0.39610963748894784	0.0945945945945946
HER2ST::B	HER2ST_B1_CONTROLLED	forward	2	1	0.0	141	113	74	0.0749181860682562	0.1967285587975243	0.13513513513513514
HER2ST::B	HER2ST_B1_CONTROLLED	forward	2	1	0.5	141	113	74	0.04146730462519936	0.1623931623931624	0.04054054054054054
HER2ST::B	HER2ST_B1_CONTROLLED	forward	2	1	1.0	141	113	74	0.1384920634920635	0.3449749484232243	0.1891891891891892
HER2ST::B	HER2ST_B1_CONTROLLED__reverse	reverse	0	0	0.0	148	119	67	0.24764957264957263	0.25746753246753246	0.3283582089552239
HER2ST::B	HER2ST_B1_CONTROLLED__reverse	reverse	0	0	0.5	148	119	67	0.14877260981912144	0.1556818181818182	0.19402985074626866
HER2ST::B	HER2ST_B1_CONTROLLED__reverse	reverse	0	0	1.0	148	119	67	0.2369047619047619	0.22175324675324676	0.29850746268656714
HER2ST::B	HER2ST_B1_CONTROLLED__reverse	reverse	0	1	0.0	148	119	67	0.2384920634920635	0.23214285714285715	0.417910447761194
HER2ST::B	HER2ST_B1_CONTROLLED__reverse	reverse	0	1	0.5	148	119	67	0.17155928326343883	0.16607142857142856	0.26865671641791045
HER2ST::B	HER2ST_B1_CONTROLLED__reverse	reverse	0	1	1.0	148	119	67	0.24365489439018853	0.24626623376623377	0.3283582089552239
HER2ST::B	HER2ST_B1_CONTROLLED__reverse	reverse	1	0	0.0	136	109	79	0.1926041666666667	0.2654320987654321	0.34177215189873417
HER2ST::B	HER2ST_B1_CONTROLLED__reverse	reverse	1	0	0.5	136	109	79	0.16849816849816848	0.12626262626262627	0.24050632911392406
HER2ST::B	HER2ST_B1_CONTROLLED__reverse	reverse	1	0	1.0	136	109	79	0.1096817644436692	0.20650953984287315	0.189873417721519
HER2ST::B	HER2ST_B1_CONTROLLED__reverse	reverse	1	1	0.0	136	109	79	0.1390218878248974	0.14365881032547698	0.20253164556962025
HER2ST::B	HER2ST_B1_CONTROLLED__reverse	reverse	1	1	0.5	136	109	79	0.19664289958407605	0.40347923681257014	0.34177215189873417
HER2ST::B	HER2ST_B1_CONTROLLED__reverse	reverse	1	1	1.0	136	109	79	0.18972854842420062	0.388327721661055	0.3291139240506329
HER2ST::B	HER2ST_B1_CONTROLLED__reverse	reverse	2	0	0.0	146	117	69	0.1417797888386124	0.12007168458781363	0.18840579710144928
HER2ST::B	HER2ST_B1_CONTROLLED__reverse	reverse	2	0	0.5	146	117	69	0.09392712550607288	0.5161290322580645	0.10144927536231885
HER2ST::B	HER2ST_B1_CONTROLLED__reverse	reverse	2	0	1.0	146	117	69	0.07575757575757576	0.4444444444444444	0.043478260869565216
HER2ST::B	HER2ST_B1_CONTROLLED__reverse	reverse	2	1	0.0	146	117	69	0.15519323671497584	0.1953405017921147	0.391304347826087
HER2ST::B	HER2ST_B1_CONTROLLED__reverse	reverse	2	1	0.5	146	117	69	0.053061224489795916	0.08781362007168458	0.10144927536231885
HER2ST::B	HER2ST_B1_CONTROLLED__reverse	reverse	2	1	1.0	146	117	69	0.0	0.0	0.0
HER2ST::C	HER2ST_C1_CONTROLLED	forward	0	0	0.0	85	68	49	0.18627450980392157	0.3877551020408163	0.3877551020408163
HER2ST::C	HER2ST_C1_CONTROLLED	forward	0	0	0.5	85	68	49	0.3717948717948718	0.5918367346938775	0.5918367346938775
HER2ST::C	HER2ST_C1_CONTROLLED	forward	0	0	1.0	85	68	49	0.299625468164794	0.8163265306122449	0.8163265306122449
HER2ST::C	HER2ST_C1_CONTROLLED	forward	0	1	0.0	85	68	49	0.07272727272727272	0.12244897959183673	0.12244897959183673
HER2ST::C	HER2ST_C1_CONTROLLED	forward	0	1	0.5	85	68	49	0.24242424242424243	0.5714285714285714	0.5714285714285714
HER2ST::C	HER2ST_C1_CONTROLLED	forward	0	1	1.0	85	68	49	0.43023255813953487	0.7551020408163265	0.7551020408163265
HER2ST::C	HER2ST_C1_CONTROLLED	forward	1	0	0.0	92	74	42	0.322061191626409	0.4722222222222222	0.47619047619047616
HER2ST::C	HER2ST_C1_CONTROLLED	forward	1	0	0.5	92	74	42	0.21067221067221067	0.29166666666666663	0.2857142857142857
HER2ST::C	HER2ST_C1_CONTROLLED	forward	1	0	1.0	92	74	42	0.3504873294346978	0.5486111111111112	0.5238095238095238
HER2ST::C	HER2ST_C1_CONTROLLED	forward	1	1	0.0	92	74	42	0.21926910299003322	0.3055555555555556	0.30952380952380953
HER2ST::C	HER2ST_C1_CONTROLLED	forward	1	1	0.5	92	74	42	0.253411306042885	0.375	0.38095238095238093
HER2ST::C	HER2ST_C1_CONTROLLED	forward	1	1	1.0	92	74	42	0.31508431508431506	0.4305555555555556	0.42857142857142855
HER2ST::C	HER2ST_C1_CONTROLLED	forward	2	0	0.0	91	73	43	0.32424465733235075	0.39999999999999997	0.5581395348837209
HER2ST::C	HER2ST_C1_CONTROLLED	forward	2	0	0.5	91	73	43	0.2857142857142857	0.3238095238095238	0.5116279069767442
HER2ST::C	HER2ST_C1_CONTROLLED	forward	2	0	1.0	91	73	43	0.3463869463869464	0.5047619047619047	0.5348837209302325
HER2ST::C	HER2ST_C1_CONTROLLED	forward	2	1	0.0	91	73	43	0.2698412698412698	0.27619047619047615	0.5348837209302325
HER2ST::C	HER2ST_C1_CONTROLLED	forward	2	1	0.5	91	73	43	0.3328571428571429	0.44761904761904764	0.5348837209302325
HER2ST::C	HER2ST_C1_CONTROLLED	forward	2	1	1.0	91	73	43	0.3215657128700607	0.5174603174603174	0.3488372093023256
HER2ST::C	HER2ST_C1_CONTROLLED__reverse	reverse	0	0	0.0	92	74	42	0.31495405179615704	0.45	0.4523809523809524
HER2ST::C	HER2ST_C1_CONTROLLED__reverse	reverse	0	0	0.5	92	74	42	0.36622669180808715	0.5227272727272727	0.5238095238095238
HER2ST::C	HER2ST_C1_CONTROLLED__reverse	reverse	0	0	1.0	92	74	42	0.3498019595580571	0.5	0.5
HER2ST::C	HER2ST_C1_CONTROLLED__reverse	reverse	0	1	0.0	92	74	42	0.23048780487804876	0.3340909090909091	0.3333333333333333
HER2ST::C	HER2ST_C1_CONTROLLED__reverse	reverse	0	1	0.5	92	74	42	0.30710710710710715	0.45681818181818185	0.4523809523809524
HER2ST::C	HER2ST_C1_CONTROLLED__reverse	reverse	0	1	1.0	92	74	42	0.4003898635477583	0.5931818181818183	0.5952380952380952
HER2ST::C	HER2ST_C1_CONTROLLED__reverse	reverse	1	0	0.0	93	75	41	0.23996129656507015	0.36507936507936506	0.4146341463414634
HER2ST::C	HER2ST_C1_CONTROLLED__reverse	reverse	1	0	0.5	93	75	41	0.33918128654970764	0.5238095238095238	0.5609756097560976
HER2ST::C	HER2ST_C1_CONTROLLED__reverse	reverse	1	0	1.0	93	75	41	0.27336860670194	0.3841269841269841	0.4634146341463415
HER2ST::C	HER2ST_C1_CONTROLLED__reverse	reverse	1	1	0.0	93	75	41	0.1388888888888889	0.09523809523809523	0.24390243902439024
HER2ST::C	HER2ST_C1_CONTROLLED__reverse	reverse	1	1	0.5	93	75	41	0.24802259887005648	0.2920634920634921	0.4878048780487805
HER2ST::C	HER2ST_C1_CONTROLLED__reverse	reverse	1	1	1.0	93	75	41	0.37142857142857144	0.4666666666666666	0.4146341463414634
HER2ST::C	HER2ST_C1_CONTROLLED__reverse	reverse	2	0	0.0	83	67	51	0.17391304347826086	0.35294117647058826	0.35294117647058826
HER2ST::C	HER2ST_C1_CONTROLLED__reverse	reverse	2	0	0.5	83	67	51	0.2916666666666667	0.4117647058823529	0.4117647058823529
HER2ST::C	HER2ST_C1_CONTROLLED__reverse	reverse	2	0	1.0	83	67	51	0.15151515151515152	0.29411764705882354	0.29411764705882354
HER2ST::C	HER2ST_C1_CONTROLLED__reverse	reverse	2	1	0.0	83	67	51	0.32894736842105265	0.49019607843137253	0.49019607843137253
HER2ST::C	HER2ST_C1_CONTROLLED__reverse	reverse	2	1	0.5	83	67	51	0.2888888888888889	0.7647058823529411	0.7647058823529411
HER2ST::C	HER2ST_C1_CONTROLLED__reverse	reverse	2	1	1.0	83	67	51	0.1435897435897436	0.27450980392156865	0.27450980392156865
HER2ST::D	HER2ST_D1_CONTROLLED	forward	0	0	0.0	129	104	75	0.26601855943437913	0.3784722222222222	0.36
HER2ST::D	HER2ST_D1_CONTROLLED	forward	0	0	0.5	129	104	75	0.40670690811535887	0.6261574074074074	0.5733333333333334
HER2ST::D	HER2ST_D1_CONTROLLED	forward	0	0	1.0	129	104	75	0.4167310167310167	0.6469907407407407	0.6
HER2ST::D	HER2ST_D1_CONTROLLED	forward	0	1	0.0	129	104	75	0.2143939393939394	0.2881944444444444	0.30666666666666664
HER2ST::D	HER2ST_D1_CONTROLLED	forward	0	1	0.5	129	104	75	0.3831967213114755	0.556712962962963	0.5466666666666666
HER2ST::D	HER2ST_D1_CONTROLLED	forward	0	1	1.0	129	104	75	0.46913580246913583	0.7013888888888888	0.68
HER2ST::D	HER2ST_D1_CONTROLLED	forward	1	0	0.0	131	105	73	0.3646996278575226	0.3879917184265011	0.4383561643835616
HER2ST::D	HER2ST_D1_CONTROLLED	forward	1	0	0.5	131	105	73	0.4394721744119334	0.4532091097308489	0.5616438356164384
HER2ST::D	HER2ST_D1_CONTROLLED	forward	1	0	1.0	131	105	73	0.42585497374769404	0.4862318840579711	0.6164383561643836
HER2ST::D	HER2ST_D1_CONTROLLED	forward	1	1	0.0	131	105	73	0.3605935127674258	0.3601449275362319	0.5205479452054794
HER2ST::D	HER2ST_D1_CONTROLLED	forward	1	1	0.5	131	105	73	0.3178441599494231	0.3355072463768116	0.4383561643835616
HER2ST::D	HER2ST_D1_CONTROLLED	forward	1	1	1.0	131	105	73	0.39738562091503266	0.4028985507246377	0.547945205479452
HER2ST::D	HER2ST_D1_CONTROLLED	forward	2	0	0.0	148	119	56	0.18857142857142858	0.2512820512820513	0.25
HER2ST::D	HER2ST_D1_CONTROLLED	forward	2	0	0.5	148	119	56	0.4666666666666666	0.6935897435897436	0.6964285714285714
HER2ST::D	HER2ST_D1_CONTROLLED	forward	2	0	1.0	148	119	56	0.5159401431359792	0.767948717948718	0.7678571428571429
HER2ST::D	HER2ST_D1_CONTROLLED	forward	2	1	0.0	148	119	56	0.13678804855275442	0.19615384615384618	0.19642857142857142
HER2ST::D	HER2ST_D1_CONTROLLED	forward	2	1	0.5	148	119	56	0.4221007893139041	0.6	0.6071428571428571
HER2ST::D	HER2ST_D1_CONTROLLED	forward	2	1	1.0	148	119	56	0.5214608849166943	0.7705128205128204	0.7678571428571429
HER2ST::D	HER2ST_D1_CONTROLLED__reverse	reverse	0	0	0.0	144	116	60	0.25040849673202614	0.37041156840934375	0.36666666666666664
HER2ST::D	HER2ST_D1_CONTROLLED__reverse	reverse	0	0	0.5	144	116	60	0.3538426864998873	0.485539488320356	0.48333333333333334
HER2ST::D	HER2ST_D1_CONTROLLED__reverse	reverse	0	0	1.0	144	116	60	0.5744870651204281	0.8353726362625139	0.8333333333333334
HER2ST::D	HER2ST_D1_CONTROLLED__reverse	reverse	0	1	0.0	144	116	60	0.3301907968574635	0.449944382647386	0.45
HER2ST::D	HER2ST_D1_CONTROLLED__reverse	reverse	0	1	0.5	144	116	60	0.40740740740740744	0.5511679644048944	0.55
HER2ST::D	HER2ST_D1_CONTROLLED__reverse	reverse	0	1	1.0	144	116	60	0.544973544973545	0.8042269187986651	0.8
HER2ST::D	HER2ST_D1_CONTROLLED__reverse	reverse	1	0	0.0	136	109	68	0.3994880819068949	0.44527986633249794	0.4264705882352941
HER2ST::D	HER2ST_D1_CONTROLLED__reverse	reverse	1	0	0.5	136	109	68	0.343849765258216	0.35964912280701755	0.47058823529411764
HER2ST::D	HER2ST_D1_CONTROLLED__reverse	reverse	1	0	1.0	136	109	68	0.36449332285938724	0.4139515455304929	0.5
HER2ST::D	HER2ST_D1_CONTROLLED__reverse	reverse	1	1	0.0	136	109	68	0.23084123084123084	0.233500417710944	0.3235294117647059
HER2ST::D	HER2ST_D1_CONTROLLED__reverse	reverse	1	1	0.5	136	109	68	0.3748122856104077	0.39139515455304935	0.45588235294117646
HER2ST::D	HER2ST_D1_CONTROLLED__reverse	reverse	1	1	1.0	136	109	68	0.3861498708010336	0.3817878028404344	0.5294117647058824
HER2ST::D	HER2ST_D1_CONTROLLED__reverse	reverse	2	0	0.0	128	103	76	0.1770996348461137	0.2648809523809524	0.25
HER2ST::D	HER2ST_D1_CONTROLLED__reverse	reverse	2	0	0.5	128	103	76	0.4012066365007542	0.6071428571428572	0.5789473684210527
HER2ST::D	HER2ST_D1_CONTROLLED__reverse	reverse	2	0	1.0	128	103	76	0.38211719181868437	0.5877976190476191	0.5263157894736842
HER2ST::D	HER2ST_D1_CONTROLLED__reverse	reverse	2	1	0.0	128	103	76	0.4376669925057022	0.6398809523809523	0.6578947368421053
HER2ST::D	HER2ST_D1_CONTROLLED__reverse	reverse	2	1	0.5	128	103	76	0.43931623931623937	0.6532738095238095	0.618421052631579
HER2ST::D	HER2ST_D1_CONTROLLED__reverse	reverse	2	1	1.0	128	103	76	0.32723900370959197	0.5133928571428572	0.4605263157894737
HER2ST::E	HER2ST_E1_CONTROLLED	forward	0	0	0.0	298	239	129	0.42537065354697157	0.5694137168141593	0.4806201550387597
HER2ST::E	HER2ST_E1_CONTROLLED	forward	0	0	0.5	298	239	129	0.42271944922547333	0.5246128318584071	0.49612403100775193
HER2ST::E	HER2ST_E1_CONTROLLED	forward	0	0	1.0	298	239	129	0.4850493334337576	0.5777101769911505	0.5891472868217055
HER2ST::E	HER2ST_E1_CONTROLLED	forward	0	1	0.0	298	239	129	0.4708777686628384	0.4742809734513274	0.689922480620155
HER2ST::E	HER2ST_E1_CONTROLLED	forward	0	1	0.5	298	239	129	0.43034188034188037	0.5110619469026549	0.5193798449612403
HER2ST::E	HER2ST_E1_CONTROLLED	forward	0	1	1.0	298	239	129	0.4027777777777778	0.5741150442477876	0.4418604651162791
HER2ST::E	HER2ST_E1_CONTROLLED	forward	1	0	0.0	253	203	174	0.5209213945011052	0.5219990435198469	0.5919540229885057
HER2ST::E	HER2ST_E1_CONTROLLED	forward	1	0	0.5	253	203	174	0.41216216216216217	0.438546150167384	0.42528735632183906
HER2ST::E	HER2ST_E1_CONTROLLED	forward	1	0	1.0	253	203	174	0.41706549979488583	0.4351984696317551	0.4367816091954023
HER2ST::E	HER2ST_E1_CONTROLLED	forward	1	1	0.0	253	203	174	0.4742054101285179	0.47895743663318985	0.5229885057471264
HER2ST::E	HER2ST_E1_CONTROLLED	forward	1	1	0.5	253	203	174	0.5627689236170872	0.5999521759923482	0.5804597701149425
HER2ST::E	HER2ST_E1_CONTROLLED	forward	1	1	1.0	253	203	174	0.43931256713211597	0.47776183644189385	0.4482758620689655
HER2ST::E	HER2ST_E1_CONTROLLED	forward	2	0	0.0	303	243	124	0.5129615082482325	0.5638009049773756	0.5161290322580645
HER2ST::E	HER2ST_E1_CONTROLLED	forward	2	0	0.5	303	243	124	0.4391347099311701	0.5524886877828055	0.4435483870967742
HER2ST::E	HER2ST_E1_CONTROLLED	forward	2	0	1.0	303	243	124	0.5588932806324111	0.6060331825037708	0.5645161290322581
HER2ST::E	HER2ST_E1_CONTROLLED	forward	2	1	0.0	303	243	124	0.437364371670941	0.46923076923076923	0.4435483870967742
HER2ST::E	HER2ST_E1_CONTROLLED	forward	2	1	0.5	303	243	124	0.5334961388687216	0.5745098039215686	0.5403225806451613
HER2ST::E	HER2ST_E1_CONTROLLED	forward	2	1	1.0	303	243	124	0.4789915966386554	0.5194570135746607	0.4838709677419355
HER2ST::E	HER2ST_E1_CONTROLLED__reverse	reverse	0	0	0.0	303	243	124	0.27751774120489203	0.44612068965517243	0.5080645161290323
HER2ST::E	HER2ST_E1_CONTROLLED__reverse	reverse	0	0	0.5	303	243	124	0.23124115148655025	0.5021551724137931	0.3951612903225806
HER2ST::E	HER2ST_E1_CONTROLLED__reverse	reverse	0	0	1.0	303	243	124	0.18050065876152832	0.33836206896551724	0.3064516129032258
HER2ST::E	HER2ST_E1_CONTROLLED__reverse	reverse	0	1	0.0	303	243	124	0.203921568627451	0.22413793103448276	0.41935483870967744
HER2ST::E	HER2ST_E1_CONTROLLED__reverse	reverse	0	1	0.5	303	243	124	0.21572871572871574	0.47198275862068967	0.3387096774193548
HER2ST::E	HER2ST_E1_CONTROLLED__reverse	reverse	0	1	1.0	303	243	124	0.2530408773678963	0.47844827586206895	0.4596774193548387
HER2ST::E	HER2ST_E1_CONTROLLED__reverse	reverse	1	0	0.0	254	204	173	0.301029601029601	0.4550996134403806	0.42196531791907516
HER2ST::E	HER2ST_E1_CONTROLLED__reverse	reverse	1	0	0.5	254	204	173	0.305394009886595	0.464466250371692	0.44508670520231214
HER2ST::E	HER2ST_E1_CONTROLLED__reverse	reverse	1	0	1.0	254	204	173	0.2967032967032967	0.41361879274457325	0.41040462427745666
HER2ST::E	HER2ST_E1_CONTROLLED__reverse	reverse	1	1	0.0	254	204	173	0.28525419829767656	0.41391614629794826	0.4161849710982659
HER2ST::E	HER2ST_E1_CONTROLLED__reverse	reverse	1	1	0.5	254	204	173	0.31196160622076424	0.48111804936068986	0.4508670520231214
HER2ST::E	HER2ST_E1_CONTROLLED__reverse	reverse	1	1	1.0	254	204	173	0.34654654654654654	0.5290663098424027	0.5086705202312138
HER2ST::E	HER2ST_E1_CONTROLLED__reverse	reverse	2	0	0.0	297	238	130	0.24418499411711467	0.303921568627451	0.3153846153846154
HER2ST::E	HER2ST_E1_CONTROLLED__reverse	reverse	2	0	0.5	297	238	130	0.28571428571428575	0.5065359477124183	0.4230769230769231
HER2ST::E	HER2ST_E1_CONTROLLED__reverse	reverse	2	0	1.0	297	238	130	0.2978653530377668	0.5294117647058824	0.4461538461538462
HER2ST::E	HER2ST_E1_CONTROLLED__reverse	reverse	2	1	0.0	297	238	130	0.26533333333333337	0.3640522875816994	0.34615384615384615
HER2ST::E	HER2ST_E1_CONTROLLED__reverse	reverse	2	1	0.5	297	238	130	0.2983749055177627	0.42352941176470593	0.4307692307692308
HER2ST::E	HER2ST_E1_CONTROLLED__reverse	reverse	2	1	1.0	297	238	130	0.3725430597771024	0.5189542483660131	0.5076923076923077
HER2ST::F	HER2ST_F1_CONTROLLED	forward	0	0	0.0	377	302	150	0.33474366304554987	0.5015756302521008	0.7933333333333333
HER2ST::F	HER2ST_F1_CONTROLLED	forward	0	0	0.5	377	302	150	0.5378295104416296	0.5793067226890757	0.76
HER2ST::F	HER2ST_F1_CONTROLLED	forward	0	0	1.0	377	302	150	0.3473328195907184	0.6486344537815126	0.6533333333333333
HER2ST::F	HER2ST_F1_CONTROLLED	forward	0	1	0.0	377	302	150	0.4375	0.4490546218487395	0.64
HER2ST::F	HER2ST_F1_CONTROLLED	forward	0	1	0.5	377	302	150	0.4511124121779859	0.4637605042016807	0.6666666666666666
HER2ST::F	HER2ST_F1_CONTROLLED	forward	0	1	1.0	377	302	150	0.4797895240373117	0.5945378151260504	0.6133333333333333
HER2ST::F	HER2ST_F1_CONTROLLED	forward	1	0	0.0	342	274	185	0.26870673952641166	0.3802946593001842	0.6324324324324324
HER2ST::F	HER2ST_F1_CONTROLLED	forward	1	0	0.5	342	274	185	0.24518443201717224	0.35082872928176795	0.5459459459459459
HER2ST::F	HER2ST_F1_CONTROLLED	forward	1	0	1.0	342	274	185	0.24780368682807707	0.356353591160221	0.5621621621621622
HER2ST::F	HER2ST_F1_CONTROLLED	forward	1	1	0.0	342	274	185	0.2777777777777778	0.39134438305709024	0.6648648648648648
HER2ST::F	HER2ST_F1_CONTROLLED	forward	1	1	0.5	342	274	185	0.27388535031847133	0.23756906077348064	0.6972972972972973
HER2ST::F	HER2ST_F1_CONTROLLED	forward	1	1	1.0	342	274	185	0.2731098233995585	0.3858195211786372	0.6486486486486487
HER2ST::F	HER2ST_F1_CONTROLLED	forward	2	0	0.0	335	268	192	0.2740286298568507	0.3806818181818182	0.6979166666666666
HER2ST::F	HER2ST_F1_CONTROLLED	forward	2	0	0.5	335	268	192	0.30635295883522834	0.45738636363636365	0.734375
HER2ST::F	HER2ST_F1_CONTROLLED	forward	2	0	1.0	335	268	192	0.4631578947368421	0.5227272727272727	0.6458333333333334
HER2ST::F	HER2ST_F1_CONTROLLED	forward	2	1	0.0	335	268	192	0.2810549313358302	0.4772727272727273	0.5625
HER2ST::F	HER2ST_F1_CONTROLLED	forward	2	1	0.5	335	268	192	0.30271887103577866	0.53125	0.609375
HER2ST::F	HER2ST_F1_CONTROLLED	forward	2	1	1.0	335	268	192	0.336015574302401	0.5113636363636364	0.78125
HER2ST::F	HER2ST_F1_CONTROLLED__reverse	reverse	0	0	0.0	332	266	195	0.2162598276513201	0.2787193973634652	0.4153846153846154
HER2ST::F	HER2ST_F1_CONTROLLED__reverse	reverse	0	0	0.5	332	266	195	0.28712414683637705	0.4016007532956686	0.5025641025641026
HER2ST::F	HER2ST_F1_CONTROLLED__reverse	reverse	0	0	1.0	332	266	195	0.33014471425067454	0.4665725047080979	0.6205128205128205
HER2ST::F	HER2ST_F1_CONTROLLED__reverse	reverse	0	1	0.0	332	266	195	0.21390526645589447	0.34745762711864403	0.358974358974359
HER2ST::F	HER2ST_F1_CONTROLLED__reverse	reverse	0	1	0.5	332	266	195	0.2603083050090981	0.3983050847457627	0.4512820512820513
HER2ST::F	HER2ST_F1_CONTROLLED__reverse	reverse	0	1	1.0	332	266	195	0.27379269729093053	0.4350282485875706	0.517948717948718
HER2ST::F	HER2ST_F1_CONTROLLED__reverse	reverse	1	0	0.0	342	274	185	0.232502965599051	0.18047882136279925	0.5297297297297298
HER2ST::F	HER2ST_F1_CONTROLLED__reverse	reverse	1	0	0.5	342	274	185	0.16666666666666666	0.11233885819521179	0.32972972972972975
HER2ST::F	HER2ST_F1_CONTROLLED__reverse	reverse	1	0	1.0	342	274	185	0.232502965599051	0.18047882136279925	0.5297297297297298
HER2ST::F	HER2ST_F1_CONTROLLED__reverse	reverse	1	1	0.0	342	274	185	0.266374269005848	0.35451197053407	0.5567567567567567
HER2ST::F	HER2ST_F1_CONTROLLED__reverse	reverse	1	1	0.5	342	274	185	0.20197990842923516	0.4567219152854512	0.372972972972973
HER2ST::F	HER2ST_F1_CONTROLLED__reverse	reverse	1	1	1.0	342	274	185	0.256327856238215	0.6602209944751382	0.4864864864864865
HER2ST::F	HER2ST_F1_CONTROLLED__reverse	reverse	2	0	0.0	380	304	147	0.2276315789473684	0.36296296296296293	0.3877551020408163
HER2ST::F	HER2ST_F1_CONTROLLED__reverse	reverse	2	0	0.5	380	304	147	0.22932738482510764	0.2861111111111111	0.4557823129251701
HER2ST::F	HER2ST_F1_CONTROLLED__reverse	reverse	2	0	1.0	380	304	147	0.23646723646723647	0.2935185185185185	0.46938775510204084
HER2ST::F	HER2ST_F1_CONTROLLED__reverse	reverse	2	1	0.0	380	304	147	0.27830551989730423	0.48703703703703705	0.47619047619047616
HER2ST::F	HER2ST_F1_CONTROLLED__reverse	reverse	2	1	0.5	380	304	147	0.2665377487712513	0.4722222222222222	0.4489795918367347
HER2ST::F	HER2ST_F1_CONTROLLED__reverse	reverse	2	1	1.0	380	304	147	0.21026514811825545	0.3101851851851852	0.36054421768707484
HER2ST::G	HER2ST_G2_CONTROLLED	forward	0	0	0.0	213	171	109	0.1088833769693629	0.13666666666666666	0.1559633027522936
HER2ST::G	HER2ST_G2_CONTROLLED	forward	0	0	0.5	213	171	109	0.17320200125078175	0.205	0.3302752293577982
HER2ST::G	HER2ST_G2_CONTROLLED	forward	0	0	1.0	213	171	109	0.29855629197734457	0.34500000000000003	0.44036697247706424
HER2ST::G	HER2ST_G2_CONTROLLED	forward	0	1	0.0	213	171	109	0.18917867547155623	0.255	0.23853211009174313
HER2ST::G	HER2ST_G2_CONTROLLED	forward	0	1	0.5	213	171	109	0.21229989580373212	0.27	0.3577981651376147
HER2ST::G	HER2ST_G2_CONTROLLED	forward	0	1	1.0	213	171	109	0.27737932737932736	0.3083333333333333	0.4036697247706422
HER2ST::G	HER2ST_G2_CONTROLLED	forward	1	0	0.0	203	163	119	0.15768238329814685	0.27155405405405403	0.25210084033613445
HER2ST::G	HER2ST_G2_CONTROLLED	forward	1	0	0.5	203	163	119	0.1776057937602292	0.26006756756756755	0.31932773109243695
HER2ST::G	HER2ST_G2_CONTROLLED	forward	1	0	1.0	203	163	119	0.23374367290775963	0.4099662162162162	0.46218487394957986
HER2ST::G	HER2ST_G2_CONTROLLED	forward	1	1	0.0	203	163	119	0.1001207729468599	0.13361486486486487	0.23529411764705882
HER2ST::G	HER2ST_G2_CONTROLLED	forward	1	1	0.5	203	163	119	0.14003112991877034	0.33513513513513515	0.2184873949579832
HER2ST::G	HER2ST_G2_CONTROLLED	forward	1	1	1.0	203	163	119	0.2533029878618114	0.46209459459459457	0.40336134453781514
HER2ST::G	HER2ST_G2_CONTROLLED	forward	2	0	0.0	228	183	94	0.1651811151811152	0.21614864864864866	0.23404255319148937
HER2ST::G	HER2ST_G2_CONTROLLED	forward	2	0	0.5	228	183	94	0.23897037102682264	0.34449324324324326	0.32978723404255317
HER2ST::G	HER2ST_G2_CONTROLLED	forward	2	0	1.0	228	183	94	0.1131750945992432	0.17239864864864868	0.19148936170212766
HER2ST::G	HER2ST_G2_CONTROLLED	forward	2	1	0.0	228	183	94	0.09770114942528736	0.10033783783783785	0.18085106382978725
HER2ST::G	HER2ST_G2_CONTROLLED	forward	2	1	0.5	228	183	94	0.13525111799105607	0.21158783783783788	0.18085106382978725
HER2ST::G	HER2ST_G2_CONTROLLED	forward	2	1	1.0	228	183	94	0.11549392227358328	0.17239864864864868	0.19148936170212766
HER2ST::G	HER2ST_G2_CONTROLLED__reverse	reverse	0	0	0.0	203	163	119	0.17471905570377558	0.2773801369863014	0.36134453781512604
HER2ST::G	HER2ST_G2_CONTROLLED__reverse	reverse	0	0	0.5	203	163	119	0.2000512446033027	0.29190068493150684	0.3445378151260504
HER2ST::G	HER2ST_G2_CONTROLLED__reverse	reverse	0	0	1.0	203	163	119	0.3132422813914923	0.47953767123287677	0.5126050420168067
HER2ST::G	HER2ST_G2_CONTROLLED__reverse	reverse	0	1	0.0	203	163	119	0.151723759332455	0.20868150684931508	0.33613445378151263
HER2ST::G	HER2ST_G2_CONTROLLED__reverse	reverse	0	1	0.5	203	163	119	0.1729340134178844	0.2956164383561644	0.2184873949579832
HER2ST::G	HER2ST_G2_CONTROLLED__reverse	reverse	0	1	1.0	203	163	119	0.2208068695873574	0.36280821917808226	0.4369747899159664
HER2ST::G	HER2ST_G2_CONTROLLED__reverse	reverse	1	0	0.0	208	167	114	0.14036625032526673	0.15227513227513226	0.19298245614035087
HER2ST::G	HER2ST_G2_CONTROLLED__reverse	reverse	1	0	0.5	208	167	114	0.23096880543689058	0.2958730158730159	0.3684210526315789
HER2ST::G	HER2ST_G2_CONTROLLED__reverse	reverse	1	0	1.0	208	167	114	0.1873192415689506	0.21841269841269845	0.32456140350877194
HER2ST::G	HER2ST_G2_CONTROLLED__reverse	reverse	1	1	0.0	208	167	114	0.17733094613518915	0.22349206349206346	0.2631578947368421
HER2ST::G	HER2ST_G2_CONTROLLED__reverse	reverse	1	1	0.5	208	167	114	0.18040272415272415	0.22814814814814813	0.2719298245614035
HER2ST::G	HER2ST_G2_CONTROLLED__reverse	reverse	1	1	1.0	208	167	114	0.2205489983267761	0.2615873015873016	0.3684210526315789
HER2ST::G	HER2ST_G2_CONTROLLED__reverse	reverse	2	0	0.0	233	187	89	0.10826210826210825	0.10424710424710426	0.20224719101123595
HER2ST::G	HER2ST_G2_CONTROLLED__reverse	reverse	2	0	0.5	233	187	89	0.15921985815602835	0.17900579150579152	0.21348314606741572
HER2ST::G	HER2ST_G2_CONTROLLED__reverse	reverse	2	0	1.0	233	187	89	0.16462382120984273	0.2093146718146718	0.19101123595505617
HER2ST::G	HER2ST_G2_CONTROLLED__reverse	reverse	2	1	0.0	233	187	89	0.11414965986394558	0.1002895752895753	0.15730337078651685
HER2ST::G	HER2ST_G2_CONTROLLED__reverse	reverse	2	1	0.5	233	187	89	0.16104971187332204	0.22002895752895751	0.2247191011235955
HER2ST::G	HER2ST_G2_CONTROLLED__reverse	reverse	2	1	1.0	233	187	89	0.15068160597572364	0.22176640926640925	0.2247191011235955
HER2ST::H	HER2ST_H1_CONTROLLED	forward	0	0	0.0	268	215	156	0.119278832567707	0.21312437562437564	0.16666666666666666
HER2ST::H	HER2ST_H1_CONTROLLED	forward	0	0	0.5	268	215	156	0.08873762376237625	0.11528471528471529	0.1346153846153846
HER2ST::H	HER2ST_H1_CONTROLLED	forward	0	0	1.0	268	215	156	0.07120746071693133	0.13426573426573427	0.08974358974358974
HER2ST::H	HER2ST_H1_CONTROLLED	forward	0	1	0.0	268	215	156	0.09837962788648791	0.231993006993007	0.1346153846153846
HER2ST::H	HER2ST_H1_CONTROLLED	forward	0	1	0.5	268	215	156	0.07940073348446719	0.12753496503496503	0.12179487179487179
HER2ST::H	HER2ST_H1_CONTROLLED	forward	0	1	1.0	268	215	156	0.056893687707641194	0.13907342657342658	0.07051282051282051
HER2ST::H	HER2ST_H1_CONTROLLED	forward	1	0	0.0	278	223	146	0.12523382945844516	0.22495238095238093	0.19863013698630136
HER2ST::H	HER2ST_H1_CONTROLLED	forward	1	0	0.5	278	223	146	0.13792049738315337	0.2979523809523809	0.2191780821917808
HER2ST::H	HER2ST_H1_CONTROLLED	forward	1	0	1.0	278	223	146	0.1742277356407791	0.2954285714285715	0.17123287671232876
HER2ST::H	HER2ST_H1_CONTROLLED	forward	1	1	0.0	278	223	146	0.11923250999085176	0.16223809523809524	0.18493150684931506
HER2ST::H	HER2ST_H1_CONTROLLED	forward	1	1	0.5	278	223	146	0.11410973089887731	0.14479365079365078	0.18493150684931506
HER2ST::H	HER2ST_H1_CONTROLLED	forward	1	1	1.0	278	223	146	0.21750071901064136	0.3407460317460317	0.19863013698630136
HER2ST::H	HER2ST_H1_CONTROLLED	forward	2	0	0.0	302	242	122	0.12486711740443085	0.2606796116504854	0.23770491803278687
HER2ST::H	HER2ST_H1_CONTROLLED	forward	2	0	0.5	302	242	122	0.10720467836257308	0.16411234396671287	0.21311475409836064
HER2ST::H	HER2ST_H1_CONTROLLED	forward	2	0	1.0	302	242	122	0.13015935214211075	0.25298196948682383	0.1721311475409836
HER2ST::H	HER2ST_H1_CONTROLLED	forward	2	1	0.0	302	242	122	0.0440771349862259	0.038834951456310676	0.13114754098360656
HER2ST::H	HER2ST_H1_CONTROLLED	forward	2	1	0.5	302	242	122	0.14994861769055318	0.32825936199722605	0.20491803278688525
HER2ST::H	HER2ST_H1_CONTROLLED	forward	2	1	1.0	302	242	122	0.11082123411978222	0.21726768377253813	0.16393442622950818
HER2ST::H	HER2ST_H1_CONTROLLED__reverse	reverse	0	0	0.0	279	224	145	0.13649778272222995	0.2435459433040078	0.27586206896551724
HER2ST::H	HER2ST_H1_CONTROLLED__reverse	reverse	0	0	0.5	279	224	145	0.1409035409035409	0.2607844574780059	0.2827586206896552
HER2ST::H	HER2ST_H1_CONTROLLED__reverse	reverse	0	0	1.0	279	224	145	0.10359357977495388	0.17816715542521994	0.20689655172413793
HER2ST::H	HER2ST_H1_CONTROLLED__reverse	reverse	0	1	0.0	279	224	145	0.12888714323121236	0.16690615835777126	0.2413793103448276
HER2ST::H	HER2ST_H1_CONTROLLED__reverse	reverse	0	1	0.5	279	224	145	0.09911655686334946	0.18968963831867058	0.21379310344827587
HER2ST::H	HER2ST_H1_CONTROLLED__reverse	reverse	0	1	1.0	279	224	145	0.1200114577824784	0.23578445747800586	0.21379310344827587
HER2ST::H	HER2ST_H1_CONTROLLED__reverse	reverse	1	0	0.0	273	219	151	0.07051438819597294	0.06785714285714285	0.12582781456953643
HER2ST::H	HER2ST_H1_CONTROLLED__reverse	reverse	1	0	0.5	273	219	151	0.05337394767026641	0.10535714285714284	0.08609271523178808
HER2ST::H	HER2ST_H1_CONTROLLED__reverse	reverse	1	0	1.0	273	219	151	0.08569121027650799	0.20714285714285716	0.10596026490066225
HER2ST::H	HER2ST_H1_CONTROLLED__reverse	reverse	1	1	0.0	273	219	151	0.07883597883597883	0.08214285714285714	0.152317880794702
HER2ST::H	HER2ST_H1_CONTROLLED__reverse	reverse	1	1	0.5	273	219	151	0.07678225527965728	0.26249999999999996	0.09933774834437085
HER2ST::H	HER2ST_H1_CONTROLLED__reverse	reverse	1	1	1.0	273	219	151	0.0739766081871345	0.1625	0.0728476821192053
HER2ST::H	HER2ST_H1_CONTROLLED__reverse	reverse	2	0	0.0	296	237	128	0.0768733850129199	0.08206820682068207	0.1640625
HER2ST::H	HER2ST_H1_CONTROLLED__reverse	reverse	2	0	0.5	296	237	128	0.09691567628749292	0.13443344334433444	0.2109375
HER2ST::H	HER2ST_H1_CONTROLLED__reverse	reverse	2	0	1.0	296	237	128	0.13314463314463312	0.18635863586358636	0.3203125
HER2ST::H	HER2ST_H1_CONTROLLED__reverse	reverse	2	1	0.0	296	237	128	0.10243055555555557	0.2848184818481848	0.2265625
HER2ST::H	HER2ST_H1_CONTROLLED__reverse	reverse	2	1	0.5	296	237	128	0.0913929573732476	0.29028518236439027	0.0625
HER2ST::H	HER2ST_H1_CONTROLLED__reverse	reverse	2	1	1.0	296	237	128	0.09517501691414736	0.21463146314631465	0.125
