independent_unit_id	pair_id	direction	pair_purity	macro_f1	balanced_accuracy	accuracy
HER2ST::A	HER2ST_A1_CONTROLLED	forward	0.0	0.27471860900060896	0.4314956538170824	0.5418568271190333
HER2ST::A	HER2ST_A1_CONTROLLED	forward	0.5	0.33908236940919984	0.5715419501133786	0.6442097936220902
HER2ST::A	HER2ST_A1_CONTROLLED	forward	1.0	0.3488246306805622	0.5958475056689342	0.694440856511381
HER2ST::A	HER2ST_A1_CONTROLLED__reverse	reverse	0.0	0.1907882618475586	0.3800819633408919	0.49997971437844857
HER2ST::A	HER2ST_A1_CONTROLLED__reverse	reverse	0.5	0.22957593329462192	0.47417446145124725	0.5641679288831187
HER2ST::A	HER2ST_A1_CONTROLLED__reverse	reverse	1.0	0.21703274863475927	0.49856623204837497	0.5859041977712864
HER2ST::B	HER2ST_B1_CONTROLLED	forward	0.0	0.1822888753800597	0.3064389424908179	0.23432943813378596
HER2ST::B	HER2ST_B1_CONTROLLED	forward	0.5	0.20254293129340806	0.32284565605799725	0.2585710710710711
HER2ST::B	HER2ST_B1_CONTROLLED	forward	1.0	0.2204607902846302	0.3531514802499376	0.2687143665404535
HER2ST::B	HER2ST_B1_CONTROLLED__reverse	reverse	0.0	0.18579011936446474	0.20235224751353784	0.3117137665187181
HER2ST::B	HER2ST_B1_CONTROLLED__reverse	reverse	0.5	0.13874355186011225	0.2425729603596987	0.20797726648357917
HER2ST::B	HER2ST_B1_CONTROLLED__reverse	reverse	1.0	0.14262125748673268	0.25121686441130886	0.19822187904725133
HER2ST::C	HER2ST_C1_CONTROLLED	forward	0.0	0.2324030007202095	0.3273620559334845	0.39815693719348205
HER2ST::C	HER2ST_C1_CONTROLLED	forward	0.5	0.28281234325093974	0.4335600907029478	0.47940726678268203
HER2ST::C	HER2ST_C1_CONTROLLED	forward	1.0	0.34389705501339146	0.5954695767195767	0.567921742340347
HER2ST::C	HER2ST_C1_CONTROLLED__reverse	reverse	0.0	0.23785874233791304	0.34792427071838833	0.38123135433035005
HER2ST::C	HER2ST_C1_CONTROLLED__reverse	reverse	0.5	0.30684887331508565	0.49531484310896073	0.5335735920384413
HER2ST::C	HER2ST_C1_CONTROLLED__reverse	reverse	1.0	0.28168231605687033	0.41876715332597686	0.4236523877843821
HER2ST::D	HER2ST_D1_CONTROLLED	forward	0.0	0.25517751942957495	0.3103732016775495	0.34533322461404653
HER2ST::D	HER2ST_D1_CONTROLLED	forward	0.5	0.40599790329479357	0.544196078344629	0.570595238095238
HER2ST::D	HER2ST_D1_CONTROLLED	forward	1.0	0.4577514069859254	0.6293286004789628	0.6633496412263535
HER2ST::D	HER2ST_D1_CONTROLLED__reverse	reverse	0.0	0.30428253894823853	0.4006496899770127	0.4124269005847953
HER2ST::D	HER2ST_D1_CONTROLLED__reverse	reverse	0.5	0.3867391700988187	0.5080280661253306	0.5261953904368766
HER2ST::D	HER2ST_D1_CONTROLLED__reverse	reverse	1.0	0.42990999988044504	0.5894215632704304	0.6082645338837289
HER2ST::E	HER2ST_E1_CONTROLLED	forward	0.0	0.4736168511264345	0.5129471407711114	0.5408604306248975
HER2ST::E	HER2ST_E1_CONTROLLED	forward	0.5	0.4667705440244158	0.5335285994375281	0.500853661691285
HER2ST::E	HER2ST_E1_CONTROLLED	forward	1.0	0.46368167590160064	0.5317126205651698	0.4940753866627577
HER2ST::E	HER2ST_E1_CONTROLLED__reverse	reverse	0.0	0.2628735727683448	0.3678747061061891	0.40451801756575206
HER2ST::E	HER2ST_E1_CONTROLLED__reverse	reverse	0.5	0.2747357790924456	0.4749645983739981	0.4139451464689205
HER2ST::E	HER2ST_E1_CONTROLLED__reverse	reverse	1.0	0.29119996536568954	0.4679769100810763	0.4398417217688148
HER2ST::F	HER2ST_F1_CONTROLLED	forward	0.0	0.3123019569237367	0.4300373066521101	0.6651745495495495
HER2ST::F	HER2ST_F1_CONTROLLED	forward	0.5	0.35284725580437765	0.43668356343039477	0.6689433183183183
HER2ST::F	HER2ST_F1_CONTROLLED	forward	1.0	0.3578682204824848	0.5032393817228884	0.6507601351351352
HER2ST::F	HER2ST_F1_CONTROLLED__reverse	reverse	0.0	0.23916323792613103	0.3351946360631631	0.45413183984612554
HER2ST::F	HER2ST_F1_CONTROLLED__reverse	reverse	0.5	0.2353240267562893	0.35454999080923794	0.42688512688512686
HER2ST::F	HER2ST_F1_CONTROLLED__reverse	reverse	1.0	0.25658343632739383	0.3910007121395516	0.4974349545778118
HER2ST::G	HER2ST_G2_CONTROLLED	forward	0.0	0.13645791221538808	0.18555367867867867	0.21613066464141775
HER2ST::G	HER2ST_G2_CONTROLLED	forward	0.5	0.17956005162523203	0.2710472972972973	0.2894211364030289
HER2ST::G	HER2ST_G2_CONTROLLED	forward	1.0	0.21527521616651157	0.31169857357357356	0.34876027318989283
HER2ST::G	HER2ST_G2_CONTROLLED__reverse	reverse	0.0	0.14442529660379005	0.1777275865232486	0.2521949840452641
HER2ST::G	HER2ST_G2_CONTROLLED__reverse	reverse	0.5	0.18410439294002537	0.2517621727239307	0.27359638907800454
HER2ST::G	HER2ST_G2_CONTROLLED__reverse	reverse	1.0	0.20953713634335713	0.2922378285820067	0.3430487708586292
HER2ST::H	HER2ST_H1_CONTROLLED	forward	0.0	0.10517817538235809	0.18863707031910915	0.17561602568901016
HER2ST::H	HER2ST_H1_CONTROLLED	forward	0.5	0.11288698026366673	0.19632290300494182	0.1797587720560997
HER2ST::H	HER2ST_H1_CONTROLLED	forward	1.0	0.12680169822298099	0.229960569545521	0.1443641662875887
HER2ST::H	HER2ST_H1_CONTROLLED__reverse	reverse	0.0	0.09900653892564493	0.15455646505510764	0.19766867911243055
HER2ST::H	HER2ST_H1_CONTROLLED__reverse	reverse	0.5	0.09308082239625909	0.20717497739375734	0.15923661461901498
HER2ST::H	HER2ST_H1_CONTROLLED__reverse	reverse	1.0	0.10193208434664254	0.19743076150933067	0.1741350170320469
