dataset	pair_id	pair_type	independent_unit_id	cohort_role	direction	pair_file_id	method	stage	arm	intervention	h	converged	iterations	seconds
spatialDLPFC	SDLPFC_Br2720_ANT_MID	within_donor_adjacent_position	spatialDLPFC::Br2720	primary_expansion	forward	SDLPFC_Br2720_ANT_MID	balanced_ot	base	BASE	NONE	0.0	True	200	8.303811499994481
spatialDLPFC	SDLPFC_Br2720_ANT_MID	within_donor_adjacent_position	spatialDLPFC::Br2720	primary_expansion	forward	SDLPFC_Br2720_ANT_MID	balanced_ot	finite_step	R	I_EXPR	0.00125	True	200	8.247423000007984
spatialDLPFC	SDLPFC_Br2720_ANT_MID	within_donor_adjacent_position	spatialDLPFC::Br2720	primary_expansion	forward	SDLPFC_Br2720_ANT_MID	balanced_ot	finite_step	R	I_EXPR	0.000625	True	200	8.203601300003356
spatialDLPFC	SDLPFC_Br2720_ANT_MID	within_donor_adjacent_position	spatialDLPFC::Br2720	primary_expansion	forward	SDLPFC_Br2720_ANT_MID	balanced_ot	finite_step	R	I_SPATIAL	0.00125	True	200	8.384129300000495
spatialDLPFC	SDLPFC_Br2720_ANT_MID	within_donor_adjacent_position	spatialDLPFC::Br2720	primary_expansion	forward	SDLPFC_Br2720_ANT_MID	balanced_ot	finite_step	R	I_SPATIAL	0.000625	True	200	8.330618000007235
spatialDLPFC	SDLPFC_Br2720_ANT_MID	within_donor_adjacent_position	spatialDLPFC::Br2720	primary_expansion	forward	SDLPFC_Br2720_ANT_MID	balanced_ot	finite_step	N	I_EXPR	0.00125	True	200	8.334741099999519
spatialDLPFC	SDLPFC_Br2720_ANT_MID	within_donor_adjacent_position	spatialDLPFC::Br2720	primary_expansion	forward	SDLPFC_Br2720_ANT_MID	balanced_ot	finite_step	N	I_EXPR	0.000625	True	200	8.361583200006862
spatialDLPFC	SDLPFC_Br2720_ANT_MID	within_donor_adjacent_position	spatialDLPFC::Br2720	primary_expansion	forward	SDLPFC_Br2720_ANT_MID	balanced_ot	finite_step	N	I_SPATIAL	0.00125	True	200	8.331516999998712
spatialDLPFC	SDLPFC_Br2720_ANT_MID	within_donor_adjacent_position	spatialDLPFC::Br2720	primary_expansion	forward	SDLPFC_Br2720_ANT_MID	balanced_ot	finite_step	N	I_SPATIAL	0.000625	True	200	8.385593900005915
spatialDLPFC	SDLPFC_Br2720_ANT_MID	within_donor_adjacent_position	spatialDLPFC::Br2720	primary_expansion	reverse	SDLPFC_Br2720_ANT_MID__reverse	balanced_ot	base	BASE	NONE	0.0	True	200	8.324196100002155
spatialDLPFC	SDLPFC_Br2720_ANT_MID	within_donor_adjacent_position	spatialDLPFC::Br2720	primary_expansion	reverse	SDLPFC_Br2720_ANT_MID__reverse	balanced_ot	finite_step	R	I_EXPR	0.00125	True	200	8.221013400005177
spatialDLPFC	SDLPFC_Br2720_ANT_MID	within_donor_adjacent_position	spatialDLPFC::Br2720	primary_expansion	reverse	SDLPFC_Br2720_ANT_MID__reverse	balanced_ot	finite_step	R	I_EXPR	0.000625	True	200	8.254362099993159
spatialDLPFC	SDLPFC_Br2720_ANT_MID	within_donor_adjacent_position	spatialDLPFC::Br2720	primary_expansion	reverse	SDLPFC_Br2720_ANT_MID__reverse	balanced_ot	finite_step	R	I_SPATIAL	0.00125	True	200	8.32448550000845
spatialDLPFC	SDLPFC_Br2720_ANT_MID	within_donor_adjacent_position	spatialDLPFC::Br2720	primary_expansion	reverse	SDLPFC_Br2720_ANT_MID__reverse	balanced_ot	finite_step	R	I_SPATIAL	0.000625	True	200	8.377777400004561
spatialDLPFC	SDLPFC_Br2720_ANT_MID	within_donor_adjacent_position	spatialDLPFC::Br2720	primary_expansion	reverse	SDLPFC_Br2720_ANT_MID__reverse	balanced_ot	finite_step	N	I_EXPR	0.00125	True	200	8.394964399994933
spatialDLPFC	SDLPFC_Br2720_ANT_MID	within_donor_adjacent_position	spatialDLPFC::Br2720	primary_expansion	reverse	SDLPFC_Br2720_ANT_MID__reverse	balanced_ot	finite_step	N	I_EXPR	0.000625	True	200	8.322433299996192
spatialDLPFC	SDLPFC_Br2720_ANT_MID	within_donor_adjacent_position	spatialDLPFC::Br2720	primary_expansion	reverse	SDLPFC_Br2720_ANT_MID__reverse	balanced_ot	finite_step	N	I_SPATIAL	0.00125	True	200	8.330955199999153
spatialDLPFC	SDLPFC_Br2720_ANT_MID	within_donor_adjacent_position	spatialDLPFC::Br2720	primary_expansion	reverse	SDLPFC_Br2720_ANT_MID__reverse	balanced_ot	finite_step	N	I_SPATIAL	0.000625	True	200	8.325055699999211
spatialDLPFC	SDLPFC_Br2743_ANT_MID	within_donor_adjacent_position	spatialDLPFC::Br2743	primary_expansion	reverse	SDLPFC_Br2743_ANT_MID__reverse	balanced_ot	base	BASE	NONE	0.0	True	200	8.200496199991903
spatialDLPFC	SDLPFC_Br2743_ANT_MID	within_donor_adjacent_position	spatialDLPFC::Br2743	primary_expansion	reverse	SDLPFC_Br2743_ANT_MID__reverse	balanced_ot	finite_step	R	I_EXPR	0.00125	True	200	8.352065300001414
spatialDLPFC	SDLPFC_Br2743_ANT_MID	within_donor_adjacent_position	spatialDLPFC::Br2743	primary_expansion	reverse	SDLPFC_Br2743_ANT_MID__reverse	balanced_ot	finite_step	R	I_EXPR	0.000625	True	200	8.278946199992788
spatialDLPFC	SDLPFC_Br2743_ANT_MID	within_donor_adjacent_position	spatialDLPFC::Br2743	primary_expansion	reverse	SDLPFC_Br2743_ANT_MID__reverse	balanced_ot	finite_step	R	I_SPATIAL	0.00125	True	200	8.385779999996885
spatialDLPFC	SDLPFC_Br2743_ANT_MID	within_donor_adjacent_position	spatialDLPFC::Br2743	primary_expansion	reverse	SDLPFC_Br2743_ANT_MID__reverse	balanced_ot	finite_step	R	I_SPATIAL	0.000625	True	200	8.398904999994556
spatialDLPFC	SDLPFC_Br2743_ANT_MID	within_donor_adjacent_position	spatialDLPFC::Br2743	primary_expansion	reverse	SDLPFC_Br2743_ANT_MID__reverse	balanced_ot	finite_step	N	I_EXPR	0.00125	True	200	8.368684500004747
spatialDLPFC	SDLPFC_Br2743_ANT_MID	within_donor_adjacent_position	spatialDLPFC::Br2743	primary_expansion	reverse	SDLPFC_Br2743_ANT_MID__reverse	balanced_ot	finite_step	N	I_EXPR	0.000625	True	200	8.208682400014368
spatialDLPFC	SDLPFC_Br2743_ANT_MID	within_donor_adjacent_position	spatialDLPFC::Br2743	primary_expansion	reverse	SDLPFC_Br2743_ANT_MID__reverse	balanced_ot	finite_step	N	I_SPATIAL	0.00125	True	200	8.259877699994831
spatialDLPFC	SDLPFC_Br2743_ANT_MID	within_donor_adjacent_position	spatialDLPFC::Br2743	primary_expansion	reverse	SDLPFC_Br2743_ANT_MID__reverse	balanced_ot	finite_step	N	I_SPATIAL	0.000625	True	200	8.442122000007657
spatialDLPFC	SDLPFC_Br2743_ANT_MID	within_donor_adjacent_position	spatialDLPFC::Br2743	primary_expansion	forward	SDLPFC_Br2743_ANT_MID	balanced_ot	base	BASE	NONE	0.0	True	200	8.30450739999651
spatialDLPFC	SDLPFC_Br2743_ANT_MID	within_donor_adjacent_position	spatialDLPFC::Br2743	primary_expansion	forward	SDLPFC_Br2743_ANT_MID	balanced_ot	finite_step	R	I_EXPR	0.00125	True	200	8.353458799989312
spatialDLPFC	SDLPFC_Br2743_ANT_MID	within_donor_adjacent_position	spatialDLPFC::Br2743	primary_expansion	forward	SDLPFC_Br2743_ANT_MID	balanced_ot	finite_step	R	I_EXPR	0.000625	True	200	8.450968300006934
spatialDLPFC	SDLPFC_Br2743_ANT_MID	within_donor_adjacent_position	spatialDLPFC::Br2743	primary_expansion	forward	SDLPFC_Br2743_ANT_MID	balanced_ot	finite_step	R	I_SPATIAL	0.00125	True	200	8.396384599996964
spatialDLPFC	SDLPFC_Br2743_ANT_MID	within_donor_adjacent_position	spatialDLPFC::Br2743	primary_expansion	forward	SDLPFC_Br2743_ANT_MID	balanced_ot	finite_step	R	I_SPATIAL	0.000625	True	200	8.380791499992483
spatialDLPFC	SDLPFC_Br2743_ANT_MID	within_donor_adjacent_position	spatialDLPFC::Br2743	primary_expansion	forward	SDLPFC_Br2743_ANT_MID	balanced_ot	finite_step	N	I_EXPR	0.00125	True	200	8.225048599997535
spatialDLPFC	SDLPFC_Br2743_ANT_MID	within_donor_adjacent_position	spatialDLPFC::Br2743	primary_expansion	forward	SDLPFC_Br2743_ANT_MID	balanced_ot	finite_step	N	I_EXPR	0.000625	True	200	8.246741799986921
spatialDLPFC	SDLPFC_Br2743_ANT_MID	within_donor_adjacent_position	spatialDLPFC::Br2743	primary_expansion	forward	SDLPFC_Br2743_ANT_MID	balanced_ot	finite_step	N	I_SPATIAL	0.00125	True	200	8.274293700000271
spatialDLPFC	SDLPFC_Br2743_ANT_MID	within_donor_adjacent_position	spatialDLPFC::Br2743	primary_expansion	forward	SDLPFC_Br2743_ANT_MID	balanced_ot	finite_step	N	I_SPATIAL	0.000625	True	200	8.430339400001685
spatialDLPFC	SDLPFC_Br3942_ANT_MID	within_donor_adjacent_position	spatialDLPFC::Br3942	primary_expansion	forward	SDLPFC_Br3942_ANT_MID	balanced_ot	base	BASE	NONE	0.0	True	200	8.369898799996008
spatialDLPFC	SDLPFC_Br3942_ANT_MID	within_donor_adjacent_position	spatialDLPFC::Br3942	primary_expansion	forward	SDLPFC_Br3942_ANT_MID	balanced_ot	finite_step	R	I_EXPR	0.00125	True	200	8.465558500000043
spatialDLPFC	SDLPFC_Br3942_ANT_MID	within_donor_adjacent_position	spatialDLPFC::Br3942	primary_expansion	forward	SDLPFC_Br3942_ANT_MID	balanced_ot	finite_step	R	I_EXPR	0.000625	True	200	8.591368800000055
spatialDLPFC	SDLPFC_Br3942_ANT_MID	within_donor_adjacent_position	spatialDLPFC::Br3942	primary_expansion	forward	SDLPFC_Br3942_ANT_MID	balanced_ot	finite_step	R	I_SPATIAL	0.00125	True	200	8.493413399992278
spatialDLPFC	SDLPFC_Br3942_ANT_MID	within_donor_adjacent_position	spatialDLPFC::Br3942	primary_expansion	forward	SDLPFC_Br3942_ANT_MID	balanced_ot	finite_step	R	I_SPATIAL	0.000625	True	200	8.29744190000929
spatialDLPFC	SDLPFC_Br3942_ANT_MID	within_donor_adjacent_position	spatialDLPFC::Br3942	primary_expansion	forward	SDLPFC_Br3942_ANT_MID	balanced_ot	finite_step	N	I_EXPR	0.00125	True	200	8.250490099992021
spatialDLPFC	SDLPFC_Br3942_ANT_MID	within_donor_adjacent_position	spatialDLPFC::Br3942	primary_expansion	forward	SDLPFC_Br3942_ANT_MID	balanced_ot	finite_step	N	I_EXPR	0.000625	True	200	8.357321100003901
spatialDLPFC	SDLPFC_Br3942_ANT_MID	within_donor_adjacent_position	spatialDLPFC::Br3942	primary_expansion	forward	SDLPFC_Br3942_ANT_MID	balanced_ot	finite_step	N	I_SPATIAL	0.00125	True	200	8.25777769999695
spatialDLPFC	SDLPFC_Br3942_ANT_MID	within_donor_adjacent_position	spatialDLPFC::Br3942	primary_expansion	forward	SDLPFC_Br3942_ANT_MID	balanced_ot	finite_step	N	I_SPATIAL	0.000625	True	200	8.223420299997088
spatialDLPFC	SDLPFC_Br3942_ANT_MID	within_donor_adjacent_position	spatialDLPFC::Br3942	primary_expansion	reverse	SDLPFC_Br3942_ANT_MID__reverse	balanced_ot	base	BASE	NONE	0.0	True	200	8.348765399990953
spatialDLPFC	SDLPFC_Br3942_ANT_MID	within_donor_adjacent_position	spatialDLPFC::Br3942	primary_expansion	reverse	SDLPFC_Br3942_ANT_MID__reverse	balanced_ot	finite_step	R	I_EXPR	0.00125	True	200	8.496988999992027
spatialDLPFC	SDLPFC_Br3942_ANT_MID	within_donor_adjacent_position	spatialDLPFC::Br3942	primary_expansion	reverse	SDLPFC_Br3942_ANT_MID__reverse	balanced_ot	finite_step	R	I_EXPR	0.000625	True	200	8.537385999996332
spatialDLPFC	SDLPFC_Br3942_ANT_MID	within_donor_adjacent_position	spatialDLPFC::Br3942	primary_expansion	reverse	SDLPFC_Br3942_ANT_MID__reverse	balanced_ot	finite_step	R	I_SPATIAL	0.00125	True	200	8.431981900008395
spatialDLPFC	SDLPFC_Br3942_ANT_MID	within_donor_adjacent_position	spatialDLPFC::Br3942	primary_expansion	reverse	SDLPFC_Br3942_ANT_MID__reverse	balanced_ot	finite_step	R	I_SPATIAL	0.000625	True	200	8.375439299998106
spatialDLPFC	SDLPFC_Br3942_ANT_MID	within_donor_adjacent_position	spatialDLPFC::Br3942	primary_expansion	reverse	SDLPFC_Br3942_ANT_MID__reverse	balanced_ot	finite_step	N	I_EXPR	0.00125	True	200	8.269367300003069
spatialDLPFC	SDLPFC_Br3942_ANT_MID	within_donor_adjacent_position	spatialDLPFC::Br3942	primary_expansion	reverse	SDLPFC_Br3942_ANT_MID__reverse	balanced_ot	finite_step	N	I_EXPR	0.000625	True	200	8.297450700003537
spatialDLPFC	SDLPFC_Br3942_ANT_MID	within_donor_adjacent_position	spatialDLPFC::Br3942	primary_expansion	reverse	SDLPFC_Br3942_ANT_MID__reverse	balanced_ot	finite_step	N	I_SPATIAL	0.00125	True	200	8.25089099998877
spatialDLPFC	SDLPFC_Br3942_ANT_MID	within_donor_adjacent_position	spatialDLPFC::Br3942	primary_expansion	reverse	SDLPFC_Br3942_ANT_MID__reverse	balanced_ot	finite_step	N	I_SPATIAL	0.000625	True	200	8.261739299996407
HER2ST_manual_controlled	HER2ST_A1_CONTROLLED	within_section_controlled_combined	HER2ST::A	manual_truth_controlled	forward	HER2ST_A1_CONTROLLED	balanced_ot	base	BASE	NONE	0.0	True	200	0.20476520000374876
HER2ST_manual_controlled	HER2ST_A1_CONTROLLED	within_section_controlled_combined	HER2ST::A	manual_truth_controlled	forward	HER2ST_A1_CONTROLLED	balanced_ot	finite_step	R	I_EXPR	0.00125	True	200	0.20380059999297373
HER2ST_manual_controlled	HER2ST_A1_CONTROLLED	within_section_controlled_combined	HER2ST::A	manual_truth_controlled	forward	HER2ST_A1_CONTROLLED	balanced_ot	finite_step	R	I_EXPR	0.000625	True	200	0.3823530999943614
HER2ST_manual_controlled	HER2ST_A1_CONTROLLED	within_section_controlled_combined	HER2ST::A	manual_truth_controlled	forward	HER2ST_A1_CONTROLLED	balanced_ot	finite_step	R	I_SPATIAL	0.00125	True	200	0.1848632000037469
HER2ST_manual_controlled	HER2ST_A1_CONTROLLED	within_section_controlled_combined	HER2ST::A	manual_truth_controlled	forward	HER2ST_A1_CONTROLLED	balanced_ot	finite_step	R	I_SPATIAL	0.000625	True	200	0.18993730000511277
HER2ST_manual_controlled	HER2ST_A1_CONTROLLED	within_section_controlled_combined	HER2ST::A	manual_truth_controlled	forward	HER2ST_A1_CONTROLLED	balanced_ot	finite_step	N	I_EXPR	0.00125	True	200	0.17918650001229253
HER2ST_manual_controlled	HER2ST_A1_CONTROLLED	within_section_controlled_combined	HER2ST::A	manual_truth_controlled	forward	HER2ST_A1_CONTROLLED	balanced_ot	finite_step	N	I_EXPR	0.000625	True	200	0.36780009999347385
HER2ST_manual_controlled	HER2ST_A1_CONTROLLED	within_section_controlled_combined	HER2ST::A	manual_truth_controlled	forward	HER2ST_A1_CONTROLLED	balanced_ot	finite_step	N	I_SPATIAL	0.00125	True	200	0.18983030000526924
HER2ST_manual_controlled	HER2ST_A1_CONTROLLED	within_section_controlled_combined	HER2ST::A	manual_truth_controlled	forward	HER2ST_A1_CONTROLLED	balanced_ot	finite_step	N	I_SPATIAL	0.000625	True	200	0.3682143000041833
HER2ST_manual_controlled	HER2ST_A1_CONTROLLED	within_section_controlled_combined	HER2ST::A	manual_truth_controlled	reverse	HER2ST_A1_CONTROLLED__reverse	balanced_ot	base	BASE	NONE	0.0	True	200	0.38723839999875054
HER2ST_manual_controlled	HER2ST_A1_CONTROLLED	within_section_controlled_combined	HER2ST::A	manual_truth_controlled	reverse	HER2ST_A1_CONTROLLED__reverse	balanced_ot	finite_step	R	I_EXPR	0.00125	True	200	0.17468830000143498
HER2ST_manual_controlled	HER2ST_A1_CONTROLLED	within_section_controlled_combined	HER2ST::A	manual_truth_controlled	reverse	HER2ST_A1_CONTROLLED__reverse	balanced_ot	finite_step	R	I_EXPR	0.000625	True	200	0.18331539999053348
HER2ST_manual_controlled	HER2ST_A1_CONTROLLED	within_section_controlled_combined	HER2ST::A	manual_truth_controlled	reverse	HER2ST_A1_CONTROLLED__reverse	balanced_ot	finite_step	R	I_SPATIAL	0.00125	True	200	0.1846881000092253
HER2ST_manual_controlled	HER2ST_A1_CONTROLLED	within_section_controlled_combined	HER2ST::A	manual_truth_controlled	reverse	HER2ST_A1_CONTROLLED__reverse	balanced_ot	finite_step	R	I_SPATIAL	0.000625	True	200	0.3721656999987317
HER2ST_manual_controlled	HER2ST_A1_CONTROLLED	within_section_controlled_combined	HER2ST::A	manual_truth_controlled	reverse	HER2ST_A1_CONTROLLED__reverse	balanced_ot	finite_step	N	I_EXPR	0.00125	True	200	0.18646810000063851
HER2ST_manual_controlled	HER2ST_A1_CONTROLLED	within_section_controlled_combined	HER2ST::A	manual_truth_controlled	reverse	HER2ST_A1_CONTROLLED__reverse	balanced_ot	finite_step	N	I_EXPR	0.000625	True	200	0.17917279999528546
HER2ST_manual_controlled	HER2ST_A1_CONTROLLED	within_section_controlled_combined	HER2ST::A	manual_truth_controlled	reverse	HER2ST_A1_CONTROLLED__reverse	balanced_ot	finite_step	N	I_SPATIAL	0.00125	True	200	0.18586990000039805
HER2ST_manual_controlled	HER2ST_A1_CONTROLLED	within_section_controlled_combined	HER2ST::A	manual_truth_controlled	reverse	HER2ST_A1_CONTROLLED__reverse	balanced_ot	finite_step	N	I_SPATIAL	0.000625	True	200	0.36835879999853205
HER2ST_manual_controlled	HER2ST_B1_CONTROLLED	within_section_controlled_combined	HER2ST::B	manual_truth_controlled	forward	HER2ST_B1_CONTROLLED	balanced_ot	base	BASE	NONE	0.0	True	200	0.11719269999593962
HER2ST_manual_controlled	HER2ST_B1_CONTROLLED	within_section_controlled_combined	HER2ST::B	manual_truth_controlled	forward	HER2ST_B1_CONTROLLED	balanced_ot	finite_step	R	I_EXPR	0.00125	True	200	0.12274900000193156
HER2ST_manual_controlled	HER2ST_B1_CONTROLLED	within_section_controlled_combined	HER2ST::B	manual_truth_controlled	forward	HER2ST_B1_CONTROLLED	balanced_ot	finite_step	R	I_EXPR	0.000625	True	200	0.11714899999788031
HER2ST_manual_controlled	HER2ST_B1_CONTROLLED	within_section_controlled_combined	HER2ST::B	manual_truth_controlled	forward	HER2ST_B1_CONTROLLED	balanced_ot	finite_step	R	I_SPATIAL	0.00125	True	200	0.11792449999484234
HER2ST_manual_controlled	HER2ST_B1_CONTROLLED	within_section_controlled_combined	HER2ST::B	manual_truth_controlled	forward	HER2ST_B1_CONTROLLED	balanced_ot	finite_step	R	I_SPATIAL	0.000625	True	200	0.13680130000284407
HER2ST_manual_controlled	HER2ST_B1_CONTROLLED	within_section_controlled_combined	HER2ST::B	manual_truth_controlled	forward	HER2ST_B1_CONTROLLED	balanced_ot	finite_step	N	I_EXPR	0.00125	True	200	0.11686090000148397
HER2ST_manual_controlled	HER2ST_B1_CONTROLLED	within_section_controlled_combined	HER2ST::B	manual_truth_controlled	forward	HER2ST_B1_CONTROLLED	balanced_ot	finite_step	N	I_EXPR	0.000625	True	200	0.11629270001139957
HER2ST_manual_controlled	HER2ST_B1_CONTROLLED	within_section_controlled_combined	HER2ST::B	manual_truth_controlled	forward	HER2ST_B1_CONTROLLED	balanced_ot	finite_step	N	I_SPATIAL	0.00125	True	200	0.12341740001284052
HER2ST_manual_controlled	HER2ST_B1_CONTROLLED	within_section_controlled_combined	HER2ST::B	manual_truth_controlled	forward	HER2ST_B1_CONTROLLED	balanced_ot	finite_step	N	I_SPATIAL	0.000625	True	200	0.1381070999923395
HER2ST_manual_controlled	HER2ST_B1_CONTROLLED	within_section_controlled_combined	HER2ST::B	manual_truth_controlled	reverse	HER2ST_B1_CONTROLLED__reverse	balanced_ot	base	BASE	NONE	0.0	True	200	0.12818979998701252
HER2ST_manual_controlled	HER2ST_B1_CONTROLLED	within_section_controlled_combined	HER2ST::B	manual_truth_controlled	reverse	HER2ST_B1_CONTROLLED__reverse	balanced_ot	finite_step	R	I_EXPR	0.00125	True	200	0.11745910000172444
HER2ST_manual_controlled	HER2ST_B1_CONTROLLED	within_section_controlled_combined	HER2ST::B	manual_truth_controlled	reverse	HER2ST_B1_CONTROLLED__reverse	balanced_ot	finite_step	R	I_EXPR	0.000625	True	200	0.11615560000063851
HER2ST_manual_controlled	HER2ST_B1_CONTROLLED	within_section_controlled_combined	HER2ST::B	manual_truth_controlled	reverse	HER2ST_B1_CONTROLLED__reverse	balanced_ot	finite_step	R	I_SPATIAL	0.00125	True	200	0.1164003000012599
HER2ST_manual_controlled	HER2ST_B1_CONTROLLED	within_section_controlled_combined	HER2ST::B	manual_truth_controlled	reverse	HER2ST_B1_CONTROLLED__reverse	balanced_ot	finite_step	R	I_SPATIAL	0.000625	True	200	0.11499450000701472
HER2ST_manual_controlled	HER2ST_B1_CONTROLLED	within_section_controlled_combined	HER2ST::B	manual_truth_controlled	reverse	HER2ST_B1_CONTROLLED__reverse	balanced_ot	finite_step	N	I_EXPR	0.00125	True	200	0.11557969999557827
HER2ST_manual_controlled	HER2ST_B1_CONTROLLED	within_section_controlled_combined	HER2ST::B	manual_truth_controlled	reverse	HER2ST_B1_CONTROLLED__reverse	balanced_ot	finite_step	N	I_EXPR	0.000625	True	200	0.11460270000679884
HER2ST_manual_controlled	HER2ST_B1_CONTROLLED	within_section_controlled_combined	HER2ST::B	manual_truth_controlled	reverse	HER2ST_B1_CONTROLLED__reverse	balanced_ot	finite_step	N	I_SPATIAL	0.00125	True	200	0.12306879999232478
HER2ST_manual_controlled	HER2ST_B1_CONTROLLED	within_section_controlled_combined	HER2ST::B	manual_truth_controlled	reverse	HER2ST_B1_CONTROLLED__reverse	balanced_ot	finite_step	N	I_SPATIAL	0.000625	True	200	0.13613919999625068
HER2ST_manual_controlled	HER2ST_C1_CONTROLLED	within_section_controlled_combined	HER2ST::C	manual_truth_controlled	forward	HER2ST_C1_CONTROLLED	balanced_ot	base	BASE	NONE	0.0	True	200	0.05277139999088831
HER2ST_manual_controlled	HER2ST_C1_CONTROLLED	within_section_controlled_combined	HER2ST::C	manual_truth_controlled	forward	HER2ST_C1_CONTROLLED	balanced_ot	finite_step	R	I_EXPR	0.00125	True	200	0.054035399996791966
HER2ST_manual_controlled	HER2ST_C1_CONTROLLED	within_section_controlled_combined	HER2ST::C	manual_truth_controlled	forward	HER2ST_C1_CONTROLLED	balanced_ot	finite_step	R	I_EXPR	0.000625	True	200	0.05400319999898784
HER2ST_manual_controlled	HER2ST_C1_CONTROLLED	within_section_controlled_combined	HER2ST::C	manual_truth_controlled	forward	HER2ST_C1_CONTROLLED	balanced_ot	finite_step	R	I_SPATIAL	0.00125	True	200	0.055273500009207055
HER2ST_manual_controlled	HER2ST_C1_CONTROLLED	within_section_controlled_combined	HER2ST::C	manual_truth_controlled	forward	HER2ST_C1_CONTROLLED	balanced_ot	finite_step	R	I_SPATIAL	0.000625	True	200	0.0528867000102764
HER2ST_manual_controlled	HER2ST_C1_CONTROLLED	within_section_controlled_combined	HER2ST::C	manual_truth_controlled	forward	HER2ST_C1_CONTROLLED	balanced_ot	finite_step	N	I_EXPR	0.00125	True	200	0.05369099999370519
HER2ST_manual_controlled	HER2ST_C1_CONTROLLED	within_section_controlled_combined	HER2ST::C	manual_truth_controlled	forward	HER2ST_C1_CONTROLLED	balanced_ot	finite_step	N	I_EXPR	0.000625	True	200	0.05234249999921303
HER2ST_manual_controlled	HER2ST_C1_CONTROLLED	within_section_controlled_combined	HER2ST::C	manual_truth_controlled	forward	HER2ST_C1_CONTROLLED	balanced_ot	finite_step	N	I_SPATIAL	0.00125	True	200	0.05377800000132993
HER2ST_manual_controlled	HER2ST_C1_CONTROLLED	within_section_controlled_combined	HER2ST::C	manual_truth_controlled	forward	HER2ST_C1_CONTROLLED	balanced_ot	finite_step	N	I_SPATIAL	0.000625	True	200	0.0522969000012381
HER2ST_manual_controlled	HER2ST_C1_CONTROLLED	within_section_controlled_combined	HER2ST::C	manual_truth_controlled	reverse	HER2ST_C1_CONTROLLED__reverse	balanced_ot	base	BASE	NONE	0.0	True	200	0.05312519999279175
HER2ST_manual_controlled	HER2ST_C1_CONTROLLED	within_section_controlled_combined	HER2ST::C	manual_truth_controlled	reverse	HER2ST_C1_CONTROLLED__reverse	balanced_ot	finite_step	R	I_EXPR	0.00125	True	200	0.05353079999622423
HER2ST_manual_controlled	HER2ST_C1_CONTROLLED	within_section_controlled_combined	HER2ST::C	manual_truth_controlled	reverse	HER2ST_C1_CONTROLLED__reverse	balanced_ot	finite_step	R	I_EXPR	0.000625	True	200	0.054814300005091354
HER2ST_manual_controlled	HER2ST_C1_CONTROLLED	within_section_controlled_combined	HER2ST::C	manual_truth_controlled	reverse	HER2ST_C1_CONTROLLED__reverse	balanced_ot	finite_step	R	I_SPATIAL	0.00125	True	200	0.053451200001291
HER2ST_manual_controlled	HER2ST_C1_CONTROLLED	within_section_controlled_combined	HER2ST::C	manual_truth_controlled	reverse	HER2ST_C1_CONTROLLED__reverse	balanced_ot	finite_step	R	I_SPATIAL	0.000625	True	200	0.05122720000508707
HER2ST_manual_controlled	HER2ST_C1_CONTROLLED	within_section_controlled_combined	HER2ST::C	manual_truth_controlled	reverse	HER2ST_C1_CONTROLLED__reverse	balanced_ot	finite_step	N	I_EXPR	0.00125	True	200	0.05197859999316279
HER2ST_manual_controlled	HER2ST_C1_CONTROLLED	within_section_controlled_combined	HER2ST::C	manual_truth_controlled	reverse	HER2ST_C1_CONTROLLED__reverse	balanced_ot	finite_step	N	I_EXPR	0.000625	True	200	0.05448700000124518
HER2ST_manual_controlled	HER2ST_C1_CONTROLLED	within_section_controlled_combined	HER2ST::C	manual_truth_controlled	reverse	HER2ST_C1_CONTROLLED__reverse	balanced_ot	finite_step	N	I_SPATIAL	0.00125	True	200	0.05249049999110866
HER2ST_manual_controlled	HER2ST_C1_CONTROLLED	within_section_controlled_combined	HER2ST::C	manual_truth_controlled	reverse	HER2ST_C1_CONTROLLED__reverse	balanced_ot	finite_step	N	I_SPATIAL	0.000625	True	200	0.05170630000066012
Stereo-seq	ST_DEV_E11_5_E12_5	cross_stage	Stereo-seq::shared_developmental_series	legacy_replication	forward	ST_DEV_E11_5_E12_5	balanced_ot	base	BASE	NONE	0.0	True	200	8.327674100000877
Stereo-seq	ST_DEV_E11_5_E12_5	cross_stage	Stereo-seq::shared_developmental_series	legacy_replication	forward	ST_DEV_E11_5_E12_5	balanced_ot	finite_step	R	I_EXPR	0.00125	True	200	8.349809500010451
Stereo-seq	ST_DEV_E11_5_E12_5	cross_stage	Stereo-seq::shared_developmental_series	legacy_replication	forward	ST_DEV_E11_5_E12_5	balanced_ot	finite_step	R	I_EXPR	0.000625	True	200	8.508745899991482
Stereo-seq	ST_DEV_E11_5_E12_5	cross_stage	Stereo-seq::shared_developmental_series	legacy_replication	forward	ST_DEV_E11_5_E12_5	balanced_ot	finite_step	R	I_SPATIAL	0.00125	True	200	8.551975900001707
Stereo-seq	ST_DEV_E11_5_E12_5	cross_stage	Stereo-seq::shared_developmental_series	legacy_replication	forward	ST_DEV_E11_5_E12_5	balanced_ot	finite_step	R	I_SPATIAL	0.000625	True	200	8.347398199999589
Stereo-seq	ST_DEV_E11_5_E12_5	cross_stage	Stereo-seq::shared_developmental_series	legacy_replication	forward	ST_DEV_E11_5_E12_5	balanced_ot	finite_step	N	I_EXPR	0.00125	True	200	8.361350900013349
Stereo-seq	ST_DEV_E11_5_E12_5	cross_stage	Stereo-seq::shared_developmental_series	legacy_replication	forward	ST_DEV_E11_5_E12_5	balanced_ot	finite_step	N	I_EXPR	0.000625	True	200	8.302132900003926
Stereo-seq	ST_DEV_E11_5_E12_5	cross_stage	Stereo-seq::shared_developmental_series	legacy_replication	forward	ST_DEV_E11_5_E12_5	balanced_ot	finite_step	N	I_SPATIAL	0.00125	True	200	8.287421299988637
Stereo-seq	ST_DEV_E11_5_E12_5	cross_stage	Stereo-seq::shared_developmental_series	legacy_replication	forward	ST_DEV_E11_5_E12_5	balanced_ot	finite_step	N	I_SPATIAL	0.000625	True	200	8.267559700005222
Stereo-seq	ST_DEV_E11_5_E12_5	cross_stage	Stereo-seq::shared_developmental_series	legacy_replication	reverse	ST_DEV_E11_5_E12_5__reverse	balanced_ot	base	BASE	NONE	0.0	True	200	8.325813799994648
Stereo-seq	ST_DEV_E11_5_E12_5	cross_stage	Stereo-seq::shared_developmental_series	legacy_replication	reverse	ST_DEV_E11_5_E12_5__reverse	balanced_ot	finite_step	R	I_EXPR	0.00125	True	200	8.399749600008363
Stereo-seq	ST_DEV_E11_5_E12_5	cross_stage	Stereo-seq::shared_developmental_series	legacy_replication	reverse	ST_DEV_E11_5_E12_5__reverse	balanced_ot	finite_step	R	I_EXPR	0.000625	True	200	8.532961699995212
Stereo-seq	ST_DEV_E11_5_E12_5	cross_stage	Stereo-seq::shared_developmental_series	legacy_replication	reverse	ST_DEV_E11_5_E12_5__reverse	balanced_ot	finite_step	R	I_SPATIAL	0.00125	True	200	8.563910700002452
Stereo-seq	ST_DEV_E11_5_E12_5	cross_stage	Stereo-seq::shared_developmental_series	legacy_replication	reverse	ST_DEV_E11_5_E12_5__reverse	balanced_ot	finite_step	R	I_SPATIAL	0.000625	True	200	8.307448799998383
Stereo-seq	ST_DEV_E11_5_E12_5	cross_stage	Stereo-seq::shared_developmental_series	legacy_replication	reverse	ST_DEV_E11_5_E12_5__reverse	balanced_ot	finite_step	N	I_EXPR	0.00125	True	200	8.407565599991358
Stereo-seq	ST_DEV_E11_5_E12_5	cross_stage	Stereo-seq::shared_developmental_series	legacy_replication	reverse	ST_DEV_E11_5_E12_5__reverse	balanced_ot	finite_step	N	I_EXPR	0.000625	True	200	8.329019299999345
Stereo-seq	ST_DEV_E11_5_E12_5	cross_stage	Stereo-seq::shared_developmental_series	legacy_replication	reverse	ST_DEV_E11_5_E12_5__reverse	balanced_ot	finite_step	N	I_SPATIAL	0.00125	True	200	8.287121400004253
Stereo-seq	ST_DEV_E11_5_E12_5	cross_stage	Stereo-seq::shared_developmental_series	legacy_replication	reverse	ST_DEV_E11_5_E12_5__reverse	balanced_ot	finite_step	N	I_SPATIAL	0.000625	True	200	8.225375400012126
Stereo-seq	ST_DEV_E12_5_E13_5	cross_stage	Stereo-seq::shared_developmental_series	legacy_replication	reverse	ST_DEV_E12_5_E13_5__reverse	balanced_ot	base	BASE	NONE	0.0	True	200	8.229966799990507
Stereo-seq	ST_DEV_E12_5_E13_5	cross_stage	Stereo-seq::shared_developmental_series	legacy_replication	reverse	ST_DEV_E12_5_E13_5__reverse	balanced_ot	finite_step	R	I_EXPR	0.00125	True	200	8.289729700001772
Stereo-seq	ST_DEV_E12_5_E13_5	cross_stage	Stereo-seq::shared_developmental_series	legacy_replication	reverse	ST_DEV_E12_5_E13_5__reverse	balanced_ot	finite_step	R	I_EXPR	0.000625	True	200	8.286470099992584
Stereo-seq	ST_DEV_E12_5_E13_5	cross_stage	Stereo-seq::shared_developmental_series	legacy_replication	reverse	ST_DEV_E12_5_E13_5__reverse	balanced_ot	finite_step	R	I_SPATIAL	0.00125	True	200	8.306928699996206
Stereo-seq	ST_DEV_E12_5_E13_5	cross_stage	Stereo-seq::shared_developmental_series	legacy_replication	reverse	ST_DEV_E12_5_E13_5__reverse	balanced_ot	finite_step	R	I_SPATIAL	0.000625	True	200	8.275837000008323
Stereo-seq	ST_DEV_E12_5_E13_5	cross_stage	Stereo-seq::shared_developmental_series	legacy_replication	reverse	ST_DEV_E12_5_E13_5__reverse	balanced_ot	finite_step	N	I_EXPR	0.00125	True	200	8.301330200003576
Stereo-seq	ST_DEV_E12_5_E13_5	cross_stage	Stereo-seq::shared_developmental_series	legacy_replication	reverse	ST_DEV_E12_5_E13_5__reverse	balanced_ot	finite_step	N	I_EXPR	0.000625	True	200	8.333071399989421
Stereo-seq	ST_DEV_E12_5_E13_5	cross_stage	Stereo-seq::shared_developmental_series	legacy_replication	reverse	ST_DEV_E12_5_E13_5__reverse	balanced_ot	finite_step	N	I_SPATIAL	0.00125	True	200	8.215065899988986
Stereo-seq	ST_DEV_E12_5_E13_5	cross_stage	Stereo-seq::shared_developmental_series	legacy_replication	reverse	ST_DEV_E12_5_E13_5__reverse	balanced_ot	finite_step	N	I_SPATIAL	0.000625	True	200	8.306226899992907
Stereo-seq	ST_DEV_E12_5_E13_5	cross_stage	Stereo-seq::shared_developmental_series	legacy_replication	forward	ST_DEV_E12_5_E13_5	balanced_ot	base	BASE	NONE	0.0	True	200	8.297261799991247
Stereo-seq	ST_DEV_E12_5_E13_5	cross_stage	Stereo-seq::shared_developmental_series	legacy_replication	forward	ST_DEV_E12_5_E13_5	balanced_ot	finite_step	R	I_EXPR	0.00125	True	200	8.325001099990914
Stereo-seq	ST_DEV_E12_5_E13_5	cross_stage	Stereo-seq::shared_developmental_series	legacy_replication	forward	ST_DEV_E12_5_E13_5	balanced_ot	finite_step	R	I_EXPR	0.000625	True	200	8.225977100009914
Stereo-seq	ST_DEV_E12_5_E13_5	cross_stage	Stereo-seq::shared_developmental_series	legacy_replication	forward	ST_DEV_E12_5_E13_5	balanced_ot	finite_step	R	I_SPATIAL	0.00125	True	200	8.26461310000741
Stereo-seq	ST_DEV_E12_5_E13_5	cross_stage	Stereo-seq::shared_developmental_series	legacy_replication	forward	ST_DEV_E12_5_E13_5	balanced_ot	finite_step	R	I_SPATIAL	0.000625	True	200	8.285029199993005
Stereo-seq	ST_DEV_E12_5_E13_5	cross_stage	Stereo-seq::shared_developmental_series	legacy_replication	forward	ST_DEV_E12_5_E13_5	balanced_ot	finite_step	N	I_EXPR	0.00125	True	200	8.37573159999738
Stereo-seq	ST_DEV_E12_5_E13_5	cross_stage	Stereo-seq::shared_developmental_series	legacy_replication	forward	ST_DEV_E12_5_E13_5	balanced_ot	finite_step	N	I_EXPR	0.000625	True	200	8.371226999995997
Stereo-seq	ST_DEV_E12_5_E13_5	cross_stage	Stereo-seq::shared_developmental_series	legacy_replication	forward	ST_DEV_E12_5_E13_5	balanced_ot	finite_step	N	I_SPATIAL	0.00125	True	200	8.24739820000832
Stereo-seq	ST_DEV_E12_5_E13_5	cross_stage	Stereo-seq::shared_developmental_series	legacy_replication	forward	ST_DEV_E12_5_E13_5	balanced_ot	finite_step	N	I_SPATIAL	0.000625	True	200	8.288247399992542
Stereo-seq	ST_DEV_E13_5_E14_5	cross_stage	Stereo-seq::shared_developmental_series	legacy_replication	forward	ST_DEV_E13_5_E14_5	balanced_ot	base	BASE	NONE	0.0	True	200	8.297350299995742
Stereo-seq	ST_DEV_E13_5_E14_5	cross_stage	Stereo-seq::shared_developmental_series	legacy_replication	forward	ST_DEV_E13_5_E14_5	balanced_ot	finite_step	R	I_EXPR	0.00125	True	200	8.296488500011037
Stereo-seq	ST_DEV_E13_5_E14_5	cross_stage	Stereo-seq::shared_developmental_series	legacy_replication	forward	ST_DEV_E13_5_E14_5	balanced_ot	finite_step	R	I_EXPR	0.000625	True	200	8.282886000000872
Stereo-seq	ST_DEV_E13_5_E14_5	cross_stage	Stereo-seq::shared_developmental_series	legacy_replication	forward	ST_DEV_E13_5_E14_5	balanced_ot	finite_step	R	I_SPATIAL	0.00125	True	200	8.254678100012825
Stereo-seq	ST_DEV_E13_5_E14_5	cross_stage	Stereo-seq::shared_developmental_series	legacy_replication	forward	ST_DEV_E13_5_E14_5	balanced_ot	finite_step	R	I_SPATIAL	0.000625	True	200	8.22713549999753
Stereo-seq	ST_DEV_E13_5_E14_5	cross_stage	Stereo-seq::shared_developmental_series	legacy_replication	forward	ST_DEV_E13_5_E14_5	balanced_ot	finite_step	N	I_EXPR	0.00125	True	200	8.217086499993457
Stereo-seq	ST_DEV_E13_5_E14_5	cross_stage	Stereo-seq::shared_developmental_series	legacy_replication	forward	ST_DEV_E13_5_E14_5	balanced_ot	finite_step	N	I_EXPR	0.000625	True	200	8.355813300004229
Stereo-seq	ST_DEV_E13_5_E14_5	cross_stage	Stereo-seq::shared_developmental_series	legacy_replication	forward	ST_DEV_E13_5_E14_5	balanced_ot	finite_step	N	I_SPATIAL	0.00125	True	200	8.34261150000384
Stereo-seq	ST_DEV_E13_5_E14_5	cross_stage	Stereo-seq::shared_developmental_series	legacy_replication	forward	ST_DEV_E13_5_E14_5	balanced_ot	finite_step	N	I_SPATIAL	0.000625	True	200	8.257165699993493
Stereo-seq	ST_DEV_E13_5_E14_5	cross_stage	Stereo-seq::shared_developmental_series	legacy_replication	reverse	ST_DEV_E13_5_E14_5__reverse	balanced_ot	base	BASE	NONE	0.0	True	200	8.248998900002334
Stereo-seq	ST_DEV_E13_5_E14_5	cross_stage	Stereo-seq::shared_developmental_series	legacy_replication	reverse	ST_DEV_E13_5_E14_5__reverse	balanced_ot	finite_step	R	I_EXPR	0.00125	True	200	8.329187399998773
Stereo-seq	ST_DEV_E13_5_E14_5	cross_stage	Stereo-seq::shared_developmental_series	legacy_replication	reverse	ST_DEV_E13_5_E14_5__reverse	balanced_ot	finite_step	R	I_EXPR	0.000625	True	200	8.294060000000172
Stereo-seq	ST_DEV_E13_5_E14_5	cross_stage	Stereo-seq::shared_developmental_series	legacy_replication	reverse	ST_DEV_E13_5_E14_5__reverse	balanced_ot	finite_step	R	I_SPATIAL	0.00125	True	200	8.278399000002537
Stereo-seq	ST_DEV_E13_5_E14_5	cross_stage	Stereo-seq::shared_developmental_series	legacy_replication	reverse	ST_DEV_E13_5_E14_5__reverse	balanced_ot	finite_step	R	I_SPATIAL	0.000625	True	200	8.240530899987789
Stereo-seq	ST_DEV_E13_5_E14_5	cross_stage	Stereo-seq::shared_developmental_series	legacy_replication	reverse	ST_DEV_E13_5_E14_5__reverse	balanced_ot	finite_step	N	I_EXPR	0.00125	True	200	8.236044399993261
Stereo-seq	ST_DEV_E13_5_E14_5	cross_stage	Stereo-seq::shared_developmental_series	legacy_replication	reverse	ST_DEV_E13_5_E14_5__reverse	balanced_ot	finite_step	N	I_EXPR	0.000625	True	200	8.376844500002335
Stereo-seq	ST_DEV_E13_5_E14_5	cross_stage	Stereo-seq::shared_developmental_series	legacy_replication	reverse	ST_DEV_E13_5_E14_5__reverse	balanced_ot	finite_step	N	I_SPATIAL	0.00125	True	200	8.339086000007228
Stereo-seq	ST_DEV_E13_5_E14_5	cross_stage	Stereo-seq::shared_developmental_series	legacy_replication	reverse	ST_DEV_E13_5_E14_5__reverse	balanced_ot	finite_step	N	I_SPATIAL	0.000625	True	200	8.271801499999128
Stereo-seq	ST_DEV_E14_5_E15_5	cross_stage	Stereo-seq::shared_developmental_series	legacy_replication	forward	ST_DEV_E14_5_E15_5	balanced_ot	base	BASE	NONE	0.0	True	200	8.24641540000448
Stereo-seq	ST_DEV_E14_5_E15_5	cross_stage	Stereo-seq::shared_developmental_series	legacy_replication	forward	ST_DEV_E14_5_E15_5	balanced_ot	finite_step	R	I_EXPR	0.00125	True	200	8.280348899992532
Stereo-seq	ST_DEV_E14_5_E15_5	cross_stage	Stereo-seq::shared_developmental_series	legacy_replication	forward	ST_DEV_E14_5_E15_5	balanced_ot	finite_step	R	I_EXPR	0.000625	True	200	8.28820560000895
Stereo-seq	ST_DEV_E14_5_E15_5	cross_stage	Stereo-seq::shared_developmental_series	legacy_replication	forward	ST_DEV_E14_5_E15_5	balanced_ot	finite_step	R	I_SPATIAL	0.00125	True	200	8.308106299999054
Stereo-seq	ST_DEV_E14_5_E15_5	cross_stage	Stereo-seq::shared_developmental_series	legacy_replication	forward	ST_DEV_E14_5_E15_5	balanced_ot	finite_step	R	I_SPATIAL	0.000625	True	200	8.212767100005294
Stereo-seq	ST_DEV_E14_5_E15_5	cross_stage	Stereo-seq::shared_developmental_series	legacy_replication	forward	ST_DEV_E14_5_E15_5	balanced_ot	finite_step	N	I_EXPR	0.00125	True	200	8.40783250000095
Stereo-seq	ST_DEV_E14_5_E15_5	cross_stage	Stereo-seq::shared_developmental_series	legacy_replication	forward	ST_DEV_E14_5_E15_5	balanced_ot	finite_step	N	I_EXPR	0.000625	True	200	8.219056600006297
Stereo-seq	ST_DEV_E14_5_E15_5	cross_stage	Stereo-seq::shared_developmental_series	legacy_replication	forward	ST_DEV_E14_5_E15_5	balanced_ot	finite_step	N	I_SPATIAL	0.00125	True	200	8.304240199999185
Stereo-seq	ST_DEV_E14_5_E15_5	cross_stage	Stereo-seq::shared_developmental_series	legacy_replication	forward	ST_DEV_E14_5_E15_5	balanced_ot	finite_step	N	I_SPATIAL	0.000625	True	200	8.20368029999372
Stereo-seq	ST_DEV_E14_5_E15_5	cross_stage	Stereo-seq::shared_developmental_series	legacy_replication	reverse	ST_DEV_E14_5_E15_5__reverse	balanced_ot	base	BASE	NONE	0.0	True	200	8.292224400007399
Stereo-seq	ST_DEV_E14_5_E15_5	cross_stage	Stereo-seq::shared_developmental_series	legacy_replication	reverse	ST_DEV_E14_5_E15_5__reverse	balanced_ot	finite_step	R	I_EXPR	0.00125	True	200	8.328438600001391
Stereo-seq	ST_DEV_E14_5_E15_5	cross_stage	Stereo-seq::shared_developmental_series	legacy_replication	reverse	ST_DEV_E14_5_E15_5__reverse	balanced_ot	finite_step	R	I_EXPR	0.000625	True	200	8.222881100009545
Stereo-seq	ST_DEV_E14_5_E15_5	cross_stage	Stereo-seq::shared_developmental_series	legacy_replication	reverse	ST_DEV_E14_5_E15_5__reverse	balanced_ot	finite_step	R	I_SPATIAL	0.00125	True	200	8.261505300004501
Stereo-seq	ST_DEV_E14_5_E15_5	cross_stage	Stereo-seq::shared_developmental_series	legacy_replication	reverse	ST_DEV_E14_5_E15_5__reverse	balanced_ot	finite_step	R	I_SPATIAL	0.000625	True	200	8.227898600001936
Stereo-seq	ST_DEV_E14_5_E15_5	cross_stage	Stereo-seq::shared_developmental_series	legacy_replication	reverse	ST_DEV_E14_5_E15_5__reverse	balanced_ot	finite_step	N	I_EXPR	0.00125	True	200	8.348884999999427
Stereo-seq	ST_DEV_E14_5_E15_5	cross_stage	Stereo-seq::shared_developmental_series	legacy_replication	reverse	ST_DEV_E14_5_E15_5__reverse	balanced_ot	finite_step	N	I_EXPR	0.000625	True	200	8.239457300005597
Stereo-seq	ST_DEV_E14_5_E15_5	cross_stage	Stereo-seq::shared_developmental_series	legacy_replication	reverse	ST_DEV_E14_5_E15_5__reverse	balanced_ot	finite_step	N	I_SPATIAL	0.00125	True	200	8.265755300002638
Stereo-seq	ST_DEV_E14_5_E15_5	cross_stage	Stereo-seq::shared_developmental_series	legacy_replication	reverse	ST_DEV_E14_5_E15_5__reverse	balanced_ot	finite_step	N	I_SPATIAL	0.000625	True	200	8.305913100004545
Stereo-seq	ST_DEV_E15_5_E16_5	cross_stage	Stereo-seq::shared_developmental_series	legacy_replication	forward	ST_DEV_E15_5_E16_5	balanced_ot	base	BASE	NONE	0.0	True	200	8.20814459999383
Stereo-seq	ST_DEV_E15_5_E16_5	cross_stage	Stereo-seq::shared_developmental_series	legacy_replication	forward	ST_DEV_E15_5_E16_5	balanced_ot	finite_step	R	I_EXPR	0.00125	True	200	8.259448699987843
Stereo-seq	ST_DEV_E15_5_E16_5	cross_stage	Stereo-seq::shared_developmental_series	legacy_replication	forward	ST_DEV_E15_5_E16_5	balanced_ot	finite_step	R	I_EXPR	0.000625	True	200	8.33519929999602
Stereo-seq	ST_DEV_E15_5_E16_5	cross_stage	Stereo-seq::shared_developmental_series	legacy_replication	forward	ST_DEV_E15_5_E16_5	balanced_ot	finite_step	R	I_SPATIAL	0.00125	True	200	8.363230600007228
Stereo-seq	ST_DEV_E15_5_E16_5	cross_stage	Stereo-seq::shared_developmental_series	legacy_replication	forward	ST_DEV_E15_5_E16_5	balanced_ot	finite_step	R	I_SPATIAL	0.000625	True	200	8.342483300002641
Stereo-seq	ST_DEV_E15_5_E16_5	cross_stage	Stereo-seq::shared_developmental_series	legacy_replication	forward	ST_DEV_E15_5_E16_5	balanced_ot	finite_step	N	I_EXPR	0.00125	True	200	8.238702100003138
Stereo-seq	ST_DEV_E15_5_E16_5	cross_stage	Stereo-seq::shared_developmental_series	legacy_replication	forward	ST_DEV_E15_5_E16_5	balanced_ot	finite_step	N	I_EXPR	0.000625	True	200	8.359614700006205
Stereo-seq	ST_DEV_E15_5_E16_5	cross_stage	Stereo-seq::shared_developmental_series	legacy_replication	forward	ST_DEV_E15_5_E16_5	balanced_ot	finite_step	N	I_SPATIAL	0.00125	True	200	8.265330499998527
Stereo-seq	ST_DEV_E15_5_E16_5	cross_stage	Stereo-seq::shared_developmental_series	legacy_replication	forward	ST_DEV_E15_5_E16_5	balanced_ot	finite_step	N	I_SPATIAL	0.000625	True	200	8.352633700007573
Stereo-seq	ST_DEV_E15_5_E16_5	cross_stage	Stereo-seq::shared_developmental_series	legacy_replication	reverse	ST_DEV_E15_5_E16_5__reverse	balanced_ot	base	BASE	NONE	0.0	True	200	8.197887999995146
Stereo-seq	ST_DEV_E15_5_E16_5	cross_stage	Stereo-seq::shared_developmental_series	legacy_replication	reverse	ST_DEV_E15_5_E16_5__reverse	balanced_ot	finite_step	R	I_EXPR	0.00125	True	200	8.28448319999734
Stereo-seq	ST_DEV_E15_5_E16_5	cross_stage	Stereo-seq::shared_developmental_series	legacy_replication	reverse	ST_DEV_E15_5_E16_5__reverse	balanced_ot	finite_step	R	I_EXPR	0.000625	True	200	8.293155600011232
Stereo-seq	ST_DEV_E15_5_E16_5	cross_stage	Stereo-seq::shared_developmental_series	legacy_replication	reverse	ST_DEV_E15_5_E16_5__reverse	balanced_ot	finite_step	R	I_SPATIAL	0.00125	True	200	8.326983100007055
Stereo-seq	ST_DEV_E15_5_E16_5	cross_stage	Stereo-seq::shared_developmental_series	legacy_replication	reverse	ST_DEV_E15_5_E16_5__reverse	balanced_ot	finite_step	R	I_SPATIAL	0.000625	True	200	8.338185899992823
Stereo-seq	ST_DEV_E15_5_E16_5	cross_stage	Stereo-seq::shared_developmental_series	legacy_replication	reverse	ST_DEV_E15_5_E16_5__reverse	balanced_ot	finite_step	N	I_EXPR	0.00125	True	200	8.23792030000186
Stereo-seq	ST_DEV_E15_5_E16_5	cross_stage	Stereo-seq::shared_developmental_series	legacy_replication	reverse	ST_DEV_E15_5_E16_5__reverse	balanced_ot	finite_step	N	I_EXPR	0.000625	True	200	8.361917699992773
Stereo-seq	ST_DEV_E15_5_E16_5	cross_stage	Stereo-seq::shared_developmental_series	legacy_replication	reverse	ST_DEV_E15_5_E16_5__reverse	balanced_ot	finite_step	N	I_SPATIAL	0.00125	True	200	8.229520599998068
Stereo-seq	ST_DEV_E15_5_E16_5	cross_stage	Stereo-seq::shared_developmental_series	legacy_replication	reverse	ST_DEV_E15_5_E16_5__reverse	balanced_ot	finite_step	N	I_SPATIAL	0.000625	True	200	8.388462600007188
Stereo-seq	ST_E15_5_S1_S2	same_age_sections	ST_E15_5_S1_S2	legacy_replication	forward	ST_E15_5_S1_S2	balanced_ot	base	BASE	NONE	0.0	True	200	8.269399800003157
Stereo-seq	ST_E15_5_S1_S2	same_age_sections	ST_E15_5_S1_S2	legacy_replication	forward	ST_E15_5_S1_S2	balanced_ot	finite_step	R	I_EXPR	0.00125	True	200	8.27226260000316
Stereo-seq	ST_E15_5_S1_S2	same_age_sections	ST_E15_5_S1_S2	legacy_replication	forward	ST_E15_5_S1_S2	balanced_ot	finite_step	R	I_EXPR	0.000625	True	200	8.37334330000158
Stereo-seq	ST_E15_5_S1_S2	same_age_sections	ST_E15_5_S1_S2	legacy_replication	forward	ST_E15_5_S1_S2	balanced_ot	finite_step	R	I_SPATIAL	0.00125	True	200	8.274789700008114
Stereo-seq	ST_E15_5_S1_S2	same_age_sections	ST_E15_5_S1_S2	legacy_replication	forward	ST_E15_5_S1_S2	balanced_ot	finite_step	R	I_SPATIAL	0.000625	True	200	8.274437100000796
Stereo-seq	ST_E15_5_S1_S2	same_age_sections	ST_E15_5_S1_S2	legacy_replication	forward	ST_E15_5_S1_S2	balanced_ot	finite_step	N	I_EXPR	0.00125	True	200	8.319003900003736
Stereo-seq	ST_E15_5_S1_S2	same_age_sections	ST_E15_5_S1_S2	legacy_replication	forward	ST_E15_5_S1_S2	balanced_ot	finite_step	N	I_EXPR	0.000625	True	200	8.253943299991079
Stereo-seq	ST_E15_5_S1_S2	same_age_sections	ST_E15_5_S1_S2	legacy_replication	forward	ST_E15_5_S1_S2	balanced_ot	finite_step	N	I_SPATIAL	0.00125	True	200	8.265485599986278
Stereo-seq	ST_E15_5_S1_S2	same_age_sections	ST_E15_5_S1_S2	legacy_replication	forward	ST_E15_5_S1_S2	balanced_ot	finite_step	N	I_SPATIAL	0.000625	True	200	8.257518099999288
Stereo-seq	ST_E15_5_S1_S2	same_age_sections	ST_E15_5_S1_S2	legacy_replication	reverse	ST_E15_5_S1_S2__reverse	balanced_ot	base	BASE	NONE	0.0	True	200	8.271052399999462
Stereo-seq	ST_E15_5_S1_S2	same_age_sections	ST_E15_5_S1_S2	legacy_replication	reverse	ST_E15_5_S1_S2__reverse	balanced_ot	finite_step	R	I_EXPR	0.00125	True	200	8.340137799998047
Stereo-seq	ST_E15_5_S1_S2	same_age_sections	ST_E15_5_S1_S2	legacy_replication	reverse	ST_E15_5_S1_S2__reverse	balanced_ot	finite_step	R	I_EXPR	0.000625	True	200	8.315699600003427
Stereo-seq	ST_E15_5_S1_S2	same_age_sections	ST_E15_5_S1_S2	legacy_replication	reverse	ST_E15_5_S1_S2__reverse	balanced_ot	finite_step	R	I_SPATIAL	0.00125	True	200	8.296630299999379
Stereo-seq	ST_E15_5_S1_S2	same_age_sections	ST_E15_5_S1_S2	legacy_replication	reverse	ST_E15_5_S1_S2__reverse	balanced_ot	finite_step	R	I_SPATIAL	0.000625	True	200	8.275807400001213
Stereo-seq	ST_E15_5_S1_S2	same_age_sections	ST_E15_5_S1_S2	legacy_replication	reverse	ST_E15_5_S1_S2__reverse	balanced_ot	finite_step	N	I_EXPR	0.00125	True	200	8.286185600009048
Stereo-seq	ST_E15_5_S1_S2	same_age_sections	ST_E15_5_S1_S2	legacy_replication	reverse	ST_E15_5_S1_S2__reverse	balanced_ot	finite_step	N	I_EXPR	0.000625	True	200	8.245011799997883
Stereo-seq	ST_E15_5_S1_S2	same_age_sections	ST_E15_5_S1_S2	legacy_replication	reverse	ST_E15_5_S1_S2__reverse	balanced_ot	finite_step	N	I_SPATIAL	0.00125	True	200	8.302079799992498
Stereo-seq	ST_E15_5_S1_S2	same_age_sections	ST_E15_5_S1_S2	legacy_replication	reverse	ST_E15_5_S1_S2__reverse	balanced_ot	finite_step	N	I_SPATIAL	0.000625	True	200	8.232342800009064
STARmap_PLUS	STAR_8M_D1_D2	same_age_replicates	STAR_8M_D1_D2	legacy_replication	forward	STAR_8M_D1_D2	balanced_ot	base	BASE	NONE	0.0	True	200	8.216076600001543
STARmap_PLUS	STAR_8M_D1_D2	same_age_replicates	STAR_8M_D1_D2	legacy_replication	forward	STAR_8M_D1_D2	balanced_ot	finite_step	R	I_EXPR	0.00125	True	200	8.308237499993993
STARmap_PLUS	STAR_8M_D1_D2	same_age_replicates	STAR_8M_D1_D2	legacy_replication	forward	STAR_8M_D1_D2	balanced_ot	finite_step	R	I_EXPR	0.000625	True	200	8.249864800003706
STARmap_PLUS	STAR_8M_D1_D2	same_age_replicates	STAR_8M_D1_D2	legacy_replication	forward	STAR_8M_D1_D2	balanced_ot	finite_step	R	I_SPATIAL	0.00125	True	200	8.330544700002065
STARmap_PLUS	STAR_8M_D1_D2	same_age_replicates	STAR_8M_D1_D2	legacy_replication	forward	STAR_8M_D1_D2	balanced_ot	finite_step	R	I_SPATIAL	0.000625	True	200	8.261199500004295
STARmap_PLUS	STAR_8M_D1_D2	same_age_replicates	STAR_8M_D1_D2	legacy_replication	forward	STAR_8M_D1_D2	balanced_ot	finite_step	N	I_EXPR	0.00125	True	200	8.273100599995814
STARmap_PLUS	STAR_8M_D1_D2	same_age_replicates	STAR_8M_D1_D2	legacy_replication	forward	STAR_8M_D1_D2	balanced_ot	finite_step	N	I_EXPR	0.000625	True	200	8.244055000002845
STARmap_PLUS	STAR_8M_D1_D2	same_age_replicates	STAR_8M_D1_D2	legacy_replication	forward	STAR_8M_D1_D2	balanced_ot	finite_step	N	I_SPATIAL	0.00125	True	200	8.216291899996577
STARmap_PLUS	STAR_8M_D1_D2	same_age_replicates	STAR_8M_D1_D2	legacy_replication	forward	STAR_8M_D1_D2	balanced_ot	finite_step	N	I_SPATIAL	0.000625	True	200	8.269491400002153
STARmap_PLUS	STAR_8M_D1_D2	same_age_replicates	STAR_8M_D1_D2	legacy_replication	reverse	STAR_8M_D1_D2__reverse	balanced_ot	base	BASE	NONE	0.0	True	200	8.280773999998928
STARmap_PLUS	STAR_8M_D1_D2	same_age_replicates	STAR_8M_D1_D2	legacy_replication	reverse	STAR_8M_D1_D2__reverse	balanced_ot	finite_step	R	I_EXPR	0.00125	True	200	8.359768099995563
STARmap_PLUS	STAR_8M_D1_D2	same_age_replicates	STAR_8M_D1_D2	legacy_replication	reverse	STAR_8M_D1_D2__reverse	balanced_ot	finite_step	R	I_EXPR	0.000625	True	200	8.241521200005081
STARmap_PLUS	STAR_8M_D1_D2	same_age_replicates	STAR_8M_D1_D2	legacy_replication	reverse	STAR_8M_D1_D2__reverse	balanced_ot	finite_step	R	I_SPATIAL	0.00125	True	200	8.316198999993503
STARmap_PLUS	STAR_8M_D1_D2	same_age_replicates	STAR_8M_D1_D2	legacy_replication	reverse	STAR_8M_D1_D2__reverse	balanced_ot	finite_step	R	I_SPATIAL	0.000625	True	200	8.255082300005597
STARmap_PLUS	STAR_8M_D1_D2	same_age_replicates	STAR_8M_D1_D2	legacy_replication	reverse	STAR_8M_D1_D2__reverse	balanced_ot	finite_step	N	I_EXPR	0.00125	True	200	8.17808490000607
STARmap_PLUS	STAR_8M_D1_D2	same_age_replicates	STAR_8M_D1_D2	legacy_replication	reverse	STAR_8M_D1_D2__reverse	balanced_ot	finite_step	N	I_EXPR	0.000625	True	200	8.275289299999713
STARmap_PLUS	STAR_8M_D1_D2	same_age_replicates	STAR_8M_D1_D2	legacy_replication	reverse	STAR_8M_D1_D2__reverse	balanced_ot	finite_step	N	I_SPATIAL	0.00125	True	200	8.238631999993231
STARmap_PLUS	STAR_8M_D1_D2	same_age_replicates	STAR_8M_D1_D2	legacy_replication	reverse	STAR_8M_D1_D2__reverse	balanced_ot	finite_step	N	I_SPATIAL	0.000625	True	200	8.243648399991798
