independent_unit_id	method	strategy	coverage	macro_f1	balanced_accuracy	accuracy	training_positive_precision
HER2ST::A	balanced_ot	max_probability_gate	0.8	0.24237228118172943	0.449370825286465	0.5162187166622035	0.6599653350548853
HER2ST::A	balanced_ot	oracle_truth	0.8	0.27746782127295294	0.5393935210531946	0.6321198113248567	1.0
HER2ST::A	balanced_ot	random_gate	0.8	0.25777161977305896	0.4764127938709317	0.5568924704120861	0.6872530543402668
HER2ST::A	balanced_ot	top2_margin_gate	0.8	0.2581800060207242	0.4797537846938892	0.5525573739401283	0.7859822932124335
HER2ST::A	row_softmax	max_probability_gate	0.8	0.28352399182335436	0.5730240127494791	0.6279773633564368	0.8222876565309762
HER2ST::A	row_softmax	oracle_truth	0.8	0.27671154676206	0.5519278131088321	0.6218435451376021	1.0
HER2ST::A	row_softmax	random_gate	0.8	0.28091173758446464	0.5678664435889476	0.6386477882821809	0.8065204814324426
HER2ST::A	row_softmax	top2_margin_gate	0.8	0.27962962106963585	0.5606916021839236	0.6296647127249067	0.8987863392297828
HER2ST::A	uot	max_probability_gate	0.8	0.26089394847139824	0.5194275560722799	0.5900348618557165	0.7496514508465872
HER2ST::A	uot	oracle_truth	0.8	0.25990149597294376	0.5387218679356828	0.631492645127397	1.0
HER2ST::A	uot	random_gate	0.8	0.25971547703048276	0.5253462906559137	0.6066674371686043	0.7763797203995046
HER2ST::A	uot	top2_margin_gate	0.8	0.26488647894594813	0.5209935787622343	0.6027910854012838	0.8561322187671108
HER2ST::B	balanced_ot	max_probability_gate	0.8	0.18948805828341592	0.2369567069834261	0.2294872038490216	0.5602208295317874
HER2ST::B	balanced_ot	oracle_truth	0.8	0.19328025319250625	0.27323373632689324	0.24015048084608104	1.0
HER2ST::B	balanced_ot	random_gate	0.8	0.19420901050913048	0.25102048895950557	0.22005346089400912	0.5362648911570027
HER2ST::B	balanced_ot	top2_margin_gate	0.8	0.1638352286528823	0.2313274738637715	0.20389278236718933	0.6485255984031615
HER2ST::B	row_softmax	max_probability_gate	0.8	0.1852349693310891	0.25472425103548163	0.2755682827853962	0.8141638930160482
HER2ST::B	row_softmax	oracle_truth	0.8	0.16362705199279198	0.24395181879594383	0.22177822771528022	1.0
HER2ST::B	row_softmax	random_gate	0.8	0.16026882421508287	0.24411634446754418	0.22806977021817104	0.8164492373674492
HER2ST::B	row_softmax	top2_margin_gate	0.8	0.16531573210898423	0.2475499170008935	0.25190643733951545	0.913141445232766
HER2ST::B	uot	max_probability_gate	0.8	0.1474618527087957	0.2212930578518859	0.18613025782444922	0.6819513202314758
HER2ST::B	uot	oracle_truth	0.8	0.17683477683986398	0.2842970305450411	0.2378632219127733	1.0
HER2ST::B	uot	random_gate	0.8	0.16369890361123046	0.2371636236107833	0.20440774113607663	0.6767408349470472
HER2ST::B	uot	top2_margin_gate	0.8	0.15940897495891798	0.22445199170994512	0.21509333421566423	0.7816036226674674
HER2ST::C	balanced_ot	max_probability_gate	0.8	0.3049399993681584	0.4808051587638422	0.5036920232263826	0.5240025336291587
HER2ST::C	balanced_ot	oracle_truth	0.8	0.3565121937134316	0.5667745633606978	0.597773047581672	1.0
HER2ST::C	balanced_ot	random_gate	0.8	0.3082026172786867	0.5030645928405032	0.5368266295615114	0.5210615667563603
HER2ST::C	balanced_ot	top2_margin_gate	0.8	0.3043136288031416	0.48676612058964996	0.5138297708949339	0.6059531974756817
HER2ST::C	row_softmax	max_probability_gate	0.8	0.3348238490117136	0.532468458763977	0.5385872380085834	0.6968041967063578
HER2ST::C	row_softmax	oracle_truth	0.8	0.38405862290358594	0.6073682082260514	0.6115772142347833	1.0
HER2ST::C	row_softmax	random_gate	0.8	0.3569738303038215	0.5592316135208292	0.5802497970260141	0.668468534201032
HER2ST::C	row_softmax	top2_margin_gate	0.8	0.40158936515178784	0.5888307006304205	0.5818021038376906	0.7475373858470062
HER2ST::C	uot	max_probability_gate	0.8	0.31320714648643067	0.5271963078160558	0.5390361854705958	0.6957250991595586
HER2ST::C	uot	oracle_truth	0.8	0.3600878211427502	0.5851646466667475	0.5879715849281668	1.0
HER2ST::C	uot	random_gate	0.8	0.34249690750552325	0.5640475213654486	0.5730862459056856	0.7231848999949473
HER2ST::C	uot	top2_margin_gate	0.8	0.3274272355489114	0.531890837142938	0.5400989411961923	0.7949247909316223
HER2ST::D	balanced_ot	max_probability_gate	0.8	0.39302547775758656	0.5428673815606473	0.55928784715841	0.6413375915366823
HER2ST::D	balanced_ot	oracle_truth	0.8	0.44385187268497295	0.6089618733533627	0.6311422172810484	1.0
HER2ST::D	balanced_ot	random_gate	0.8	0.4146937713959146	0.5753601809310743	0.59520324055281	0.6331481172801454
HER2ST::D	balanced_ot	top2_margin_gate	0.8	0.3962663182335362	0.5412490864575465	0.5599479583550154	0.7415438052292398
HER2ST::D	row_softmax	max_probability_gate	0.8	0.42880492762179384	0.5886038537060746	0.6111194406465622	0.9012689535336331
HER2ST::D	row_softmax	oracle_truth	0.8	0.44012388052568097	0.6021930114115779	0.6254095160454634	1.0
HER2ST::D	row_softmax	random_gate	0.8	0.4403136424202033	0.6014531445447548	0.625533490813613	0.896567119008582
HER2ST::D	row_softmax	top2_margin_gate	0.8	0.43071693381479736	0.5893941476452578	0.6162123322452429	0.974127824379048
HER2ST::D	uot	max_probability_gate	0.8	0.4272294099762185	0.590282549436039	0.6148735894261574	0.7401125110057851
HER2ST::D	uot	oracle_truth	0.8	0.4485734848754864	0.6080622755080305	0.6342805161798757	1.0
HER2ST::D	uot	random_gate	0.8	0.4536327332175587	0.6040616356791284	0.6316372765560602	0.7334712729343013
HER2ST::D	uot	top2_margin_gate	0.8	0.43001643779523846	0.5889784084462018	0.6215761295305593	0.8536887641863269
HER2ST::E	balanced_ot	max_probability_gate	0.8	0.3701879700878916	0.4642808424888416	0.4603242319769211	0.7575681916630164
HER2ST::E	balanced_ot	oracle_truth	0.8	0.39972497640465354	0.5206529731732417	0.4996740853732775	1.0
HER2ST::E	balanced_ot	random_gate	0.8	0.3781373629741338	0.4817996013454588	0.46822887906651334	0.7613840135092806
HER2ST::E	balanced_ot	top2_margin_gate	0.8	0.38379712536271293	0.5010986429037935	0.47891091471301694	0.8918858659191058
HER2ST::E	row_softmax	max_probability_gate	0.8	0.40005532968072416	0.5269366410972843	0.5022597916783182	0.9512959517245961
HER2ST::E	row_softmax	oracle_truth	0.8	0.396605972981259	0.5225276900703211	0.4971877693745358	1.0
HER2ST::E	row_softmax	random_gate	0.8	0.39427580096177056	0.517192862228731	0.4978937628162289	0.9591101747975542
HER2ST::E	row_softmax	top2_margin_gate	0.8	0.4007091282971048	0.5239570414122559	0.5154152840492618	0.9912728689802282
HER2ST::E	uot	max_probability_gate	0.8	0.3684159268978261	0.47012932176820527	0.457802609006582	0.9075173467244144
HER2ST::E	uot	oracle_truth	0.8	0.38176944039183697	0.5042277935657581	0.48002958247837246	1.0
HER2ST::E	uot	random_gate	0.8	0.3739127843022321	0.48218331155015726	0.47041543601897706	0.9059935559308994
HER2ST::E	uot	top2_margin_gate	0.8	0.3832419281358852	0.4936131909954985	0.4871280097085682	0.9803618978455579
HER2ST::F	balanced_ot	max_probability_gate	0.8	0.3128323890481222	0.4236511375804996	0.6079084728326604	0.7746630417618826
HER2ST::F	balanced_ot	oracle_truth	0.8	0.30565308547414394	0.4340755557188991	0.6027215597909088	1.0
HER2ST::F	balanced_ot	random_gate	0.8	0.2987586567433565	0.42125700852156056	0.5926496644725421	0.8029694459964923
HER2ST::F	balanced_ot	top2_margin_gate	0.8	0.30797522513590403	0.4212647346298158	0.6095434167812024	0.9138936115652128
HER2ST::F	row_softmax	max_probability_gate	0.8	0.30156879628897365	0.4658834621774849	0.61141394292865	0.9828704315069547
HER2ST::F	row_softmax	oracle_truth	0.8	0.3148657131096355	0.450200279742633	0.5974240038378538	1.0
HER2ST::F	row_softmax	random_gate	0.8	0.31446571355547903	0.4371484957858087	0.6026543169228545	0.9799186877273887
HER2ST::F	row_softmax	top2_margin_gate	0.8	0.31015152869467444	0.45815886184206833	0.6090510578727635	1.0
HER2ST::F	uot	max_probability_gate	0.8	0.2811844817902528	0.4543106758745624	0.5745613468198598	0.9169361703574439
HER2ST::F	uot	oracle_truth	0.8	0.2881891505695896	0.4451788220316201	0.5882421750921946	1.0
HER2ST::F	uot	random_gate	0.8	0.30152875687411834	0.41871911191063993	0.5836080037720255	0.9288460192892392
HER2ST::F	uot	top2_margin_gate	0.8	0.3103177716942402	0.43289686877314326	0.6007421248773711	0.9883254364082302
HER2ST::G	balanced_ot	max_probability_gate	0.8	0.20362980110173318	0.2707961084045559	0.3397465526781878	0.6607368483941948
HER2ST::G	balanced_ot	oracle_truth	0.8	0.21476824012346113	0.306596696446392	0.34334300159014514	1.0
HER2ST::G	balanced_ot	random_gate	0.8	0.19984678921362092	0.27094867630731406	0.3447943963874384	0.6953118132697842
HER2ST::G	balanced_ot	top2_margin_gate	0.8	0.20479665177392087	0.266585875802961	0.3528147194971002	0.8040561860185852
HER2ST::G	row_softmax	max_probability_gate	0.8	0.18330160193885675	0.2581614888426152	0.3007068914417428	0.7485020694277708
HER2ST::G	row_softmax	oracle_truth	0.8	0.19289226466598797	0.2682623255730181	0.310248300025753	1.0
HER2ST::G	row_softmax	random_gate	0.8	0.19659806746481795	0.2766039200485547	0.3272509077477679	0.7714682951344324
HER2ST::G	row_softmax	top2_margin_gate	0.8	0.1896503858521175	0.2573731859985665	0.3277529416755473	0.8537846234171258
HER2ST::G	uot	max_probability_gate	0.8	0.22335798726444633	0.30702079035983143	0.3563662494368287	0.7174594624557821
HER2ST::G	uot	oracle_truth	0.8	0.2215605413849693	0.3218055252197185	0.34408020263503125	1.0
HER2ST::G	uot	random_gate	0.8	0.21605364623327894	0.3011758911825502	0.3545312493324253	0.742225082527507
HER2ST::G	uot	top2_margin_gate	0.8	0.21393716368404941	0.2898321118193645	0.3664782273471302	0.8685132726089084
HER2ST::H	balanced_ot	max_probability_gate	0.8	0.10503125680509878	0.21337640771181626	0.16766212530862065	0.8373143299548561
HER2ST::H	balanced_ot	oracle_truth	0.8	0.12191454752453468	0.24490972516290363	0.18046260747740087	1.0
HER2ST::H	balanced_ot	random_gate	0.8	0.10818178949680539	0.21228594678251	0.17987050438722765	0.8381576210896278
HER2ST::H	balanced_ot	top2_margin_gate	0.8	0.11944491617226596	0.2327026993428563	0.17204094817796256	0.9263084617584662
HER2ST::H	row_softmax	max_probability_gate	0.8	0.08532023895977592	0.18458063534450736	0.12560602520836492	0.9298078729279206
HER2ST::H	row_softmax	oracle_truth	0.8	0.0996868723858276	0.19769204397776813	0.14444890910718022	1.0
HER2ST::H	row_softmax	random_gate	0.8	0.09355580284104098	0.18646682915067725	0.14124583983923894	0.9148754739541123
HER2ST::H	row_softmax	top2_margin_gate	0.8	0.0789372777141504	0.1813791253917183	0.11685078499529432	0.9739911252138594
HER2ST::H	uot	max_probability_gate	0.8	0.10206743844144642	0.20069312099869316	0.16548333010637215	0.897513465398566
HER2ST::H	uot	oracle_truth	0.8	0.109374181780523	0.19690611291002874	0.17454583290547107	1.0
HER2ST::H	uot	random_gate	0.8	0.11300869211748103	0.20388289592045988	0.1764959851124726	0.8931180193519772
HER2ST::H	uot	top2_margin_gate	0.8	0.10845273046253669	0.21067603571706395	0.16174599103056742	0.9783273320030172
