independent_unit_id	pair_id	direction	method	strategy	coverage	macro_f1	balanced_accuracy	accuracy	training_positive_precision
HER2ST::A	HER2ST_A1_CONTROLLED	forward	balanced_ot	max_probability_gate	0.8	0.2977051268739426	0.4873211101345325	0.5609767483616124	0.7210423968517493
HER2ST::A	HER2ST_A1_CONTROLLED	forward	balanced_ot	oracle_truth	0.8	0.3374126786296275	0.5785697329605086	0.671233503905198	1.0
HER2ST::A	HER2ST_A1_CONTROLLED	forward	balanced_ot	random_gate	0.8	0.3186923083720321	0.5236297890520172	0.6136346769608283	0.7454570531608901
HER2ST::A	HER2ST_A1_CONTROLLED	forward	balanced_ot	top2_margin_gate	0.8	0.31736915577576746	0.5389836653817315	0.6222769847682318	0.8270037815901126
HER2ST::A	HER2ST_A1_CONTROLLED	forward	row_softmax	max_probability_gate	0.8	0.35565167981249524	0.6441213752092128	0.6892943711284675	0.8038069544364509
HER2ST::A	HER2ST_A1_CONTROLLED	forward	row_softmax	oracle_truth	0.8	0.3396673083706636	0.5885187970415493	0.6668833228596224	1.0
HER2ST::A	HER2ST_A1_CONTROLLED	forward	row_softmax	random_gate	0.8	0.3471606371005744	0.6211676629400518	0.6857605410419846	0.7699263665990285
HER2ST::A	HER2ST_A1_CONTROLLED	forward	row_softmax	top2_margin_gate	0.8	0.35496217887225423	0.6246263071645213	0.6817527007211898	0.8740955953186169
HER2ST::A	HER2ST_A1_CONTROLLED	forward	uot	max_probability_gate	0.8	0.3344648382318016	0.5790651776522443	0.653065804829877	0.8242726331755109
HER2ST::A	HER2ST_A1_CONTROLLED	forward	uot	oracle_truth	0.8	0.32357473348184684	0.5643177910489923	0.6679118412783913	1.0
HER2ST::A	HER2ST_A1_CONTROLLED	forward	uot	random_gate	0.8	0.3224662438236867	0.5651326165851958	0.6575578298470838	0.8369983500379184
HER2ST::A	HER2ST_A1_CONTROLLED	forward	uot	top2_margin_gate	0.8	0.3315252193563155	0.5737583845337908	0.653265703085256	0.9123560126257968
HER2ST::A	HER2ST_A1_CONTROLLED__reverse	reverse	balanced_ot	max_probability_gate	0.8	0.18703943548951626	0.41142054043839754	0.4714606849627947	0.5988882732580212
HER2ST::A	HER2ST_A1_CONTROLLED__reverse	reverse	balanced_ot	oracle_truth	0.8	0.21752296391627837	0.5002173091458806	0.5930061187445154	1.0
HER2ST::A	HER2ST_A1_CONTROLLED__reverse	reverse	balanced_ot	random_gate	0.8	0.19685093117408578	0.4291957986898463	0.500150263863344	0.6290490555196437
HER2ST::A	HER2ST_A1_CONTROLLED__reverse	reverse	balanced_ot	top2_margin_gate	0.8	0.19899085626568097	0.4205239040060469	0.4828377631120247	0.7449608048347545
HER2ST::A	HER2ST_A1_CONTROLLED__reverse	reverse	row_softmax	max_probability_gate	0.8	0.21139630383421346	0.5019266502897455	0.5666603555844062	0.8407683586255015
HER2ST::A	HER2ST_A1_CONTROLLED__reverse	reverse	row_softmax	oracle_truth	0.8	0.21375578515345636	0.5153368291761149	0.5768037674155817	1.0
HER2ST::A	HER2ST_A1_CONTROLLED__reverse	reverse	row_softmax	random_gate	0.8	0.21466283806835496	0.5145652242378432	0.5915350355223773	0.8431145962658567
HER2ST::A	HER2ST_A1_CONTROLLED__reverse	reverse	row_softmax	top2_margin_gate	0.8	0.20429706326701752	0.4967568972033258	0.5775767247286234	0.9234770831409487
HER2ST::A	HER2ST_A1_CONTROLLED__reverse	reverse	uot	max_probability_gate	0.8	0.18732305871099492	0.4597899344923154	0.527003918881556	0.6750302685176635
HER2ST::A	HER2ST_A1_CONTROLLED__reverse	reverse	uot	oracle_truth	0.8	0.19622825846404068	0.5131259448223733	0.5950734489764026	1.0
HER2ST::A	HER2ST_A1_CONTROLLED__reverse	reverse	uot	random_gate	0.8	0.19696471023727877	0.48555996472663143	0.5557770444901247	0.7157610907610907
HER2ST::A	HER2ST_A1_CONTROLLED__reverse	reverse	uot	top2_margin_gate	0.8	0.19824773853558073	0.4682287729906778	0.5523164677173116	0.7999084249084248
HER2ST::B	HER2ST_B1_CONTROLLED	forward	balanced_ot	max_probability_gate	0.8	0.20638727201536974	0.2662227507206334	0.27507217362289826	0.5986093709064082
HER2ST::B	HER2ST_B1_CONTROLLED	forward	balanced_ot	oracle_truth	0.8	0.1996034502660719	0.3205603097693237	0.24726538132335238	1.0
HER2ST::B	HER2ST_B1_CONTROLLED	forward	balanced_ot	random_gate	0.8	0.21348082822325948	0.2859069747479709	0.2533348565957262	0.5541172786523563
HER2ST::B	HER2ST_B1_CONTROLLED	forward	balanced_ot	top2_margin_gate	0.8	0.1693155488081122	0.25523351113943976	0.22056658107382743	0.6740352688794398
HER2ST::B	HER2ST_B1_CONTROLLED	forward	row_softmax	max_probability_gate	0.8	0.19658979322367504	0.2810019712797491	0.3019559414486951	0.8132788306701351
HER2ST::B	HER2ST_B1_CONTROLLED	forward	row_softmax	oracle_truth	0.8	0.17877124139062633	0.2893177833160692	0.23343814829322074	1.0
HER2ST::B	HER2ST_B1_CONTROLLED	forward	row_softmax	random_gate	0.8	0.16223625712791737	0.27714505317600696	0.23210348029188607	0.7957660682554872
HER2ST::B	HER2ST_B1_CONTROLLED	forward	row_softmax	top2_margin_gate	0.8	0.1727251224928966	0.286299500634548	0.25975431953692824	0.8965935835501053
HER2ST::B	HER2ST_B1_CONTROLLED	forward	uot	max_probability_gate	0.8	0.15968902253728542	0.29230058272708	0.1913126895010953	0.7380598937351535
HER2ST::B	HER2ST_B1_CONTROLLED	forward	uot	oracle_truth	0.8	0.17386349649599123	0.3393940275292362	0.22427137282209747	1.0
HER2ST::B	HER2ST_B1_CONTROLLED	forward	uot	random_gate	0.8	0.1598655923018361	0.2967893590952675	0.1883931032481757	0.7207459074587458
HER2ST::B	HER2ST_B1_CONTROLLED	forward	uot	top2_margin_gate	0.8	0.15897563433586903	0.2594515064972819	0.1978210094152123	0.8245757463148767
HER2ST::B	HER2ST_B1_CONTROLLED__reverse	reverse	balanced_ot	max_probability_gate	0.8	0.17258884455146212	0.20769066324621882	0.18390223407514497	0.5218322881571668
HER2ST::B	HER2ST_B1_CONTROLLED__reverse	reverse	balanced_ot	oracle_truth	0.8	0.1869570561189406	0.22590716288446278	0.23303558036880967	1.0
HER2ST::B	HER2ST_B1_CONTROLLED__reverse	reverse	balanced_ot	random_gate	0.8	0.17493719279500144	0.2161340031710402	0.18677206519229206	0.5184125036616493
HER2ST::B	HER2ST_B1_CONTROLLED__reverse	reverse	balanced_ot	top2_margin_gate	0.8	0.15835490849765238	0.20742143658810325	0.18721898366055126	0.6230159279268831
HER2ST::B	HER2ST_B1_CONTROLLED__reverse	reverse	row_softmax	max_probability_gate	0.8	0.17388014543850316	0.22844653079121416	0.24918062412209727	0.8150489553619613
HER2ST::B	HER2ST_B1_CONTROLLED__reverse	reverse	row_softmax	oracle_truth	0.8	0.14848286259495766	0.19858585427581843	0.21011830713733967	1.0
HER2ST::B	HER2ST_B1_CONTROLLED__reverse	reverse	row_softmax	random_gate	0.8	0.15830139130224838	0.2110876357590814	0.22403606014445598	0.8371324064794113
HER2ST::B	HER2ST_B1_CONTROLLED__reverse	reverse	row_softmax	top2_margin_gate	0.8	0.15790634172507187	0.20880033336723897	0.24405855514210273	0.9296893069154267
HER2ST::B	HER2ST_B1_CONTROLLED__reverse	reverse	uot	max_probability_gate	0.8	0.135234682880306	0.15028553297669187	0.18094782614780314	0.6258427467277979
HER2ST::B	HER2ST_B1_CONTROLLED__reverse	reverse	uot	oracle_truth	0.8	0.1798060571837367	0.22920003356084598	0.2514550710034491	1.0
HER2ST::B	HER2ST_B1_CONTROLLED__reverse	reverse	uot	random_gate	0.8	0.16753221492062484	0.17753788812629911	0.22042237902397752	0.6327357624353487
HER2ST::B	HER2ST_B1_CONTROLLED__reverse	reverse	uot	top2_margin_gate	0.8	0.15984231558196696	0.18945247692260836	0.23236565901611617	0.7386314990200581
HER2ST::C	HER2ST_C1_CONTROLLED	forward	balanced_ot	max_probability_gate	0.8	0.3553892142746152	0.5468096497858402	0.5887342016910123	0.5614423851732473
HER2ST::C	HER2ST_C1_CONTROLLED	forward	balanced_ot	oracle_truth	0.8	0.31621524260324	0.5276738473167044	0.576183444954209	1.0
HER2ST::C	HER2ST_C1_CONTROLLED	forward	balanced_ot	random_gate	0.8	0.3076876581783338	0.5390904509952129	0.591370915291181	0.5563280847325972
HER2ST::C	HER2ST_C1_CONTROLLED	forward	balanced_ot	top2_margin_gate	0.8	0.2928171586646165	0.482010582010582	0.5353759074689307	0.6601077306153856
HER2ST::C	HER2ST_C1_CONTROLLED	forward	row_softmax	max_probability_gate	0.8	0.3220601672372523	0.4904572940287226	0.5207421469879941	0.5677036827318858
HER2ST::C	HER2ST_C1_CONTROLLED	forward	row_softmax	oracle_truth	0.8	0.36501949096909914	0.6314153439153439	0.6283376399655469	1.0
HER2ST::C	HER2ST_C1_CONTROLLED	forward	row_softmax	random_gate	0.8	0.35456746022471	0.5443342151675484	0.5779500430663221	0.5233948694867309
HER2ST::C	HER2ST_C1_CONTROLLED	forward	row_softmax	top2_margin_gate	0.8	0.39957987730474503	0.568795666414714	0.5720174374659425	0.5870374806716466
HER2ST::C	HER2ST_C1_CONTROLLED	forward	uot	max_probability_gate	0.8	0.3109958906193839	0.5130228017132779	0.5452635834695635	0.7569981343148144
HER2ST::C	HER2ST_C1_CONTROLLED	forward	uot	oracle_truth	0.8	0.3463893686660722	0.598428445452255	0.6089402169136389	1.0
HER2ST::C	HER2ST_C1_CONTROLLED	forward	uot	random_gate	0.8	0.35577913186567117	0.578514739229025	0.6080613123802493	0.778183703445589
HER2ST::C	HER2ST_C1_CONTROLLED	forward	uot	top2_margin_gate	0.8	0.3217191714978341	0.5279037540942303	0.5452635834695635	0.84062184666536
HER2ST::C	HER2ST_C1_CONTROLLED__reverse	reverse	balanced_ot	max_probability_gate	0.8	0.2544907844617016	0.41480066774184426	0.418649844761753	0.48656268208507014
HER2ST::C	HER2ST_C1_CONTROLLED__reverse	reverse	balanced_ot	oracle_truth	0.8	0.3968091448236232	0.6058752794046911	0.6193626502091352	1.0
HER2ST::C	HER2ST_C1_CONTROLLED__reverse	reverse	balanced_ot	random_gate	0.8	0.3087175763790395	0.4670387346857935	0.48228234383184165	0.48579504878012336
HER2ST::C	HER2ST_C1_CONTROLLED__reverse	reverse	balanced_ot	top2_margin_gate	0.8	0.3158100989416668	0.491521659168718	0.4922836343209371	0.5517986643359777
HER2ST::C	HER2ST_C1_CONTROLLED__reverse	reverse	row_softmax	max_probability_gate	0.8	0.3475875307861749	0.5744796234992313	0.5564323290291726	0.82590471068083
HER2ST::C	HER2ST_C1_CONTROLLED__reverse	reverse	row_softmax	oracle_truth	0.8	0.4030977548380728	0.5833210725367588	0.5948167885040195	1.0
HER2ST::C	HER2ST_C1_CONTROLLED__reverse	reverse	row_softmax	random_gate	0.8	0.35938020038293306	0.5741290118741099	0.5825495509857059	0.8135421989153332
HER2ST::C	HER2ST_C1_CONTROLLED__reverse	reverse	row_softmax	top2_margin_gate	0.8	0.40359885299883064	0.608865734846127	0.5915867702094388	0.9080372910223657
HER2ST::C	HER2ST_C1_CONTROLLED__reverse	reverse	uot	max_probability_gate	0.8	0.3154184023534774	0.5413698139188335	0.5328087874716282	0.6344520640043028
HER2ST::C	HER2ST_C1_CONTROLLED__reverse	reverse	uot	oracle_truth	0.8	0.3737862736194282	0.57190084788124	0.5670029529426946	1.0
HER2ST::C	HER2ST_C1_CONTROLLED__reverse	reverse	uot	random_gate	0.8	0.32921468314537533	0.5495803035018721	0.538111179431122	0.6681860965443055
HER2ST::C	HER2ST_C1_CONTROLLED__reverse	reverse	uot	top2_margin_gate	0.8	0.3331352995999888	0.5358779201916457	0.5349342989228212	0.7492277351978845
HER2ST::D	HER2ST_D1_CONTROLLED	forward	balanced_ot	max_probability_gate	0.8	0.38937604555457095	0.5549494542852031	0.5649923896499239	0.6812540400775694
HER2ST::D	HER2ST_D1_CONTROLLED	forward	balanced_ot	oracle_truth	0.8	0.44533209572435684	0.6188757621426704	0.6365075741103138	1.0
HER2ST::D	HER2ST_D1_CONTROLLED	forward	balanced_ot	random_gate	0.8	0.40023624035650046	0.5682465213262314	0.5795075016307893	0.6482768321003616
HER2ST::D	HER2ST_D1_CONTROLLED	forward	balanced_ot	top2_margin_gate	0.8	0.40094374078252026	0.5634465708741071	0.580840762484598	0.7506266609207786
HER2ST::D	HER2ST_D1_CONTROLLED	forward	row_softmax	max_probability_gate	0.8	0.4330471808874547	0.5911800971885512	0.6088917880698702	0.8659879336349925
HER2ST::D	HER2ST_D1_CONTROLLED	forward	row_softmax	oracle_truth	0.8	0.43692115916657326	0.5944104294345841	0.6146133217366094	1.0
HER2ST::D	HER2ST_D1_CONTROLLED	forward	row_softmax	random_gate	0.8	0.44004384166842636	0.6002748850273005	0.6194651011089367	0.8540161363690776
HER2ST::D	HER2ST_D1_CONTROLLED	forward	row_softmax	top2_margin_gate	0.8	0.42802925372833966	0.5790904155336523	0.6049220845111256	0.9541873159520219
HER2ST::D	HER2ST_D1_CONTROLLED	forward	uot	max_probability_gate	0.8	0.4203123663263833	0.5805005023604057	0.6061317677756034	0.7953763556704733
HER2ST::D	HER2ST_D1_CONTROLLED	forward	uot	oracle_truth	0.8	0.455265009670651	0.6054946160924422	0.639292599840545	1.0
HER2ST::D	HER2ST_D1_CONTROLLED	forward	uot	random_gate	0.8	0.4417739971022596	0.5952248726403315	0.6230383416684786	0.7861141037611625
HER2ST::D	HER2ST_D1_CONTROLLED	forward	uot	top2_margin_gate	0.8	0.4408006459426886	0.5997281748489478	0.6383420308762775	0.8970516411692883
HER2ST::D	HER2ST_D1_CONTROLLED__reverse	reverse	balanced_ot	max_probability_gate	0.8	0.3966749099606022	0.5307853088360913	0.553583304666896	0.6014211429957953
HER2ST::D	HER2ST_D1_CONTROLLED__reverse	reverse	balanced_ot	oracle_truth	0.8	0.4423716496455891	0.5990479845640551	0.625776860451783	1.0
HER2ST::D	HER2ST_D1_CONTROLLED__reverse	reverse	balanced_ot	random_gate	0.8	0.4291513024353288	0.5824738405359172	0.6108989794748308	0.6180194024599291
HER2ST::D	HER2ST_D1_CONTROLLED__reverse	reverse	balanced_ot	top2_margin_gate	0.8	0.3915888956845522	0.5190516020409859	0.5390551542254328	0.732460949537701
HER2ST::D	HER2ST_D1_CONTROLLED__reverse	reverse	row_softmax	max_probability_gate	0.8	0.424562674356133	0.586027610223598	0.6133470932232542	0.9365499734322739
HER2ST::D	HER2ST_D1_CONTROLLED__reverse	reverse	row_softmax	oracle_truth	0.8	0.44332660188478873	0.6099755933885718	0.6362057103543172	1.0
HER2ST::D	HER2ST_D1_CONTROLLED__reverse	reverse	row_softmax	random_gate	0.8	0.4405834431719803	0.6026314040622093	0.6316018805182892	0.9391181016480863
HER2ST::D	HER2ST_D1_CONTROLLED__reverse	reverse	row_softmax	top2_margin_gate	0.8	0.433404613901255	0.5996978797568634	0.6275025799793601	0.9940683328060741
HER2ST::D	HER2ST_D1_CONTROLLED__reverse	reverse	uot	max_probability_gate	0.8	0.4341464536260537	0.6000645965116722	0.6236154110767114	0.6848486663410969
HER2ST::D	HER2ST_D1_CONTROLLED__reverse	reverse	uot	oracle_truth	0.8	0.44188196008032177	0.6106299349236189	0.6292684325192065	1.0
HER2ST::D	HER2ST_D1_CONTROLLED__reverse	reverse	uot	random_gate	0.8	0.46549146933285773	0.6128983987179253	0.6402362114436417	0.68082844210744
HER2ST::D	HER2ST_D1_CONTROLLED__reverse	reverse	uot	top2_margin_gate	0.8	0.4192322296477884	0.5782286420434557	0.6048102281848412	0.8103258872033654
HER2ST::E	HER2ST_E1_CONTROLLED	forward	balanced_ot	max_probability_gate	0.8	0.48871812157523187	0.5330970917751484	0.5371235679825543	0.8140003733664933
HER2ST::E	HER2ST_E1_CONTROLLED	forward	balanced_ot	oracle_truth	0.8	0.5128358424713716	0.5689195907597516	0.5554474167674867	1.0
HER2ST::E	HER2ST_E1_CONTROLLED	forward	balanced_ot	random_gate	0.8	0.49149072497756546	0.5482206824630238	0.5301942017296232	0.7992220928698677
HER2ST::E	HER2ST_E1_CONTROLLED	forward	balanced_ot	top2_margin_gate	0.8	0.4891670816853418	0.5405838583500479	0.5266736966836443	0.9189315570851829
HER2ST::E	HER2ST_E1_CONTROLLED	forward	row_softmax	max_probability_gate	0.8	0.48916316870751725	0.5763773217998907	0.5137701303938702	0.9354214961916392
HER2ST::E	HER2ST_E1_CONTROLLED	forward	row_softmax	oracle_truth	0.8	0.48252310530208586	0.5646378789193167	0.5114262072261804	1.0
HER2ST::E	HER2ST_E1_CONTROLLED	forward	row_softmax	random_gate	0.8	0.4832785911425812	0.5594380056613955	0.5169197373203287	0.9481124161611039
HER2ST::E	HER2ST_E1_CONTROLLED	forward	row_softmax	top2_margin_gate	0.8	0.4804849687065761	0.5555788947899953	0.5172131260175352	0.9825457379604562
HER2ST::E	HER2ST_E1_CONTROLLED	forward	uot	max_probability_gate	0.8	0.4661946748056393	0.5259413701208346	0.5034206708388722	0.9793815021311497
HER2ST::E	HER2ST_E1_CONTROLLED	forward	uot	oracle_truth	0.8	0.4650316179824242	0.5251282414702634	0.5009156348175033	1.0
HER2ST::E	HER2ST_E1_CONTROLLED	forward	uot	random_gate	0.8	0.4619343635453357	0.5216797702578426	0.4999968733352253	0.9657701614327932
HER2ST::E	HER2ST_E1_CONTROLLED	forward	uot	top2_margin_gate	0.8	0.46821832725225476	0.5226821458414768	0.5085484408995634	1.0
HER2ST::E	HER2ST_E1_CONTROLLED__reverse	reverse	balanced_ot	max_probability_gate	0.8	0.25165781860055136	0.39546459320253485	0.3835248959712879	0.7011360099595394
HER2ST::E	HER2ST_E1_CONTROLLED__reverse	reverse	balanced_ot	oracle_truth	0.8	0.2866141103379355	0.4723863555867318	0.44390075397906836	1.0
HER2ST::E	HER2ST_E1_CONTROLLED__reverse	reverse	balanced_ot	random_gate	0.8	0.2647840009707021	0.4153785202278938	0.40626355640340356	0.7235459341486937
HER2ST::E	HER2ST_E1_CONTROLLED__reverse	reverse	balanced_ot	top2_margin_gate	0.8	0.27842716904008413	0.46161342745753914	0.43114813274238967	0.8648401747530288
HER2ST::E	HER2ST_E1_CONTROLLED__reverse	reverse	row_softmax	max_probability_gate	0.8	0.31094749065393107	0.47749596039467807	0.49074945296276634	0.9671704072575531
HER2ST::E	HER2ST_E1_CONTROLLED__reverse	reverse	row_softmax	oracle_truth	0.8	0.3106888406604321	0.48041750122132537	0.48294933152289116	1.0
HER2ST::E	HER2ST_E1_CONTROLLED__reverse	reverse	row_softmax	random_gate	0.8	0.3052730107809599	0.47494771879606634	0.4788677883121291	0.9701079334340046
HER2ST::E	HER2ST_E1_CONTROLLED__reverse	reverse	row_softmax	top2_margin_gate	0.8	0.3209332878876336	0.4923351880345163	0.5136174420809886	1.0
HER2ST::E	HER2ST_E1_CONTROLLED__reverse	reverse	uot	max_probability_gate	0.8	0.2706371789900129	0.4143172734155759	0.41218454717429176	0.8356531913176792
HER2ST::E	HER2ST_E1_CONTROLLED__reverse	reverse	uot	oracle_truth	0.8	0.29850726280124973	0.48332734566125285	0.45914353013924153	1.0
HER2ST::E	HER2ST_E1_CONTROLLED__reverse	reverse	uot	random_gate	0.8	0.2858912050591286	0.44268685284247183	0.4408339987027289	0.8462169504290056
HER2ST::E	HER2ST_E1_CONTROLLED__reverse	reverse	uot	top2_margin_gate	0.8	0.2982655290195157	0.4645442361495202	0.4657075785175729	0.9607237956911159
HER2ST::F	HER2ST_F1_CONTROLLED	forward	balanced_ot	max_probability_gate	0.8	0.3742508997044231	0.47402378036378817	0.725520721216824	0.815204740895163
HER2ST::F	HER2ST_F1_CONTROLLED	forward	balanced_ot	oracle_truth	0.8	0.34257661352773433	0.45881854363423547	0.66950931557825	1.0
HER2ST::F	HER2ST_F1_CONTROLLED	forward	balanced_ot	random_gate	0.8	0.33615215296260836	0.4600004366676573	0.6810516215697563	0.8283757312174828
HER2ST::F	HER2ST_F1_CONTROLLED	forward	balanced_ot	top2_margin_gate	0.8	0.357357997084172	0.4555056025339619	0.728459446154873	0.9462550881953867
HER2ST::F	HER2ST_F1_CONTROLLED	forward	row_softmax	max_probability_gate	0.8	0.34911025268486817	0.5405863831198937	0.7261685147639192	0.984549258523757
HER2ST::F	HER2ST_F1_CONTROLLED	forward	row_softmax	oracle_truth	0.8	0.3739084865443715	0.5212722685851909	0.6991676887520546	1.0
HER2ST::F	HER2ST_F1_CONTROLLED	forward	row_softmax	random_gate	0.8	0.37191598300688045	0.49665966826152935	0.7029840721550565	0.9814764427910618
HER2ST::F	HER2ST_F1_CONTROLLED	forward	row_softmax	top2_margin_gate	0.8	0.3642237690752404	0.5378144410097163	0.7204076243398163	1.0
HER2ST::F	HER2ST_F1_CONTROLLED	forward	uot	max_probability_gate	0.8	0.29372592336072945	0.48635828991567337	0.6321173854638599	0.9183196899308395
HER2ST::F	HER2ST_F1_CONTROLLED	forward	uot	oracle_truth	0.8	0.305446525258794	0.5145954296135696	0.6405510917540654	1.0
HER2ST::F	HER2ST_F1_CONTROLLED	forward	uot	random_gate	0.8	0.33245819354801937	0.47207348046981923	0.6267670813413098	0.9258219338786701
HER2ST::F	HER2ST_F1_CONTROLLED	forward	uot	top2_margin_gate	0.8	0.3492662200462843	0.47295091870186035	0.6541184200645791	0.9902713704206241
HER2ST::F	HER2ST_F1_CONTROLLED__reverse	reverse	balanced_ot	max_probability_gate	0.8	0.25141387839182133	0.37327849479721104	0.49029622444849674	0.7341213426286022
HER2ST::F	HER2ST_F1_CONTROLLED__reverse	reverse	balanced_ot	oracle_truth	0.8	0.2687295574205535	0.4093325678035628	0.5359338040035675	1.0
HER2ST::F	HER2ST_F1_CONTROLLED__reverse	reverse	balanced_ot	random_gate	0.8	0.26136516052410463	0.38251358037546385	0.5042477073753278	0.7775631607755019
HER2ST::F	HER2ST_F1_CONTROLLED__reverse	reverse	balanced_ot	top2_margin_gate	0.8	0.25859245318763613	0.3870238667256697	0.49062738740753165	0.8815321349350387
HER2ST::F	HER2ST_F1_CONTROLLED__reverse	reverse	row_softmax	max_probability_gate	0.8	0.25402733989307913	0.391180541235076	0.4966593710933808	0.9811916044901525
HER2ST::F	HER2ST_F1_CONTROLLED__reverse	reverse	row_softmax	oracle_truth	0.8	0.25582293967489955	0.379128290900075	0.49568031892365283	1.0
HER2ST::F	HER2ST_F1_CONTROLLED__reverse	reverse	row_softmax	random_gate	0.8	0.2570154441040777	0.37763732331008815	0.5023245616906525	0.9783609326637155
HER2ST::F	HER2ST_F1_CONTROLLED__reverse	reverse	row_softmax	top2_margin_gate	0.8	0.25607928831410853	0.37850328267442035	0.4976944914057106	1.0
HER2ST::F	HER2ST_F1_CONTROLLED__reverse	reverse	uot	max_probability_gate	0.8	0.2686430402197761	0.42226306183345147	0.5170053081758599	0.9155526507840482
HER2ST::F	HER2ST_F1_CONTROLLED__reverse	reverse	uot	oracle_truth	0.8	0.27093177588038514	0.3757622144496706	0.5359332584303237	1.0
HER2ST::F	HER2ST_F1_CONTROLLED__reverse	reverse	uot	random_gate	0.8	0.2705993202002173	0.3653647433514607	0.5404489262027413	0.9318701046998084
HER2ST::F	HER2ST_F1_CONTROLLED__reverse	reverse	uot	top2_margin_gate	0.8	0.27136932334219604	0.3928428188444262	0.5473658296901631	0.9863795023958364
HER2ST::G	HER2ST_G2_CONTROLLED	forward	balanced_ot	max_probability_gate	0.8	0.2067895503317022	0.270752002002002	0.3579199133619223	0.6755586766596893
HER2ST::G	HER2ST_G2_CONTROLLED	forward	balanced_ot	oracle_truth	0.8	0.20420529252157868	0.2878003003003003	0.3431705169542604	1.0
HER2ST::G	HER2ST_G2_CONTROLLED	forward	balanced_ot	random_gate	0.8	0.19926107472194693	0.2628365865865866	0.3528925136324294	0.6975125989419744
HER2ST::G	HER2ST_G2_CONTROLLED	forward	balanced_ot	top2_margin_gate	0.8	0.203467827068737	0.26346096096096094	0.35730397305646183	0.7993520180035952
HER2ST::G	HER2ST_G2_CONTROLLED	forward	row_softmax	max_probability_gate	0.8	0.1877493260270243	0.2691116116116116	0.32728027771717705	0.7155303749892908
HER2ST::G	HER2ST_G2_CONTROLLED	forward	row_softmax	oracle_truth	0.8	0.19390369282560724	0.26823448448448445	0.3116978719394583	1.0
HER2ST::G	HER2ST_G2_CONTROLLED	forward	row_softmax	random_gate	0.8	0.19119337053358892	0.26646646646646643	0.33142600523845434	0.7360571893973687
HER2ST::G	HER2ST_G2_CONTROLLED	forward	row_softmax	top2_margin_gate	0.8	0.18179789911922162	0.25475225225225223	0.3222516933118488	0.8128666733715512
HER2ST::G	HER2ST_G2_CONTROLLED	forward	uot	max_probability_gate	0.8	0.22119237130556896	0.3078716216216216	0.3670010004131785	0.7318303021177829
HER2ST::G	HER2ST_G2_CONTROLLED	forward	uot	oracle_truth	0.8	0.21636846007573476	0.32328078078078076	0.3459119479661212	1.0
HER2ST::G	HER2ST_G2_CONTROLLED	forward	uot	random_gate	0.8	0.21606936592922213	0.30924299299299296	0.3573050666033868	0.7443251746129024
HER2ST::G	HER2ST_G2_CONTROLLED	forward	uot	top2_margin_gate	0.8	0.2139092480135743	0.31066816816816817	0.37695519355507184	0.8628460980022777
HER2ST::G	HER2ST_G2_CONTROLLED__reverse	reverse	balanced_ot	max_probability_gate	0.8	0.20047005187176412	0.2708402148071098	0.32157319199445333	0.6459150201287003
HER2ST::G	HER2ST_G2_CONTROLLED__reverse	reverse	balanced_ot	oracle_truth	0.8	0.22533118772534355	0.3253930925924837	0.3435154862260299	1.0
HER2ST::G	HER2ST_G2_CONTROLLED__reverse	reverse	balanced_ot	random_gate	0.8	0.2004325037052949	0.27906076602804153	0.33669627914244743	0.693111027597594
HER2ST::G	HER2ST_G2_CONTROLLED__reverse	reverse	balanced_ot	top2_margin_gate	0.8	0.20612547647910473	0.2697107906449611	0.3483254659377385	0.8087603540335752
HER2ST::G	HER2ST_G2_CONTROLLED__reverse	reverse	row_softmax	max_probability_gate	0.8	0.1788538778506892	0.24721136607361874	0.2741335051663086	0.7814737638662507
HER2ST::G	HER2ST_G2_CONTROLLED__reverse	reverse	row_softmax	oracle_truth	0.8	0.19188083650636872	0.26829016666155175	0.3087987281120477	1.0
HER2ST::G	HER2ST_G2_CONTROLLED__reverse	reverse	row_softmax	random_gate	0.8	0.20200276439604695	0.28674137363064306	0.3230758102570814	0.806879400871496
HER2ST::G	HER2ST_G2_CONTROLLED__reverse	reverse	row_softmax	top2_margin_gate	0.8	0.19750287258501337	0.2599941197448808	0.33325419003924583	0.8947025734627003
HER2ST::G	HER2ST_G2_CONTROLLED__reverse	reverse	uot	max_probability_gate	0.8	0.2255236032233237	0.3061699590980413	0.3457314984604789	0.7030886227937813
HER2ST::G	HER2ST_G2_CONTROLLED__reverse	reverse	uot	oracle_truth	0.8	0.22675262269420385	0.3203302696586563	0.3422484573039413	1.0
HER2ST::G	HER2ST_G2_CONTROLLED__reverse	reverse	uot	random_gate	0.8	0.21603792653733572	0.2931087893721075	0.3517574320614638	0.7401249904421116
HER2ST::G	HER2ST_G2_CONTROLLED__reverse	reverse	uot	top2_margin_gate	0.8	0.21396507935452455	0.2689960554705608	0.3560012611391886	0.8741804472155391
HER2ST::H	HER2ST_H1_CONTROLLED	forward	balanced_ot	max_probability_gate	0.8	0.10203710609871419	0.20595964319750729	0.15836981758832197	0.844673749506939
HER2ST::H	HER2ST_H1_CONTROLLED	forward	balanced_ot	oracle_truth	0.8	0.13172718572414077	0.2438651454023622	0.17863513377773427	1.0
HER2ST::H	HER2ST_H1_CONTROLLED	forward	balanced_ot	random_gate	0.8	0.11251863683902703	0.20318743985248838	0.1623267837617714	0.8560039477435357
HER2ST::H	HER2ST_H1_CONTROLLED	forward	balanced_ot	top2_margin_gate	0.8	0.1373637479859574	0.24935519137460885	0.16571241385973026	0.9294555831449431
HER2ST::H	HER2ST_H1_CONTROLLED	forward	row_softmax	max_probability_gate	0.8	0.09665925316836874	0.1838552596869749	0.1458767193665015	0.9365834704423429
HER2ST::H	HER2ST_H1_CONTROLLED	forward	row_softmax	oracle_truth	0.8	0.11631255707859332	0.20855704549555684	0.16254111476433508	1.0
HER2ST::H	HER2ST_H1_CONTROLLED	forward	row_softmax	random_gate	0.8	0.11156240489780204	0.21387762650869446	0.15886645770993402	0.9356857763156646
HER2ST::H	HER2ST_H1_CONTROLLED	forward	row_softmax	top2_margin_gate	0.8	0.08851390970839196	0.17227181789803148	0.12396793224325225	0.9885112848830746
HER2ST::H	HER2ST_H1_CONTROLLED	forward	uot	max_probability_gate	0.8	0.09741948158338926	0.18774194569663824	0.1379451926835713	0.8807459017406021
HER2ST::H	HER2ST_H1_CONTROLLED	forward	uot	oracle_truth	0.8	0.11543067519160839	0.19510129029546508	0.1590011343548285	1.0
HER2ST::H	HER2ST_H1_CONTROLLED	forward	uot	random_gate	0.8	0.11179764339393297	0.186938878692924	0.15367388930155604	0.8873694136637471
HER2ST::H	HER2ST_H1_CONTROLLED	forward	uot	top2_margin_gate	0.8	0.11812160483420901	0.22957236201410958	0.14814143031075436	0.9726556226760059
HER2ST::H	HER2ST_H1_CONTROLLED__reverse	reverse	balanced_ot	max_probability_gate	0.8	0.10802540751148337	0.22079317222612527	0.17695443302891933	0.8299549104027732
HER2ST::H	HER2ST_H1_CONTROLLED__reverse	reverse	balanced_ot	oracle_truth	0.8	0.1121019093249286	0.24595430492344506	0.18229008117706746	1.0
HER2ST::H	HER2ST_H1_CONTROLLED__reverse	reverse	balanced_ot	random_gate	0.8	0.10384494215458374	0.22138445371253163	0.1974142250126839	0.8203112944357197
HER2ST::H	HER2ST_H1_CONTROLLED__reverse	reverse	balanced_ot	top2_margin_gate	0.8	0.10152608435857453	0.21605020731110378	0.17836948249619483	0.9231613403719892
HER2ST::H	HER2ST_H1_CONTROLLED__reverse	reverse	row_softmax	max_probability_gate	0.8	0.0739812247511831	0.18530601100203983	0.10533533105022831	0.9230322754134982
HER2ST::H	HER2ST_H1_CONTROLLED__reverse	reverse	row_softmax	oracle_truth	0.8	0.08306118769306188	0.1868270424599794	0.12635670345002536	1.0
HER2ST::H	HER2ST_H1_CONTROLLED__reverse	reverse	row_softmax	random_gate	0.8	0.07554920078427992	0.15905603179266006	0.12362522196854389	0.8940651715925598
HER2ST::H	HER2ST_H1_CONTROLLED__reverse	reverse	row_softmax	top2_margin_gate	0.8	0.06936064571990885	0.19048643288540512	0.10973363774733638	0.9594709655446443
HER2ST::H	HER2ST_H1_CONTROLLED__reverse	reverse	uot	max_probability_gate	0.8	0.1067153952995036	0.21364429630074808	0.19302146752917299	0.91428102905653
HER2ST::H	HER2ST_H1_CONTROLLED__reverse	reverse	uot	oracle_truth	0.8	0.10331768836943758	0.19871093552459243	0.19009053145611365	1.0
HER2ST::H	HER2ST_H1_CONTROLLED__reverse	reverse	uot	random_gate	0.8	0.1142197408410291	0.2208269131479958	0.19931808092338915	0.8988666250402074
HER2ST::H	HER2ST_H1_CONTROLLED__reverse	reverse	uot	top2_margin_gate	0.8	0.09878385609086436	0.1917797094200183	0.1753505517503805	0.9839990413300286
